Store,Dept,Date,Weekly_Sales,IsHoliday
1,1,2023-02-03,62021.61,0
1,1,2023-02-10,69932.46,1
1,1,2023-02-17,57205.03,0
1,1,2023-02-24,53876.62,0
1,1,2023-03-03,57090.47,0
1,1,2023-03-10,60110.8,0
1,1,2023-03-17,63413.89,0
1,1,2023-03-24,63624.04,0
1,1,2023-03-31,55229.85,0
1,1,2023-04-07,65888.69,0
1,1,2023-04-14,61094.72,0
1,1,2023-04-21,56976.96,0
1,1,2023-04-28,68736.64,0
1,1,2023-05-05,69523.55,0
1,1,2023-05-12,63594.83,0
1,1,2023-05-19,65755.11,0
1,1,2023-05-26,65888.61,0
1,1,2023-06-02,68740.51,0
1,1,2023-06-09,65089.1,0
1,1,2023-06-16,54606.19,0
1,1,2023-06-23,70354.34,0
1,1,2023-06-30,65176.17,0
1,1,2023-07-07,57022.21,0
1,1,2023-07-14,53944.27,0
1,1,2023-07-21,60436.52,0
1,1,2023-07-28,56091.52,0
1,1,2023-08-04,58127.46,0
1,1,2023-08-11,59217.95,0
1,1,2023-08-18,52665.03,0
1,1,2023-08-25,49594.95,0
1,1,2023-09-01,55443.02,0
1,1,2023-09-08,58686.48,1
1,1,2023-09-15,46927.11,0
1,1,2023-09-22,51016.08,0
1,1,2023-09-29,54581.94,0
1,1,2023-10-06,53758.0,0
1,1,2023-10-13,47787.23,0
1,1,2023-10-20,46078.05,0
1,1,2023-10-27,50814.29,0
1,1,2023-11-03,53050.6,0
1,1,2023-11-10,52544.02,0
1,1,2023-11-17,49023.06,0
1,1,2023-11-24,69698.59,1
1,1,2023-12-01,52708.22,0
1,1,2023-12-08,45524.13,0
1,1,2023-12-15,53820.41,0
1,1,2023-12-22,62400.5,0
1,1,2023-12-29,57641.54,1
1,1,2024-01-05,54173.59,0
1,1,2024-01-12,56452.72,0
1,1,2024-01-19,57796.33,0
1,1,2024-01-26,63101.42,0
1,1,2024-02-02,59156.68,0
1,1,2024-02-09,72519.67,1
1,1,2024-02-16,58915.92,0
1,1,2024-02-23,58221.03,0
1,1,2024-03-01,53312.16,0
1,1,2024-03-08,64594.58,0
1,1,2024-03-15,74473.87,0
1,1,2024-03-22,67029.95,0
1,1,2024-03-29,68866.11,0
1,1,2024-04-05,63640.79,0
1,1,2024-04-12,64965.09,0
1,1,2024-04-19,71855.21,0
1,1,2024-04-26,77599.11,0
1,1,2024-05-03,74974.89,0
1,1,2024-05-10,71357.31,0
1,1,2024-05-17,67161.85,0
1,1,2024-05-24,67926.69,0
1,1,2024-05-31,62528.06,0
1,1,2024-06-07,58511.05,0
1,1,2024-06-14,59803.79,0
1,1,2024-06-21,65458.88,0
1,1,2024-06-28,63088.59,0
1,1,2024-07-05,56418.15,0
1,1,2024-07-12,63030.19,0
1,1,2024-07-19,60872.9,0
1,1,2024-07-26,55894.15,0
1,1,2024-08-02,59080.86,0
1,1,2024-08-09,58541.1,0
1,1,2024-08-16,56369.22,0
1,1,2024-08-23,62866.87,0
1,1,2024-08-30,48998.78,0
1,1,2024-09-06,55852.82,1
1,1,2024-09-13,56925.03,0
1,1,2024-09-20,57744.96,0
1,1,2024-09-27,53069.26,0
1,1,2024-10-04,51028.17,0
1,1,2024-10-11,54746.41,0
1,1,2024-10-18,52656.43,0
1,1,2024-10-25,61257.44,0
1,1,2024-11-01,53099.19,0
1,1,2024-11-08,54406.91,0
1,1,2024-11-15,65740.46,0
1,1,2024-11-22,54353.71,0
1,1,2024-11-29,74664.53,1
1,1,2024-12-06,59485.7,0
1,1,2024-12-13,58145.24,0
1,1,2024-12-20,58436.51,0
1,1,2024-12-27,77325.02,1
1,1,2025-01-03,60728.33,0
1,1,2025-01-10,69846.28,0
1,1,2025-01-17,66953.46,0
1,1,2025-01-24,63525.55,0
1,2,2023-02-03,36237.29,0
1,2,2023-02-10,32061.44,1
1,2,2023-02-17,34264.57,0
1,2,2023-02-24,38210.75,0
1,2,2023-03-03,40307.01,0
1,2,2023-03-10,34248.0,0
1,2,2023-03-17,35514.32,0
1,2,2023-03-24,43867.53,0
1,2,2023-03-31,38002.23,0
1,2,2023-04-07,43572.12,0
1,2,2023-04-14,38919.98,0
1,2,2023-04-21,39249.67,0
1,2,2023-04-28,37694.29,0
1,2,2023-05-05,41645.86,0
1,2,2023-05-12,42961.83,0
1,2,2023-05-19,35512.88,0
1,2,2023-05-26,37536.79,0
1,2,2023-06-02,41292.28,0
1,2,2023-06-09,37874.15,0
1,2,2023-06-16,36514.47,0
1,2,2023-06-23,40758.23,0
1,2,2023-06-30,40667.05,0
1,2,2023-07-07,35657.68,0
1,2,2023-07-14,37199.72,0
1,2,2023-07-21,32650.77,0
1,2,2023-07-28,33138.81,0
1,2,2023-08-04,35587.95,0
1,2,2023-08-11,34865.75,0
1,2,2023-08-18,31669.77,0
1,2,2023-08-25,31943.75,0
1,2,2023-09-01,30613.63,0
1,2,2023-09-08,40445.15,1
1,2,2023-09-15,30067.34,0
1,2,2023-09-22,27568.65,0
1,2,2023-09-29,33201.56,0
1,2,2023-10-06,27301.94,0
1,2,2023-10-13,31816.37,0
1,2,2023-10-20,35774.86,0
1,2,2023-10-27,35805.45,0
1,2,2023-11-03,27027.28,0
1,2,2023-11-10,32423.58,0
1,2,2023-11-17,29289.98,0
1,2,2023-11-24,58807.39,1
1,2,2023-12-01,35437.31,0
1,2,2023-12-08,34146.28,0
1,2,2023-12-15,31067.32,0
1,2,2023-12-22,35252.55,0
1,2,2023-12-29,49589.72,1
1,2,2024-01-05,32066.9,0
1,2,2024-01-12,35077.16,0
1,2,2024-01-19,34837.25,0
1,2,2024-01-26,35574.43,0
1,2,2024-02-02,36049.59,0
1,2,2024-02-09,37207.64,1
1,2,2024-02-16,39344.93,0
1,2,2024-02-23,38732.74,0
1,2,2024-03-01,37931.38,0
1,2,2024-03-08,40588.47,0
1,2,2024-03-15,42429.79,0
1,2,2024-03-22,38443.01,0
1,2,2024-03-29,40425.43,0
1,2,2024-04-05,44758.44,0
1,2,2024-04-12,37591.38,0
1,2,2024-04-19,47428.91,0
1,2,2024-04-26,37142.49,0
1,2,2024-05-03,40536.78,0
1,2,2024-05-10,38542.15,0
1,2,2024-05-17,48966.51,0
1,2,2024-05-24,39894.22,0
1,2,2024-05-31,39743.22,0
1,2,2024-06-07,39956.1,0
1,2,2024-06-14,41210.74,0
1,2,2024-06-21,39502.4,0
1,2,2024-06-28,39766.73,0
1,2,2024-07-05,28549.44,0
1,2,2024-07-12,39516.11,0
1,2,2024-07-19,38921.94,0
1,2,2024-07-26,41568.46,0
1,2,2024-08-02,41850.64,0
1,2,2024-08-09,36824.09,0
1,2,2024-08-16,39303.34,0
1,2,2024-08-23,33208.1,0
1,2,2024-08-30,38170.49,0
1,2,2024-09-06,38495.04,1
1,2,2024-09-13,34627.84,0
1,2,2024-09-20,38704.15,0
1,2,2024-09-27,35008.53,0
1,2,2024-10-04,38369.68,0
1,2,2024-10-11,32042.77,0
1,2,2024-10-18,36810.94,0
1,2,2024-10-25,32139.13,0
1,2,2024-11-01,34530.74,0
1,2,2024-11-08,34587.18,0
1,2,2024-11-15,35950.46,0
1,2,2024-11-22,35044.51,0
1,2,2024-11-29,64697.33,1
1,2,2024-12-06,39811.42,0
1,2,2024-12-13,33708.87,0
1,2,2024-12-20,30548.38,0
1,2,2024-12-27,60015.27,1
1,2,2025-01-03,36441.22,0
1,2,2025-01-10,39055.28,0
1,2,2025-01-17,36594.52,0
1,2,2025-01-24,37758.81,0
1,3,2023-02-03,26434.25,0
1,3,2023-02-10,30257.01,1
1,3,2023-02-17,27561.33,0
1,3,2023-02-24,25147.95,0
1,3,2023-03-03,25594.83,0
1,3,2023-03-10,28997.1,0
1,3,2023-03-17,26404.36,0
1,3,2023-03-24,25678.34,0
1,3,2023-03-31,31137.22,0
1,3,2023-04-07,31513.16,0
1,3,2023-04-14,29196.22,0
1,3,2023-04-21,30953.9,0
1,3,2023-04-28,30815.78,0
1,3,2023-05-05,31893.79,0
1,3,2023-05-12,31921.45,0
1,3,2023-05-19,24080.07,0
1,3,2023-05-26,29765.0,0
1,3,2023-06-02,31483.38,0
1,3,2023-06-09,29082.51,0
1,3,2023-06-16,29955.39,0
1,3,2023-06-23,31410.74,0
1,3,2023-06-30,29550.9,0
1,3,2023-07-07,32568.02,0
1,3,2023-07-14,31331.25,0
1,3,2023-07-21,28130.44,0
1,3,2023-07-28,27602.5,0
1,3,2023-08-04,21373.6,0
1,3,2023-08-11,26612.1,0
1,3,2023-08-18,24049.72,0
1,3,2023-08-25,27094.8,0
1,3,2023-09-01,26615.47,0
1,3,2023-09-08,31710.72,1
1,3,2023-09-15,25650.49,0
1,3,2023-09-22,30098.53,0
1,3,2023-09-29,25710.21,0
1,3,2023-10-06,22439.18,0
1,3,2023-10-13,23814.05,0
1,3,2023-10-20,24108.51,0
1,3,2023-10-27,25986.57,0
1,3,2023-11-03,22940.79,0
1,3,2023-11-10,24288.54,0
1,3,2023-11-17,24668.81,0
1,3,2023-11-24,41381.43,1
1,3,2023-12-01,26653.11,0
1,3,2023-12-08,27990.3,0
1,3,2023-12-15,25205.66,0
1,3,2023-12-22,28741.96,0
1,3,2023-12-29,38855.48,1
1,3,2024-01-05,24354.05,0
1,3,2024-01-12,27409.2,0
1,3,2024-01-19,30499.96,0
1,3,2024-01-26,26909.43,0
1,3,2024-02-02,27630.72,0
1,3,2024-02-09,28677.95,1
1,3,2024-02-16,30991.38,0
1,3,2024-02-23,28924.48,0
1,3,2024-03-01,29195.56,0
1,3,2024-03-08,27572.3,0
1,3,2024-03-15,29840.73,0
1,3,2024-03-22,34589.05,0
1,3,2024-03-29,32146.65,0
1,3,2024-04-05,30271.99,0
1,3,2024-04-12,35597.38,0
1,3,2024-04-19,31039.54,0
1,3,2024-04-26,36397.91,0
1,3,2024-05-03,36433.38,0
1,3,2024-05-10,32921.34,0
1,3,2024-05-17,28817.3,0
1,3,2024-05-24,38642.77,0
1,3,2024-05-31,33538.07,0
1,3,2024-06-07,31515.37,0
1,3,2024-06-14,34592.05,0
1,3,2024-06-21,33666.01,0
1,3,2024-06-28,34893.09,0
1,3,2024-07-05,29600.37,0
1,3,2024-07-12,31694.49,0
1,3,2024-07-19,27640.89,0
1,3,2024-07-26,31762.94,0
1,3,2024-08-02,29710.82,0
1,3,2024-08-09,30034.67,0
1,3,2024-08-16,28648.91,0
1,3,2024-08-23,28039.14,0
1,3,2024-08-30,26293.85,0
1,3,2024-09-06,34393.72,1
1,3,2024-09-13,26387.72,0
1,3,2024-09-20,28557.55,0
1,3,2024-09-27,28051.54,0
1,3,2024-10-04,26941.7,0
1,3,2024-10-11,23509.94,0
1,3,2024-10-18,23907.12,0
1,3,2024-10-25,24977.6,0
1,3,2024-11-01,22090.37,0
1,3,2024-11-08,29721.56,0
1,3,2024-11-15,27616.27,0
1,3,2024-11-22,26928.81,0
1,3,2024-11-29,36945.96,1
1,3,2024-12-06,27469.17,0
1,3,2024-12-13,32162.84,0
1,3,2024-12-20,26560.32,0
1,3,2024-12-27,48796.55,1
1,3,2025-01-03,29063.74,0
1,3,2025-01-10,32233.99,0
1,3,2025-01-17,29016.51,0
1,3,2025-01-24,28645.85,0
1,4,2023-02-03,24276.07,0
1,4,2023-02-10,22231.92,1
1,4,2023-02-17,24459.89,0
1,4,2023-02-24,21581.01,0
1,4,2023-03-03,25762.53,0
1,4,2023-03-10,23977.18,0
1,4,2023-03-17,24575.5,0
1,4,2023-03-24,24263.32,0
1,4,2023-03-31,23262.96,0
1,4,2023-04-07,24441.6,0
1,4,2023-04-14,23741.22,0
1,4,2023-04-21,26644.09,0
1,4,2023-04-28,24435.59,0
1,4,2023-05-05,21914.68,0
1,4,2023-05-12,21565.23,0
1,4,2023-05-19,21452.33,0
1,4,2023-05-26,26058.51,0
1,4,2023-06-02,22455.79,0
1,4,2023-06-09,25193.28,0
1,4,2023-06-16,24705.19,0
1,4,2023-06-23,24118.22,0
1,4,2023-06-30,24865.01,0
1,4,2023-07-07,24079.26,0
1,4,2023-07-14,18417.15,0
1,4,2023-07-21,22634.63,0
1,4,2023-07-28,23727.84,0
1,4,2023-08-04,25625.53,0
1,4,2023-08-11,25373.92,0
1,4,2023-08-18,19659.6,0
1,4,2023-08-25,21173.5,0
1,4,2023-09-01,18817.82,0
1,4,2023-09-08,26787.59,1
1,4,2023-09-15,21620.82,0
1,4,2023-09-22,21103.34,0
1,4,2023-09-29,22932.56,0
1,4,2023-10-06,22496.48,0
1,4,2023-10-13,22291.67,0
1,4,2023-10-20,21074.21,0
1,4,2023-10-27,19732.97,0
1,4,2023-11-03,21555.08,0
1,4,2023-11-10,21686.75,0
1,4,2023-11-17,20135.16,0
1,4,2023-11-24,27867.77,1
1,4,2023-12-01,23504.35,0
1,4,2023-12-08,19690.56,0
1,4,2023-12-15,20737.45,0
1,4,2023-12-22,22054.65,0
1,4,2023-12-29,27697.95,1
1,4,2024-01-05,25394.43,0
1,4,2024-01-12,23165.9,0
1,4,2024-01-19,23732.51,0
1,4,2024-01-26,26385.85,0
1,4,2024-02-02,22658.9,0
1,4,2024-02-09,23707.48,1
1,4,2024-02-16,21814.51,0
1,4,2024-02-23,24266.4,0
1,4,2024-03-01,21979.92,0
1,4,2024-03-08,26792.54,0
1,4,2024-03-15,26445.02,0
1,4,2024-03-22,25290.55,0
1,4,2024-03-29,25902.08,0
1,4,2024-04-05,27929.92,0
1,4,2024-04-12,24095.84,0
1,4,2024-04-19,27078.53,0
1,4,2024-04-26,28238.8,0
1,4,2024-05-03,22978.65,0
1,4,2024-05-10,28284.84,0
1,4,2024-05-17,23201.64,0
1,4,2024-05-24,26470.95,0
1,4,2024-05-31,24138.48,0
1,4,2024-06-07,29502.15,0
1,4,2024-06-14,23857.74,0
1,4,2024-06-21,22636.74,0
1,4,2024-06-28,26114.68,0
1,4,2024-07-05,24727.18,0
1,4,2024-07-12,22243.75,0
1,4,2024-07-19,26036.68,0
1,4,2024-07-26,20741.8,0
1,4,2024-08-02,22334.67,0
1,4,2024-08-09,22927.57,0
1,4,2024-08-16,25239.86,0
1,4,2024-08-23,25837.47,0
1,4,2024-08-30,25158.58,0
1,4,2024-09-06,27061.62,1
1,4,2024-09-13,23302.79,0
1,4,2024-09-20,25006.72,0
1,4,2024-09-27,24373.9,0
1,4,2024-10-04,22844.8,0
1,4,2024-10-11,19826.3,0
1,4,2024-10-18,20916.32,0
1,4,2024-10-25,25170.42,0
1,4,2024-11-01,19333.89,0
1,4,2024-11-08,19848.8,0
1,4,2024-11-15,23604.54,0
1,4,2024-11-22,21323.8,0
1,4,2024-11-29,24271.48,1
1,4,2024-12-06,23308.11,0
1,4,2024-12-13,22037.34,0
1,4,2024-12-20,20907.82,0
1,4,2024-12-27,32087.55,1
1,4,2025-01-03,26321.32,0
1,4,2025-01-10,25755.89,0
1,4,2025-01-17,23399.04,0
1,4,2025-01-24,23789.11,0
1,5,2023-02-03,16216.89,0
1,5,2023-02-10,16495.27,1
1,5,2023-02-17,12745.47,0
1,5,2023-02-24,15891.29,0
1,5,2023-03-03,15288.05,0
1,5,2023-03-10,14349.28,0
1,5,2023-03-17,16164.49,0
1,5,2023-03-24,14278.75,0
1,5,2023-03-31,15559.09,0
1,5,2023-04-07,15255.6,0
1,5,2023-04-14,15752.39,0
1,5,2023-04-21,16402.07,0
1,5,2023-04-28,15214.02,0
1,5,2023-05-05,18685.53,0
1,5,2023-05-12,17263.6,0
1,5,2023-05-19,18976.06,0
1,5,2023-05-26,16341.95,0
1,5,2023-06-02,15765.61,0
1,5,2023-06-09,18709.05,0
1,5,2023-06-16,15538.69,0
1,5,2023-06-23,15931.95,0
1,5,2023-06-30,16937.52,0
1,5,2023-07-07,14282.44,0
1,5,2023-07-14,16568.45,0
1,5,2023-07-21,16213.73,0
1,5,2023-07-28,16851.77,0
1,5,2023-08-04,16177.28,0
1,5,2023-08-11,16455.11,0
1,5,2023-08-18,14580.68,0
1,5,2023-08-25,13519.75,0
1,5,2023-09-01,16763.06,0
1,5,2023-09-08,13950.74,1
1,5,2023-09-15,14654.52,0
1,5,2023-09-22,15689.36,0
1,5,2023-09-29,13976.5,0
1,5,2023-10-06,14765.74,0
1,5,2023-10-13,11429.46,0
1,5,2023-10-20,13012.6,0
1,5,2023-10-27,11504.54,0
1,5,2023-11-03,14384.44,0
1,5,2023-11-10,11891.92,0
1,5,2023-11-17,12237.86,0
1,5,2023-11-24,29634.89,1
1,5,2023-12-01,13652.71,0
1,5,2023-12-08,14601.18,0
1,5,2023-12-15,14730.13,0
1,5,2023-12-22,14055.11,0
1,5,2023-12-29,25671.75,1
1,5,2024-01-05,15434.31,0
1,5,2024-01-12,16007.96,0
1,5,2024-01-19,15555.4,0
1,5,2024-01-26,13979.18,0
1,5,2024-02-02,16534.18,0
1,5,2024-02-09,15915.84,1
1,5,2024-02-16,15539.45,0
1,5,2024-02-23,16017.13,0
1,5,2024-03-01,15716.13,0
1,5,2024-03-08,18051.79,0
1,5,2024-03-15,15121.81,0
1,5,2024-03-22,15872.14,0
1,5,2024-03-29,16950.05,0
1,5,2024-04-05,19816.61,0
1,5,2024-04-12,19159.68,0
1,5,2024-04-19,15430.63,0
1,5,2024-04-26,19755.55,0
1,5,2024-05-03,19795.3,0
1,5,2024-05-10,16197.97,0
1,5,2024-05-17,14257.03,0
1,5,2024-05-24,17711.97,0
1,5,2024-05-31,19337.04,0
1,5,2024-06-07,19894.01,0
1,5,2024-06-14,16306.6,0
1,5,2024-06-21,19823.29,0
1,5,2024-06-28,14155.74,0
1,5,2024-07-05,16547.05,0
1,5,2024-07-12,16295.71,0
1,5,2024-07-19,18192.67,0
1,5,2024-07-26,18156.83,0
1,5,2024-08-02,17475.11,0
1,5,2024-08-09,14291.23,0
1,5,2024-08-16,16902.97,0
1,5,2024-08-23,16243.05,0
1,5,2024-08-30,13351.99,0
1,5,2024-09-06,13925.58,1
1,5,2024-09-13,14847.12,0
1,5,2024-09-20,13382.69,0
1,5,2024-09-27,14543.19,0
1,5,2024-10-04,15113.66,0
1,5,2024-10-11,14510.77,0
1,5,2024-10-18,12748.67,0
1,5,2024-10-25,16724.18,0
1,5,2024-11-01,15704.7,0
1,5,2024-11-08,14179.57,0
1,5,2024-11-15,14287.52,0
1,5,2024-11-22,15147.17,0
1,5,2024-11-29,23498.54,1
1,5,2024-12-06,13390.6,0
1,5,2024-12-13,15068.92,0
1,5,2024-12-20,13910.56,0
1,5,2024-12-27,26414.34,1
1,5,2025-01-03,15857.98,0
1,5,2025-01-10,16290.85,0
1,5,2025-01-17,13658.44,0
1,5,2025-01-24,15748.19,0
1,6,2023-02-03,18839.25,0
1,6,2023-02-10,18746.01,1
1,6,2023-02-17,15516.24,0
1,6,2023-02-24,19342.55,0
1,6,2023-03-03,19863.07,0
1,6,2023-03-10,21561.07,0
1,6,2023-03-17,18753.77,0
1,6,2023-03-24,16419.86,0
1,6,2023-03-31,18591.75,0
1,6,2023-04-07,18582.9,0
1,6,2023-04-14,21719.4,0
1,6,2023-04-21,16138.86,0
1,6,2023-04-28,19956.79,0
1,6,2023-05-05,23112.31,0
1,6,2023-05-12,20772.22,0
1,6,2023-05-19,22229.54,0
1,6,2023-05-26,17974.61,0
1,6,2023-06-02,17970.33,0
1,6,2023-06-09,22859.54,0
1,6,2023-06-16,20530.05,0
1,6,2023-06-23,20370.01,0
1,6,2023-06-30,18228.02,0
1,6,2023-07-07,19974.86,0
1,6,2023-07-14,17799.09,0
1,6,2023-07-21,21202.07,0
1,6,2023-07-28,23295.98,0
1,6,2023-08-04,19608.31,0
1,6,2023-08-11,17684.88,0
1,6,2023-08-18,14661.11,0
1,6,2023-08-25,15706.28,0
1,6,2023-09-01,20157.66,0
1,6,2023-09-08,17191.38,1
1,6,2023-09-15,18444.61,0
1,6,2023-09-22,19413.57,0
1,6,2023-09-29,16934.87,0
1,6,2023-10-06,16537.57,0
1,6,2023-10-13,17098.74,0
1,6,2023-10-20,16092.13,0
1,6,2023-10-27,16140.19,0
1,6,2023-11-03,17481.59,0
1,6,2023-11-10,17216.25,0
1,6,2023-11-17,19944.82,0
1,6,2023-11-24,22011.02,1
1,6,2023-12-01,15804.28,0
1,6,2023-12-08,18188.61,0
1,6,2023-12-15,16632.13,0
1,6,2023-12-22,18442.55,0
1,6,2023-12-29,22129.0,1
1,6,2024-01-05,18443.67,0
1,6,2024-01-12,22270.74,0
1,6,2024-01-19,21137.81,0
1,6,2024-01-26,21091.28,0
1,6,2024-02-02,20783.59,0
1,6,2024-02-09,22703.84,1
1,6,2024-02-16,17881.92,0
1,6,2024-02-23,22752.51,0
1,6,2024-03-01,19144.48,0
1,6,2024-03-08,20115.64,0
1,6,2024-03-15,22278.7,0
1,6,2024-03-22,23679.59,0
1,6,2024-03-29,19751.75,0
1,6,2024-04-05,21038.94,0
1,6,2024-04-12,22259.09,0
1,6,2024-04-19,21871.76,0
1,6,2024-04-26,23807.82,0
1,6,2024-05-03,28472.0,0
1,6,2024-05-10,23095.85,0
1,6,2024-05-17,21011.48,0
1,6,2024-05-24,19958.9,0
1,6,2024-05-31,21602.57,0
1,6,2024-06-07,20400.03,0
1,6,2024-06-14,22729.12,0
1,6,2024-06-21,22518.95,0
1,6,2024-06-28,20734.66,0
1,6,2024-07-05,24695.47,0
1,6,2024-07-12,19833.14,0
1,6,2024-07-19,20622.44,0
1,6,2024-07-26,21611.86,0
1,6,2024-08-02,21742.95,0
1,6,2024-08-09,22074.92,0
1,6,2024-08-16,20442.29,0
1,6,2024-08-23,21149.53,0
1,6,2024-08-30,18240.69,0
1,6,2024-09-06,24296.49,1
1,6,2024-09-13,21109.24,0
1,6,2024-09-20,16156.69,0
1,6,2024-09-27,17145.19,0
1,6,2024-10-04,19566.31,0
1,6,2024-10-11,14386.49,0
1,6,2024-10-18,18911.06,0
1,6,2024-10-25,19705.23,0
1,6,2024-11-01,17333.19,0
1,6,2024-11-08,17586.32,0
1,6,2024-11-15,16719.43,0
1,6,2024-11-22,17636.75,0
1,6,2024-11-29,23628.33,1
1,6,2024-12-06,17627.0,0
1,6,2024-12-13,18532.35,0
1,6,2024-12-20,18746.96,0
1,6,2024-12-27,30935.05,1
1,6,2025-01-03,20272.18,0
1,6,2025-01-10,19106.74,0
1,6,2025-01-17,19387.38,0
1,6,2025-01-24,17853.87,0
1,7,2023-02-03,14825.89,0
1,7,2023-02-10,17163.24,1
1,7,2023-02-17,19003.32,0
1,7,2023-02-24,15220.45,0
1,7,2023-03-03,17219.57,0
1,7,2023-03-10,16253.83,0
1,7,2023-03-17,18081.24,0
1,7,2023-03-24,20282.0,0
1,7,2023-03-31,18181.8,0
1,7,2023-04-07,18940.42,0
1,7,2023-04-14,21371.82,0
1,7,2023-04-21,19950.81,0
1,7,2023-04-28,18144.54,0
1,7,2023-05-05,19609.05,0
1,7,2023-05-12,18093.44,0
1,7,2023-05-19,20010.62,0
1,7,2023-05-26,20109.16,0
1,7,2023-06-02,17133.72,0
1,7,2023-06-09,19403.51,0
1,7,2023-06-16,18828.69,0
1,7,2023-06-23,19677.87,0
1,7,2023-06-30,19926.8,0
1,7,2023-07-07,19200.5,0
1,7,2023-07-14,17845.53,0
1,7,2023-07-21,19422.03,0
1,7,2023-07-28,16601.41,0
1,7,2023-08-04,15757.67,0
1,7,2023-08-11,12944.11,0
1,7,2023-08-18,17066.09,0
1,7,2023-08-25,15828.78,0
1,7,2023-09-01,17264.92,0
1,7,2023-09-08,15504.13,1
1,7,2023-09-15,16972.81,0
1,7,2023-09-22,14863.93,0
1,7,2023-09-29,16588.23,0
1,7,2023-10-06,15240.64,0
1,7,2023-10-13,15826.26,0
1,7,2023-10-20,16566.24,0
1,7,2023-10-27,16992.47,0
1,7,2023-11-03,15912.56,0
1,7,2023-11-10,14802.68,0
1,7,2023-11-17,15320.47,0
1,7,2023-11-24,22278.29,1
1,7,2023-12-01,15903.51,0
1,7,2023-12-08,15788.65,0
1,7,2023-12-15,16340.05,0
1,7,2023-12-22,15337.98,0
1,7,2023-12-29,19042.42,1
1,7,2024-01-05,18488.74,0
1,7,2024-01-12,14930.46,0
1,7,2024-01-19,18228.5,0
1,7,2024-01-26,19549.82,0
1,7,2024-02-02,19151.79,0
1,7,2024-02-09,21351.43,1
1,7,2024-02-16,18979.78,0
1,7,2024-02-23,19517.11,0
1,7,2024-03-01,19555.91,0
1,7,2024-03-08,19378.94,0
1,7,2024-03-15,18176.17,0
1,7,2024-03-22,20796.55,0
1,7,2024-03-29,21074.24,0
1,7,2024-04-05,20804.89,0
1,7,2024-04-12,20797.35,0
1,7,2024-04-19,23506.48,0
1,7,2024-04-26,19760.61,0
1,7,2024-05-03,22981.15,0
1,7,2024-05-10,19631.75,0
1,7,2024-05-17,22684.71,0
1,7,2024-05-24,22834.79,0
1,7,2024-05-31,20215.73,0
1,7,2024-06-07,23324.48,0
1,7,2024-06-14,21216.28,0
1,7,2024-06-21,18860.59,0
1,7,2024-06-28,19495.46,0
1,7,2024-07-05,21693.05,0
1,7,2024-07-12,21120.51,0
1,7,2024-07-19,17788.39,0
1,7,2024-07-26,18976.05,0
1,7,2024-08-02,19250.06,0
1,7,2024-08-09,17933.66,0
1,7,2024-08-16,21926.67,0
1,7,2024-08-23,18549.08,0
1,7,2024-08-30,17892.5,0
1,7,2024-09-06,22048.78,1
1,7,2024-09-13,18991.29,0
1,7,2024-09-20,15080.56,0
1,7,2024-09-27,16628.21,0
1,7,2024-10-04,18571.57,0
1,7,2024-10-11,19182.96,0
1,7,2024-10-18,15931.35,0
1,7,2024-10-25,15747.22,0
1,7,2024-11-01,17729.55,0
1,7,2024-11-08,16151.65,0
1,7,2024-11-15,16704.99,0
1,7,2024-11-22,18382.05,0
1,7,2024-11-29,21573.76,1
1,7,2024-12-06,15663.84,0
1,7,2024-12-13,17694.26,0
1,7,2024-12-20,15233.81,0
1,7,2024-12-27,21890.16,1
1,7,2025-01-03,20829.53,0
1,7,2025-01-10,21934.11,0
1,7,2025-01-17,17382.97,0
1,7,2025-01-24,19690.71,0
1,8,2023-02-03,17891.11,0
1,8,2023-02-10,19202.71,1
1,8,2023-02-17,22881.55,0
1,8,2023-02-24,19537.99,0
1,8,2023-03-03,20112.65,0
1,8,2023-03-10,19283.86,0
1,8,2023-03-17,23046.34,0
1,8,2023-03-24,15770.91,0
1,8,2023-03-31,20786.24,0
1,8,2023-04-07,21649.03,0
1,8,2023-04-14,20720.9,0
1,8,2023-04-21,23514.71,0
1,8,2023-04-28,24202.37,0
1,8,2023-05-05,19629.25,0
1,8,2023-05-12,25852.95,0
1,8,2023-05-19,19605.86,0
1,8,2023-05-26,24347.34,0
1,8,2023-06-02,22249.6,0
1,8,2023-06-09,20987.78,0
1,8,2023-06-16,21011.42,0
1,8,2023-06-23,21492.2,0
1,8,2023-06-30,21709.36,0
1,8,2023-07-07,19580.23,0
1,8,2023-07-14,20510.69,0
1,8,2023-07-21,19380.99,0
1,8,2023-07-28,18414.98,0
1,8,2023-08-04,18819.37,0
1,8,2023-08-11,18045.05,0
1,8,2023-08-18,18954.89,0
1,8,2023-08-25,20032.53,0
1,8,2023-09-01,19307.5,0
1,8,2023-09-08,24119.93,1
1,8,2023-09-15,19396.1,0
1,8,2023-09-22,18522.04,0
1,8,2023-09-29,19554.82,0
1,8,2023-10-06,19275.16,0
1,8,2023-10-13,17895.38,0
1,8,2023-10-20,18321.99,0
1,8,2023-10-27,16970.44,0
1,8,2023-11-03,18938.47,0
1,8,2023-11-10,15375.79,0
1,8,2023-11-17,19304.62,0
1,8,2023-11-24,21109.3,1
1,8,2023-12-01,18095.1,0
1,8,2023-12-08,18381.83,0
1,8,2023-12-15,20784.31,0
1,8,2023-12-22,24001.49,0
1,8,2023-12-29,27695.2,1
1,8,2024-01-05,20605.27,0
1,8,2024-01-12,20992.26,0
1,8,2024-01-19,18737.67,0
1,8,2024-01-26,18487.09,0
1,8,2024-02-02,20786.02,0
1,8,2024-02-09,22594.85,1
1,8,2024-02-16,18772.6,0
1,8,2024-02-23,20610.32,0
1,8,2024-03-01,23195.71,0
1,8,2024-03-08,22546.2,0
1,8,2024-03-15,25319.32,0
1,8,2024-03-22,20394.28,0
1,8,2024-03-29,27578.15,0
1,8,2024-04-05,20521.81,0
1,8,2024-04-12,19734.76,0
1,8,2024-04-19,23571.36,0
1,8,2024-04-26,21613.55,0
1,8,2024-05-03,23748.2,0
1,8,2024-05-10,23695.4,0
1,8,2024-05-17,23439.85,0
1,8,2024-05-24,22152.4,0
1,8,2024-05-31,24477.21,0
1,8,2024-06-07,22932.6,0
1,8,2024-06-14,25433.69,0
1,8,2024-06-21,22847.4,0
1,8,2024-06-28,21195.54,0
1,8,2024-07-05,19662.85,0
1,8,2024-07-12,22168.36,0
1,8,2024-07-19,19954.4,0
1,8,2024-07-26,19562.73,0
1,8,2024-08-02,22561.06,0
1,8,2024-08-09,18325.01,0
1,8,2024-08-16,23464.2,0
1,8,2024-08-23,21075.84,0
1,8,2024-08-30,20478.11,0
1,8,2024-09-06,21176.29,1
1,8,2024-09-13,20080.88,0
1,8,2024-09-20,18796.78,0
1,8,2024-09-27,20034.56,0
1,8,2024-10-04,16945.19,0
1,8,2024-10-11,16928.72,0
1,8,2024-10-18,17668.66,0
1,8,2024-10-25,19917.92,0
1,8,2024-11-01,19377.41,0
1,8,2024-11-08,21057.65,0
1,8,2024-11-15,18074.66,0
1,8,2024-11-22,20534.17,0
1,8,2024-11-29,24317.87,1
1,8,2024-12-06,20597.24,0
1,8,2024-12-13,20099.21,0
1,8,2024-12-20,19430.4,0
1,8,2024-12-27,24097.42,1
1,8,2025-01-03,20785.53,0
1,8,2025-01-10,20661.35,0
1,8,2025-01-17,19437.82,0
1,8,2025-01-24,22182.62,0
1,9,2023-02-03,10201.27,0
1,9,2023-02-10,10171.53,1
1,9,2023-02-17,11031.44,0
1,9,2023-02-24,12086.74,0
1,9,2023-03-03,11750.24,0
1,9,2023-03-10,11233.28,0
1,9,2023-03-17,11331.95,0
1,9,2023-03-24,12615.89,0
1,9,2023-03-31,9797.46,0
1,9,2023-04-07,13002.11,0
1,9,2023-04-14,10461.36,0
1,9,2023-04-21,10971.35,0
1,9,2023-04-28,11908.59,0
1,9,2023-05-05,14608.59,0
1,9,2023-05-12,14127.68,0
1,9,2023-05-19,13148.73,0
1,9,2023-05-26,12769.59,0
1,9,2023-06-02,10524.68,0
1,9,2023-06-09,12455.59,0
1,9,2023-06-16,11682.21,0
1,9,2023-06-23,11329.89,0
1,9,2023-06-30,12159.99,0
1,9,2023-07-07,11440.98,0
1,9,2023-07-14,12574.95,0
1,9,2023-07-21,9818.74,0
1,9,2023-07-28,11542.57,0
1,9,2023-08-04,10529.91,0
1,9,2023-08-11,10812.42,0
1,9,2023-08-18,11301.84,0
1,9,2023-08-25,9917.94,0
1,9,2023-09-01,10897.92,0
1,9,2023-09-08,12029.82,1
1,9,2023-09-15,10119.62,0
1,9,2023-09-22,10284.55,0
1,9,2023-09-29,9691.51,0
1,9,2023-10-06,10260.34,0
1,9,2023-10-13,9973.79,0
1,9,2023-10-20,9668.58,0
1,9,2023-10-27,11441.02,0
1,9,2023-11-03,10491.69,0
1,9,2023-11-10,9867.22,0
1,9,2023-11-17,10342.79,0
1,9,2023-11-24,12404.17,1
1,9,2023-12-01,10105.86,0
1,9,2023-12-08,9428.53,0
1,9,2023-12-15,10920.12,0
1,9,2023-12-22,10292.33,0
1,9,2023-12-29,13952.25,1
1,9,2024-01-05,13646.69,0
1,9,2024-01-12,10610.65,0
1,9,2024-01-19,9498.66,0
1,9,2024-01-26,10085.21,0
1,9,2024-02-02,12465.47,0
1,9,2024-02-09,13214.58,1
1,9,2024-02-16,11461.53,0
1,9,2024-02-23,13561.61,0
1,9,2024-03-01,13216.2,0
1,9,2024-03-08,12448.44,0
1,9,2024-03-15,12526.14,0
1,9,2024-03-22,13119.04,0
1,9,2024-03-29,13972.41,0
1,9,2024-04-05,13581.47,0
1,9,2024-04-12,12534.52,0
1,9,2024-04-19,13136.02,0
1,9,2024-04-26,15490.48,0
1,9,2024-05-03,13669.21,0
1,9,2024-05-10,14340.2,0
1,9,2024-05-17,13973.23,0
1,9,2024-05-24,13653.36,0
1,9,2024-05-31,13423.54,0
1,9,2024-06-07,14185.8,0
1,9,2024-06-14,13901.54,0
1,9,2024-06-21,13315.11,0
1,9,2024-06-28,12202.46,0
1,9,2024-07-05,13181.19,0
1,9,2024-07-12,12576.01,0
1,9,2024-07-19,12184.75,0
1,9,2024-07-26,14980.02,0
1,9,2024-08-02,10677.52,0
1,9,2024-08-09,12938.22,0
1,9,2024-08-16,11040.43,0
1,9,2024-08-23,11828.45,0
1,9,2024-08-30,13934.8,0
1,9,2024-09-06,11763.0,1
1,9,2024-09-13,11282.29,0
1,9,2024-09-20,10428.99,0
1,9,2024-09-27,11876.61,0
1,9,2024-10-04,10543.47,0
1,9,2024-10-11,11528.9,0
1,9,2024-10-18,9756.09,0
1,9,2024-10-25,9323.65,0
1,9,2024-11-01,10702.91,0
1,9,2024-11-08,9556.64,0
1,9,2024-11-15,12307.74,0
1,9,2024-11-22,9691.33,0
1,9,2024-11-29,13425.71,1
1,9,2024-12-06,10712.26,0
1,9,2024-12-13,9985.21,0
1,9,2024-12-20,13387.04,0
1,9,2024-12-27,14071.59,1
1,9,2025-01-03,11639.3,0
1,9,2025-01-10,12701.68,0
1,9,2025-01-17,12659.83,0
1,9,2025-01-24,11583.12,0
1,10,2023-02-03,12976.54,0
1,10,2023-02-10,13291.09,1
1,10,2023-02-17,14571.3,0
1,10,2023-02-24,12649.16,0
1,10,2023-03-03,16435.98,0
1,10,2023-03-10,13467.97,0
1,10,2023-03-17,14503.38,0
1,10,2023-03-24,13311.42,0
1,10,2023-03-31,13276.74,0
1,10,2023-04-07,13893.53,0
1,10,2023-04-14,13873.27,0
1,10,2023-04-21,14620.56,0
1,10,2023-04-28,13990.63,0
1,10,2023-05-05,16060.25,0
1,10,2023-05-12,14270.55,0
1,10,2023-05-19,14123.29,0
1,10,2023-05-26,14697.41,0
1,10,2023-06-02,16316.0,0
1,10,2023-06-09,15293.4,0
1,10,2023-06-16,14815.34,0
1,10,2023-06-23,13117.09,0
1,10,2023-06-30,13338.38,0
1,10,2023-07-07,13044.94,0
1,10,2023-07-14,15872.4,0
1,10,2023-07-21,14802.62,0
1,10,2023-07-28,13056.8,0
1,10,2023-08-04,13218.44,0
1,10,2023-08-11,12760.86,0
1,10,2023-08-18,12529.09,0
1,10,2023-08-25,13802.0,0
1,10,2023-09-01,12844.53,0
1,10,2023-09-08,17256.71,1
1,10,2023-09-15,14198.64,0
1,10,2023-09-22,13410.94,0
1,10,2023-09-29,12193.68,0
1,10,2023-10-06,13132.68,0
1,10,2023-10-13,12119.71,0
1,10,2023-10-20,14045.22,0
1,10,2023-10-27,12806.85,0
1,10,2023-11-03,12671.38,0
1,10,2023-11-10,12567.31,0
1,10,2023-11-17,14235.01,0
1,10,2023-11-24,17334.34,1
1,10,2023-12-01,12487.42,0
1,10,2023-12-08,11360.58,0
1,10,2023-12-15,12166.63,0
1,10,2023-12-22,11378.45,0
1,10,2023-12-29,25591.75,1
1,10,2024-01-05,13668.61,0
1,10,2024-01-12,14937.11,0
1,10,2024-01-19,13163.88,0
1,10,2024-01-26,13832.47,0
1,10,2024-02-02,12865.47,0
1,10,2024-02-09,14137.8,1
1,10,2024-02-16,17867.78,0
1,10,2024-02-23,15972.61,0
1,10,2024-03-01,14925.55,0
1,10,2024-03-08,14692.95,0
1,10,2024-03-15,15582.17,0
1,10,2024-03-22,15970.12,0
1,10,2024-03-29,15422.27,0
1,10,2024-04-05,16770.45,0
1,10,2024-04-12,14961.52,0
1,10,2024-04-19,15033.69,0
1,10,2024-04-26,16826.5,0
1,10,2024-05-03,14846.5,0
1,10,2024-05-10,17342.97,0
1,10,2024-05-17,16352.6,0
1,10,2024-05-24,13942.29,0
1,10,2024-05-31,16407.59,0
1,10,2024-06-07,13996.02,0
1,10,2024-06-14,16958.27,0
1,10,2024-06-21,15620.45,0
1,10,2024-06-28,18128.88,0
1,10,2024-07-05,16967.72,0
1,10,2024-07-12,14142.21,0
1,10,2024-07-19,12800.64,0
1,10,2024-07-26,14166.91,0
1,10,2024-08-02,13428.68,0
1,10,2024-08-09,16832.35,0
1,10,2024-08-16,14482.19,0
1,10,2024-08-23,15375.18,0
1,10,2024-08-30,13806.09,0
1,10,2024-09-06,15226.34,1
1,10,2024-09-13,15031.21,0
1,10,2024-09-20,14014.15,0
1,10,2024-09-27,12410.29,0
1,10,2024-10-04,15209.53,0
1,10,2024-10-11,13076.62,0
1,10,2024-10-18,12856.69,0
1,10,2024-10-25,10305.72,0
1,10,2024-11-01,14001.73,0
1,10,2024-11-08,13464.23,0
1,10,2024-11-15,13520.79,0
1,10,2024-11-22,13061.81,0
1,10,2024-11-29,25725.46,1
1,10,2024-12-06,14246.16,0
1,10,2024-12-13,14601.83,0
1,10,2024-12-20,13806.37,0
1,10,2024-12-27,24239.23,1
1,10,2025-01-03,13884.33,0
1,10,2025-01-10,14922.72,0
1,10,2025-01-17,13298.52,0
1,10,2025-01-24,15442.12,0
2,1,2023-02-03,76768.03,0
2,1,2023-02-10,102064.2,1
2,1,2023-02-17,88766.5,0
2,1,2023-02-24,90424.69,0
2,1,2023-03-03,104987.6,0
2,1,2023-03-10,93360.68,0
2,1,2023-03-17,100303.03,0
2,1,2023-03-24,114588.76,0
2,1,2023-03-31,100522.93,0
2,1,2023-04-07,92174.43,0
2,1,2023-04-14,93895.69,0
2,1,2023-04-21,99394.04,0
2,1,2023-04-28,94716.91,0
2,1,2023-05-05,95529.05,0
2,1,2023-05-12,107949.29,0
2,1,2023-05-19,108182.7,0
2,1,2023-05-26,86595.24,0
2,1,2023-06-02,92844.89,0
2,1,2023-06-09,95150.45,0
2,1,2023-06-16,102862.48,0
2,1,2023-06-23,106281.71,0
2,1,2023-06-30,117345.06,0
2,1,2023-07-07,91948.88,0
2,1,2023-07-14,91307.25,0
2,1,2023-07-21,97724.75,0
2,1,2023-07-28,87139.94,0
2,1,2023-08-04,89961.47,0
2,1,2023-08-11,86819.24,0
2,1,2023-08-18,70041.21,0
2,1,2023-08-25,88355.64,0
2,1,2023-09-01,85148.96,0
2,1,2023-09-08,104086.04,1
2,1,2023-09-15,75993.31,0
2,1,2023-09-22,81924.59,0
2,1,2023-09-29,69072.63,0
2,1,2023-10-06,74396.21,0
2,1,2023-10-13,86110.86,0
2,1,2023-10-20,80047.0,0
2,1,2023-10-27,87554.65,0
2,1,2023-11-03,68736.33,0
2,1,2023-11-10,80182.52,0
2,1,2023-11-17,79002.9,0
2,1,2023-11-24,111286.52,1
2,1,2023-12-01,87596.25,0
2,1,2023-12-08,94507.36,0
2,1,2023-12-15,82581.0,0
2,1,2023-12-22,95368.35,0
2,1,2023-12-29,109449.59,1
2,1,2024-01-05,93980.18,0
2,1,2024-01-12,79173.3,0
2,1,2024-01-19,95626.36,0
2,1,2024-01-26,93660.93,0
2,1,2024-02-02,102497.72,0
2,1,2024-02-09,117008.65,1
2,1,2024-02-16,101351.7,0
2,1,2024-02-23,93591.56,0
2,1,2024-03-01,94559.92,0
2,1,2024-03-08,105393.51,0
2,1,2024-03-15,102525.01,0
2,1,2024-03-22,100499.25,0
2,1,2024-03-29,104185.94,0
2,1,2024-04-05,119230.32,0
2,1,2024-04-12,102683.04,0
2,1,2024-04-19,102974.24,0
2,1,2024-04-26,92740.58,0
2,1,2024-05-03,107279.04,0
2,1,2024-05-10,113366.74,0
2,1,2024-05-17,114800.08,0
2,1,2024-05-24,108261.8,0
2,1,2024-05-31,115078.55,0
2,1,2024-06-07,112543.62,0
2,1,2024-06-14,115004.62,0
2,1,2024-06-21,112999.69,0
2,1,2024-06-28,116819.81,0
2,1,2024-07-05,101323.98,0
2,1,2024-07-12,90786.62,0
2,1,2024-07-19,105685.74,0
2,1,2024-07-26,105288.0,0
2,1,2024-08-02,110104.09,0
2,1,2024-08-09,106427.66,0
2,1,2024-08-16,110090.91,0
2,1,2024-08-23,98695.99,0
2,1,2024-08-30,94559.06,0
2,1,2024-09-06,92444.14,1
2,1,2024-09-13,86748.14,0
2,1,2024-09-20,91389.58,0
2,1,2024-09-27,89493.51,0
2,1,2024-10-04,91820.29,0
2,1,2024-10-11,87323.69,0
2,1,2024-10-18,94257.59,0
2,1,2024-10-25,68480.23,0
2,1,2024-11-01,88913.93,0
2,1,2024-11-08,96230.4,0
2,1,2024-11-15,101351.23,0
2,1,2024-11-22,93903.19,0
2,1,2024-11-29,129848.38,1
2,1,2024-12-06,90309.45,0
2,1,2024-12-13,95170.65,0
2,1,2024-12-20,92428.79,0
2,1,2024-12-27,121368.24,1
2,1,2025-01-03,86631.34,0
2,1,2025-01-10,100629.54,0
2,1,2025-01-17,98160.47,0
2,1,2025-01-24,96767.83,0
2,2,2023-02-03,52019.12,0
2,2,2023-02-10,57597.26,1
2,2,2023-02-17,59732.65,0
2,2,2023-02-24,51902.77,0
2,2,2023-03-03,51911.44,0
2,2,2023-03-10,63118.15,0
2,2,2023-03-17,52825.12,0
2,2,2023-03-24,62635.46,0
2,2,2023-03-31,68426.45,0
2,2,2023-04-07,69006.8,0
2,2,2023-04-14,65143.29,0
2,2,2023-04-21,65348.66,0
2,2,2023-04-28,73261.6,0
2,2,2023-05-05,50598.81,0
2,2,2023-05-12,59948.22,0
2,2,2023-05-19,66429.52,0
2,2,2023-05-26,60383.17,0
2,2,2023-06-02,67947.32,0
2,2,2023-06-09,61293.57,0
2,2,2023-06-16,61719.83,0
2,2,2023-06-23,59258.71,0
2,2,2023-06-30,57527.61,0
2,2,2023-07-07,56825.47,0
2,2,2023-07-14,60042.79,0
2,2,2023-07-21,54473.7,0
2,2,2023-07-28,61723.78,0
2,2,2023-08-04,59573.03,0
2,2,2023-08-11,60790.61,0
2,2,2023-08-18,50166.81,0
2,2,2023-08-25,47038.56,0
2,2,2023-09-01,53747.96,0
2,2,2023-09-08,75688.38,1
2,2,2023-09-15,50229.39,0
2,2,2023-09-22,53817.7,0
2,2,2023-09-29,54616.84,0
2,2,2023-10-06,45645.27,0
2,2,2023-10-13,56574.58,0
2,2,2023-10-20,50131.88,0
2,2,2023-10-27,50366.18,0
2,2,2023-11-03,50852.34,0
2,2,2023-11-10,55536.8,0
2,2,2023-11-17,48014.04,0
2,2,2023-11-24,77600.64,1
2,2,2023-12-01,43365.17,0
2,2,2023-12-08,51088.24,0
2,2,2023-12-15,57969.65,0
2,2,2023-12-22,56097.79,0
2,2,2023-12-29,89770.56,1
2,2,2024-01-05,65790.51,0
2,2,2024-01-12,53369.7,0
2,2,2024-01-19,58706.0,0
2,2,2024-01-26,55783.17,0
2,2,2024-02-02,63235.71,0
2,2,2024-02-09,59378.15,1
2,2,2024-02-16,68926.8,0
2,2,2024-02-23,58883.31,0
2,2,2024-03-01,69380.35,0
2,2,2024-03-08,66178.2,0
2,2,2024-03-15,63777.11,0
2,2,2024-03-22,67444.18,0
2,2,2024-03-29,66622.99,0
2,2,2024-04-05,67668.26,0
2,2,2024-04-12,65143.05,0
2,2,2024-04-19,62849.95,0
2,2,2024-04-26,65043.0,0
2,2,2024-05-03,57959.6,0
2,2,2024-05-10,71531.51,0
2,2,2024-05-17,60336.56,0
2,2,2024-05-24,65621.88,0
2,2,2024-05-31,69966.55,0
2,2,2024-06-07,70599.62,0
2,2,2024-06-14,56379.33,0
2,2,2024-06-21,64699.57,0
2,2,2024-06-28,66952.23,0
2,2,2024-07-05,64179.65,0
2,2,2024-07-12,69994.47,0
2,2,2024-07-19,58339.0,0
2,2,2024-07-26,51554.24,0
2,2,2024-08-02,64810.25,0
2,2,2024-08-09,57484.02,0
2,2,2024-08-16,50936.43,0
2,2,2024-08-23,57767.5,0
2,2,2024-08-30,63467.16,0
2,2,2024-09-06,57431.43,1
2,2,2024-09-13,52687.33,0
2,2,2024-09-20,56307.68,0
2,2,2024-09-27,50035.66,0
2,2,2024-10-04,55238.19,0
2,2,2024-10-11,54175.2,0
2,2,2024-10-18,48065.2,0
2,2,2024-10-25,66793.75,0
2,2,2024-11-01,52336.41,0
2,2,2024-11-08,52461.41,0
2,2,2024-11-15,59108.89,0
2,2,2024-11-22,63207.76,0
2,2,2024-11-29,103233.07,1
2,2,2024-12-06,57141.07,0
2,2,2024-12-13,48260.52,0
2,2,2024-12-20,61675.66,0
2,2,2024-12-27,79231.76,1
2,2,2025-01-03,59153.13,0
2,2,2025-01-10,62213.26,0
2,2,2025-01-17,59748.19,0
2,2,2025-01-24,69532.48,0
2,3,2023-02-03,45290.21,0
2,3,2023-02-10,45741.01,1
2,3,2023-02-17,39830.04,0
2,3,2023-02-24,50931.14,0
2,3,2023-03-03,42550.49,0
2,3,2023-03-10,52479.06,0
2,3,2023-03-17,54180.45,0
2,3,2023-03-24,49082.2,0
2,3,2023-03-31,51536.09,0
2,3,2023-04-07,36162.77,0
2,3,2023-04-14,47577.07,0
2,3,2023-04-21,52874.43,0
2,3,2023-04-28,52383.12,0
2,3,2023-05-05,44115.53,0
2,3,2023-05-12,47769.87,0
2,3,2023-05-19,38959.32,0
2,3,2023-05-26,50370.59,0
2,3,2023-06-02,41252.06,0
2,3,2023-06-09,52680.52,0
2,3,2023-06-16,52528.94,0
2,3,2023-06-23,45799.88,0
2,3,2023-06-30,49139.27,0
2,3,2023-07-07,45881.3,0
2,3,2023-07-14,47068.4,0
2,3,2023-07-21,41440.33,0
2,3,2023-07-28,47305.07,0
2,3,2023-08-04,38642.43,0
2,3,2023-08-11,37475.56,0
2,3,2023-08-18,42907.44,0
2,3,2023-08-25,42051.53,0
2,3,2023-09-01,43164.95,0
2,3,2023-09-08,42171.88,1
2,3,2023-09-15,41828.35,0
2,3,2023-09-22,41658.37,0
2,3,2023-09-29,41192.65,0
2,3,2023-10-06,43504.05,0
2,3,2023-10-13,41907.98,0
2,3,2023-10-20,41335.85,0
2,3,2023-10-27,42209.67,0
2,3,2023-11-03,34058.35,0
2,3,2023-11-10,34261.3,0
2,3,2023-11-17,39906.72,0
2,3,2023-11-24,63511.03,1
2,3,2023-12-01,40797.24,0
2,3,2023-12-08,43046.19,0
2,3,2023-12-15,37452.74,0
2,3,2023-12-22,42089.06,0
2,3,2023-12-29,59716.35,1
2,3,2024-01-05,36824.36,0
2,3,2024-01-12,45230.3,0
2,3,2024-01-19,39448.93,0
2,3,2024-01-26,44028.01,0
2,3,2024-02-02,49456.75,0
2,3,2024-02-09,47738.08,1
2,3,2024-02-16,41342.04,0
2,3,2024-02-23,45718.21,0
2,3,2024-03-01,43112.38,0
2,3,2024-03-08,42911.16,0
2,3,2024-03-15,50713.98,0
2,3,2024-03-22,53064.4,0
2,3,2024-03-29,53082.29,0
2,3,2024-04-05,54188.08,0
2,3,2024-04-12,51995.56,0
2,3,2024-04-19,51174.32,0
2,3,2024-04-26,48004.86,0
2,3,2024-05-03,50773.07,0
2,3,2024-05-10,47090.38,0
2,3,2024-05-17,49048.58,0
2,3,2024-05-24,52847.01,0
2,3,2024-05-31,51771.6,0
2,3,2024-06-07,64725.05,0
2,3,2024-06-14,46069.32,0
2,3,2024-06-21,50699.15,0
2,3,2024-06-28,44960.04,0
2,3,2024-07-05,48660.0,0
2,3,2024-07-12,48277.48,0
2,3,2024-07-19,52379.65,0
2,3,2024-07-26,46705.92,0
2,3,2024-08-02,47090.27,0
2,3,2024-08-09,45569.12,0
2,3,2024-08-16,41353.45,0
2,3,2024-08-23,43573.45,0
2,3,2024-08-30,44010.75,0
2,3,2024-09-06,49489.8,1
2,3,2024-09-13,43538.68,0
2,3,2024-09-20,43049.55,0
2,3,2024-09-27,37565.38,0
2,3,2024-10-04,45125.24,0
2,3,2024-10-11,40631.24,0
2,3,2024-10-18,45437.01,0
2,3,2024-10-25,47312.16,0
2,3,2024-11-01,42174.52,0
2,3,2024-11-08,39403.93,0
2,3,2024-11-15,43043.78,0
2,3,2024-11-22,44578.51,0
2,3,2024-11-29,84610.28,1
2,3,2024-12-06,46131.17,0
2,3,2024-12-13,46414.18,0
2,3,2024-12-20,43946.81,0
2,3,2024-12-27,75547.24,1
2,3,2025-01-03,43635.56,0
2,3,2025-01-10,48010.83,0
2,3,2025-01-17,48525.66,0
2,3,2025-01-24,41351.49,0
2,4,2023-02-03,35256.1,0
2,4,2023-02-10,37053.79,1
2,4,2023-02-17,37985.23,0
2,4,2023-02-24,37028.23,0
2,4,2023-03-03,31319.45,0
2,4,2023-03-10,41548.76,0
2,4,2023-03-17,39411.31,0
2,4,2023-03-24,34862.52,0
2,4,2023-03-31,36495.45,0
2,4,2023-04-07,40000.49,0
2,4,2023-04-14,41694.07,0
2,4,2023-04-21,38203.59,0
2,4,2023-04-28,42542.9,0
2,4,2023-05-05,34260.9,0
2,4,2023-05-12,36686.99,0
2,4,2023-05-19,33385.84,0
2,4,2023-05-26,37030.11,0
2,4,2023-06-02,44533.38,0
2,4,2023-06-09,46034.63,0
2,4,2023-06-16,40000.08,0
2,4,2023-06-23,36961.4,0
2,4,2023-06-30,37911.01,0
2,4,2023-07-07,39649.38,0
2,4,2023-07-14,33055.5,0
2,4,2023-07-21,35622.29,0
2,4,2023-07-28,41100.29,0
2,4,2023-08-04,33350.32,0
2,4,2023-08-11,33767.94,0
2,4,2023-08-18,35489.31,0
2,4,2023-08-25,35789.97,0
2,4,2023-09-01,32835.63,0
2,4,2023-09-08,40985.98,1
2,4,2023-09-15,39091.11,0
2,4,2023-09-22,33122.79,0
2,4,2023-09-29,33069.93,0
2,4,2023-10-06,36976.94,0
2,4,2023-10-13,31337.86,0
2,4,2023-10-20,29204.34,0
2,4,2023-10-27,33267.81,0
2,4,2023-11-03,35437.84,0
2,4,2023-11-10,33652.14,0
2,4,2023-11-17,32595.88,0
2,4,2023-11-24,33668.9,1
2,4,2023-12-01,36613.9,0
2,4,2023-12-08,30330.54,0
2,4,2023-12-15,33368.23,0
2,4,2023-12-22,33397.72,0
2,4,2023-12-29,38010.62,1
2,4,2024-01-05,36714.33,0
2,4,2024-01-12,37250.04,0
2,4,2024-01-19,33716.53,0
2,4,2024-01-26,32269.57,0
2,4,2024-02-02,38553.78,0
2,4,2024-02-09,36808.04,1
2,4,2024-02-16,44682.38,0
2,4,2024-02-23,45492.23,0
2,4,2024-03-01,46473.21,0
2,4,2024-03-08,37561.18,0
2,4,2024-03-15,42978.69,0
2,4,2024-03-22,44449.04,0
2,4,2024-03-29,44497.39,0
2,4,2024-04-05,41097.39,0
2,4,2024-04-12,46939.99,0
2,4,2024-04-19,42807.75,0
2,4,2024-04-26,43405.39,0
2,4,2024-05-03,37760.28,0
2,4,2024-05-10,45304.93,0
2,4,2024-05-17,42144.12,0
2,4,2024-05-24,44529.38,0
2,4,2024-05-31,43565.89,0
2,4,2024-06-07,43145.15,0
2,4,2024-06-14,42086.41,0
2,4,2024-06-21,44537.17,0
2,4,2024-06-28,40853.31,0
2,4,2024-07-05,36304.15,0
2,4,2024-07-12,42477.13,0
2,4,2024-07-19,37544.75,0
2,4,2024-07-26,35440.42,0
2,4,2024-08-02,35927.46,0
2,4,2024-08-09,39488.32,0
2,4,2024-08-16,37811.45,0
2,4,2024-08-23,31195.85,0
2,4,2024-08-30,36003.68,0
2,4,2024-09-06,42441.09,1
2,4,2024-09-13,35823.3,0
2,4,2024-09-20,38947.01,0
2,4,2024-09-27,37910.19,0
2,4,2024-10-04,38285.43,0
2,4,2024-10-11,27395.28,0
2,4,2024-10-18,39943.89,0
2,4,2024-10-25,36804.66,0
2,4,2024-11-01,41931.74,0
2,4,2024-11-08,32916.54,0
2,4,2024-11-15,30289.74,0
2,4,2024-11-22,35503.97,0
2,4,2024-11-29,41093.82,1
2,4,2024-12-06,39221.23,0
2,4,2024-12-13,36266.41,0
2,4,2024-12-20,36268.84,0
2,4,2024-12-27,52426.57,1
2,4,2025-01-03,37002.21,0
2,4,2025-01-10,41823.65,0
2,4,2025-01-17,43181.97,0
2,4,2025-01-24,43312.09,0
2,5,2023-02-03,23038.3,0
2,5,2023-02-10,19664.43,1
2,5,2023-02-17,23809.61,0
2,5,2023-02-24,22972.9,0
2,5,2023-03-03,24545.41,0
2,5,2023-03-10,23782.32,0
2,5,2023-03-17,25395.56,0
2,5,2023-03-24,23579.18,0
2,5,2023-03-31,23306.27,0
2,5,2023-04-07,28743.74,0
2,5,2023-04-14,24317.39,0
2,5,2023-04-21,26504.39,0
2,5,2023-04-28,28636.47,0
2,5,2023-05-05,28615.31,0
2,5,2023-05-12,28380.03,0
2,5,2023-05-19,27306.08,0
2,5,2023-05-26,28136.6,0
2,5,2023-06-02,29402.82,0
2,5,2023-06-09,27247.64,0
2,5,2023-06-16,22328.31,0
2,5,2023-06-23,24869.23,0
2,5,2023-06-30,27163.66,0
2,5,2023-07-07,24190.8,0
2,5,2023-07-14,28450.6,0
2,5,2023-07-21,24762.27,0
2,5,2023-07-28,24746.38,0
2,5,2023-08-04,26446.55,0
2,5,2023-08-11,23596.61,0
2,5,2023-08-18,23967.89,0
2,5,2023-08-25,25009.72,0
2,5,2023-09-01,20328.56,0
2,5,2023-09-08,24365.19,1
2,5,2023-09-15,22644.26,0
2,5,2023-09-22,24925.72,0
2,5,2023-09-29,19330.98,0
2,5,2023-10-06,18997.07,0
2,5,2023-10-13,23197.46,0
2,5,2023-10-20,23285.13,0
2,5,2023-10-27,21407.09,0
2,5,2023-11-03,22449.24,0
2,5,2023-11-10,23104.89,0
2,5,2023-11-17,20474.63,0
2,5,2023-11-24,42543.03,1
2,5,2023-12-01,23824.39,0
2,5,2023-12-08,20342.7,0
2,5,2023-12-15,22330.43,0
2,5,2023-12-22,22528.47,0
2,5,2023-12-29,41540.0,1
2,5,2024-01-05,22605.63,0
2,5,2024-01-12,26399.73,0
2,5,2024-01-19,23331.2,0
2,5,2024-01-26,24196.5,0
2,5,2024-02-02,21968.93,0
2,5,2024-02-09,24113.75,1
2,5,2024-02-16,27041.27,0
2,5,2024-02-23,27030.83,0
2,5,2024-03-01,28007.71,0
2,5,2024-03-08,28270.76,0
2,5,2024-03-15,31981.18,0
2,5,2024-03-22,26045.08,0
2,5,2024-03-29,24344.76,0
2,5,2024-04-05,25827.86,0
2,5,2024-04-12,26790.23,0
2,5,2024-04-19,26313.03,0
2,5,2024-04-26,28858.0,0
2,5,2024-05-03,31581.6,0
2,5,2024-05-10,32259.52,0
2,5,2024-05-17,29851.5,0
2,5,2024-05-24,33525.02,0
2,5,2024-05-31,27694.97,0
2,5,2024-06-07,24650.08,0
2,5,2024-06-14,30533.24,0
2,5,2024-06-21,23824.95,0
2,5,2024-06-28,26004.27,0
2,5,2024-07-05,28531.32,0
2,5,2024-07-12,26863.42,0
2,5,2024-07-19,26353.05,0
2,5,2024-07-26,23930.27,0
2,5,2024-08-02,26062.3,0
2,5,2024-08-09,27808.97,0
2,5,2024-08-16,25444.37,0
2,5,2024-08-23,23410.02,0
2,5,2024-08-30,22291.11,0
2,5,2024-09-06,26314.58,1
2,5,2024-09-13,24867.88,0
2,5,2024-09-20,22430.31,0
2,5,2024-09-27,19558.87,0
2,5,2024-10-04,24387.78,0
2,5,2024-10-11,21783.59,0
2,5,2024-10-18,24675.2,0
2,5,2024-10-25,21935.48,0
2,5,2024-11-01,21509.57,0
2,5,2024-11-08,23696.32,0
2,5,2024-11-15,27944.16,0
2,5,2024-11-22,25073.15,0
2,5,2024-11-29,36542.2,1
2,5,2024-12-06,20704.08,0
2,5,2024-12-13,22161.53,0
2,5,2024-12-20,19701.63,0
2,5,2024-12-27,57162.09,1
2,5,2025-01-03,26154.72,0
2,5,2025-01-10,26024.54,0
2,5,2025-01-17,22906.08,0
2,5,2025-01-24,26104.44,0
2,6,2023-02-03,33376.44,0
2,6,2023-02-10,29969.18,1
2,6,2023-02-17,28758.59,0
2,6,2023-02-24,26270.31,0
2,6,2023-03-03,34427.07,0
2,6,2023-03-10,31238.33,0
2,6,2023-03-17,27328.47,0
2,6,2023-03-24,29769.75,0
2,6,2023-03-31,29141.09,0
2,6,2023-04-07,32383.4,0
2,6,2023-04-14,33499.58,0
2,6,2023-04-21,31795.89,0
2,6,2023-04-28,35323.44,0
2,6,2023-05-05,33541.28,0
2,6,2023-05-12,36188.72,0
2,6,2023-05-19,32372.87,0
2,6,2023-05-26,41344.57,0
2,6,2023-06-02,31620.37,0
2,6,2023-06-09,30559.12,0
2,6,2023-06-16,30032.96,0
2,6,2023-06-23,31911.24,0
2,6,2023-06-30,27738.39,0
2,6,2023-07-07,32585.83,0
2,6,2023-07-14,26684.07,0
2,6,2023-07-21,31512.45,0
2,6,2023-07-28,27402.24,0
2,6,2023-08-04,29404.03,0
2,6,2023-08-11,31381.32,0
2,6,2023-08-18,34988.74,0
2,6,2023-08-25,26649.22,0
2,6,2023-09-01,28456.82,0
2,6,2023-09-08,30411.78,1
2,6,2023-09-15,26547.0,0
2,6,2023-09-22,29722.2,0
2,6,2023-09-29,26570.06,0
2,6,2023-10-06,32399.83,0
2,6,2023-10-13,28223.91,0
2,6,2023-10-20,25021.48,0
2,6,2023-10-27,26381.72,0
2,6,2023-11-03,25446.37,0
2,6,2023-11-10,29000.74,0
2,6,2023-11-17,23786.68,0
2,6,2023-11-24,33152.19,1
2,6,2023-12-01,29289.16,0
2,6,2023-12-08,30810.66,0
2,6,2023-12-15,31494.6,0
2,6,2023-12-22,29939.12,0
2,6,2023-12-29,34069.63,1
2,6,2024-01-05,26842.03,0
2,6,2024-01-12,25575.22,0
2,6,2024-01-19,31543.53,0
2,6,2024-01-26,28477.69,0
2,6,2024-02-02,31303.21,0
2,6,2024-02-09,32273.13,1
2,6,2024-02-16,33105.73,0
2,6,2024-02-23,35415.13,0
2,6,2024-03-01,35631.17,0
2,6,2024-03-08,34374.55,0
2,6,2024-03-15,33043.96,0
2,6,2024-03-22,34926.64,0
2,6,2024-03-29,33292.69,0
2,6,2024-04-05,34693.26,0
2,6,2024-04-12,42917.87,0
2,6,2024-04-19,36191.69,0
2,6,2024-04-26,37093.88,0
2,6,2024-05-03,33856.17,0
2,6,2024-05-10,38832.06,0
2,6,2024-05-17,38048.83,0
2,6,2024-05-24,37973.84,0
2,6,2024-05-31,36247.26,0
2,6,2024-06-07,38373.52,0
2,6,2024-06-14,38781.88,0
2,6,2024-06-21,35707.85,0
2,6,2024-06-28,34277.68,0
2,6,2024-07-05,36689.85,0
2,6,2024-07-12,31407.73,0
2,6,2024-07-19,31530.95,0
2,6,2024-07-26,32892.41,0
2,6,2024-08-02,28063.75,0
2,6,2024-08-09,34307.98,0
2,6,2024-08-16,29308.57,0
2,6,2024-08-23,30162.06,0
2,6,2024-08-30,30424.96,0
2,6,2024-09-06,32323.87,1
2,6,2024-09-13,30090.19,0
2,6,2024-09-20,29813.41,0
2,6,2024-09-27,28639.43,0
2,6,2024-10-04,27669.36,0
2,6,2024-10-11,31874.44,0
2,6,2024-10-18,24311.18,0
2,6,2024-10-25,28704.4,0
2,6,2024-11-01,28099.11,0
2,6,2024-11-08,30242.21,0
2,6,2024-11-15,25968.27,0
2,6,2024-11-22,28387.29,0
2,6,2024-11-29,38554.02,1
2,6,2024-12-06,30896.06,0
2,6,2024-12-13,27553.03,0
2,6,2024-12-20,29615.65,0
2,6,2024-12-27,43581.64,1
2,6,2025-01-03,31497.87,0
2,6,2025-01-10,32159.33,0
2,6,2025-01-17,31681.45,0
2,6,2025-01-24,40376.02,0
2,7,2023-02-03,26345.11,0
2,7,2023-02-10,36779.28,1
2,7,2023-02-17,29298.03,0
2,7,2023-02-24,30519.45,0
2,7,2023-03-03,27575.53,0
2,7,2023-03-10,29191.85,0
2,7,2023-03-17,27551.83,0
2,7,2023-03-24,27256.71,0
2,7,2023-03-31,32807.28,0
2,7,2023-04-07,29192.63,0
2,7,2023-04-14,24817.45,0
2,7,2023-04-21,35287.88,0
2,7,2023-04-28,29047.34,0
2,7,2023-05-05,30495.92,0
2,7,2023-05-12,35217.09,0
2,7,2023-05-19,30750.78,0
2,7,2023-05-26,30623.38,0
2,7,2023-06-02,27871.28,0
2,7,2023-06-09,26722.72,0
2,7,2023-06-16,30131.57,0
2,7,2023-06-23,31174.36,0
2,7,2023-06-30,30752.32,0
2,7,2023-07-07,28569.26,0
2,7,2023-07-14,29431.58,0
2,7,2023-07-21,24768.44,0
2,7,2023-07-28,29730.85,0
2,7,2023-08-04,28672.75,0
2,7,2023-08-11,32349.28,0
2,7,2023-08-18,27590.19,0
2,7,2023-08-25,25167.31,0
2,7,2023-09-01,26773.89,0
2,7,2023-09-08,28980.8,1
2,7,2023-09-15,26336.92,0
2,7,2023-09-22,23401.8,0
2,7,2023-09-29,22429.31,0
2,7,2023-10-06,26167.21,0
2,7,2023-10-13,28314.8,0
2,7,2023-10-20,25567.51,0
2,7,2023-10-27,27017.6,0
2,7,2023-11-03,27434.12,0
2,7,2023-11-10,25982.07,0
2,7,2023-11-17,23885.79,0
2,7,2023-11-24,36389.92,1
2,7,2023-12-01,27019.17,0
2,7,2023-12-08,27741.43,0
2,7,2023-12-15,25491.83,0
2,7,2023-12-22,26373.03,0
2,7,2023-12-29,31822.78,1
2,7,2024-01-05,30154.32,0
2,7,2024-01-12,22744.47,0
2,7,2024-01-19,28516.45,0
2,7,2024-01-26,28720.86,0
2,7,2024-02-02,26147.32,0
2,7,2024-02-09,37342.08,1
2,7,2024-02-16,29431.92,0
2,7,2024-02-23,35294.96,0
2,7,2024-03-01,33699.51,0
2,7,2024-03-08,33041.96,0
2,7,2024-03-15,32945.5,0
2,7,2024-03-22,31893.78,0
2,7,2024-03-29,37848.59,0
2,7,2024-04-05,35008.47,0
2,7,2024-04-12,31133.66,0
2,7,2024-04-19,29564.49,0
2,7,2024-04-26,34932.65,0
2,7,2024-05-03,33339.49,0
2,7,2024-05-10,29678.19,0
2,7,2024-05-17,34623.96,0
2,7,2024-05-24,32673.68,0
2,7,2024-05-31,34670.96,0
2,7,2024-06-07,34247.5,0
2,7,2024-06-14,31255.31,0
2,7,2024-06-21,34239.16,0
2,7,2024-06-28,31002.42,0
2,7,2024-07-05,30850.16,0
2,7,2024-07-12,30253.91,0
2,7,2024-07-19,34047.11,0
2,7,2024-07-26,30139.02,0
2,7,2024-08-02,33773.65,0
2,7,2024-08-09,34317.4,0
2,7,2024-08-16,27886.23,0
2,7,2024-08-23,22418.49,0
2,7,2024-08-30,31303.59,0
2,7,2024-09-06,30961.76,1
2,7,2024-09-13,26906.5,0
2,7,2024-09-20,27031.39,0
2,7,2024-09-27,30598.34,0
2,7,2024-10-04,27879.62,0
2,7,2024-10-11,30192.22,0
2,7,2024-10-18,28362.45,0
2,7,2024-10-25,26565.2,0
2,7,2024-11-01,26397.04,0
2,7,2024-11-08,28538.1,0
2,7,2024-11-15,29228.36,0
2,7,2024-11-22,29799.04,0
2,7,2024-11-29,34853.98,1
2,7,2024-12-06,29402.29,0
2,7,2024-12-13,27533.04,0
2,7,2024-12-20,26151.43,0
2,7,2024-12-27,36639.11,1
2,7,2025-01-03,31151.41,0
2,7,2025-01-10,33062.59,0
2,7,2025-01-17,27201.06,0
2,7,2025-01-24,29517.66,0
2,8,2023-02-03,30245.37,0
2,8,2023-02-10,33645.78,1
2,8,2023-02-17,30769.73,0
2,8,2023-02-24,31486.8,0
2,8,2023-03-03,29334.81,0
2,8,2023-03-10,34804.63,0
2,8,2023-03-17,33479.08,0
2,8,2023-03-24,32495.67,0
2,8,2023-03-31,33903.54,0
2,8,2023-04-07,38057.72,0
2,8,2023-04-14,32324.12,0
2,8,2023-04-21,32958.82,0
2,8,2023-04-28,39026.9,0
2,8,2023-05-05,35768.75,0
2,8,2023-05-12,37483.99,0
2,8,2023-05-19,36689.31,0
2,8,2023-05-26,35361.28,0
2,8,2023-06-02,34339.32,0
2,8,2023-06-09,37472.89,0
2,8,2023-06-16,38145.94,0
2,8,2023-06-23,37625.94,0
2,8,2023-06-30,31053.38,0
2,8,2023-07-07,37502.97,0
2,8,2023-07-14,32620.06,0
2,8,2023-07-21,31179.69,0
2,8,2023-07-28,32327.75,0
2,8,2023-08-04,34502.16,0
2,8,2023-08-11,33309.74,0
2,8,2023-08-18,30868.96,0
2,8,2023-08-25,33193.34,0
2,8,2023-09-01,31067.17,0
2,8,2023-09-08,33795.37,1
2,8,2023-09-15,31020.42,0
2,8,2023-09-22,29546.53,0
2,8,2023-09-29,26247.51,0
2,8,2023-10-06,31274.37,0
2,8,2023-10-13,28016.45,0
2,8,2023-10-20,32733.96,0
2,8,2023-10-27,25737.06,0
2,8,2023-11-03,28584.0,0
2,8,2023-11-10,27445.22,0
2,8,2023-11-17,26922.1,0
2,8,2023-11-24,36827.63,1
2,8,2023-12-01,29963.05,0
2,8,2023-12-08,28019.21,0
2,8,2023-12-15,25827.27,0
2,8,2023-12-22,26417.63,0
2,8,2023-12-29,34712.19,1
2,8,2024-01-05,30952.3,0
2,8,2024-01-12,26185.67,0
2,8,2024-01-19,32272.35,0
2,8,2024-01-26,35749.92,0
2,8,2024-02-02,37923.17,0
2,8,2024-02-09,28930.54,1
2,8,2024-02-16,32405.59,0
2,8,2024-02-23,32738.42,0
2,8,2024-03-01,36049.95,0
2,8,2024-03-08,32579.99,0
2,8,2024-03-15,41456.4,0
2,8,2024-03-22,37065.26,0
2,8,2024-03-29,36923.48,0
2,8,2024-04-05,42387.45,0
2,8,2024-04-12,37802.43,0
2,8,2024-04-19,39268.4,0
2,8,2024-04-26,35897.26,0
2,8,2024-05-03,34077.04,0
2,8,2024-05-10,36425.77,0
2,8,2024-05-17,44952.1,0
2,8,2024-05-24,40095.32,0
2,8,2024-05-31,38845.11,0
2,8,2024-06-07,34851.17,0
2,8,2024-06-14,40284.67,0
2,8,2024-06-21,33199.49,0
2,8,2024-06-28,32275.1,0
2,8,2024-07-05,34889.17,0
2,8,2024-07-12,41760.39,0
2,8,2024-07-19,41100.23,0
2,8,2024-07-26,33963.51,0
2,8,2024-08-02,32903.91,0
2,8,2024-08-09,29818.61,0
2,8,2024-08-16,34083.16,0
2,8,2024-08-23,33867.31,0
2,8,2024-08-30,35102.12,0
2,8,2024-09-06,41441.37,1
2,8,2024-09-13,33705.58,0
2,8,2024-09-20,30162.37,0
2,8,2024-09-27,33042.9,0
2,8,2024-10-04,30183.36,0
2,8,2024-10-11,32442.27,0
2,8,2024-10-18,32125.57,0
2,8,2024-10-25,31301.69,0
2,8,2024-11-01,33119.91,0
2,8,2024-11-08,27291.32,0
2,8,2024-11-15,28675.94,0
2,8,2024-11-22,30859.43,0
2,8,2024-11-29,37437.5,1
2,8,2024-12-06,31140.54,0
2,8,2024-12-13,35864.87,0
2,8,2024-12-20,33246.8,0
2,8,2024-12-27,43894.64,1
2,8,2025-01-03,32361.55,0
2,8,2025-01-10,34695.55,0
2,8,2025-01-17,36904.51,0
2,8,2025-01-24,38809.8,0
2,9,2023-02-03,17329.06,0
2,9,2023-02-10,15449.11,1
2,9,2023-02-17,15588.02,0
2,9,2023-02-24,17862.93,0
2,9,2023-03-03,15122.92,0
2,9,2023-03-10,21555.5,0
2,9,2023-03-17,19989.4,0
2,9,2023-03-24,18307.17,0
2,9,2023-03-31,17746.23,0
2,9,2023-04-07,21252.14,0
2,9,2023-04-14,18010.3,0
2,9,2023-04-21,18258.56,0
2,9,2023-04-28,18730.99,0
2,9,2023-05-05,20181.22,0
2,9,2023-05-12,21006.36,0
2,9,2023-05-19,21902.9,0
2,9,2023-05-26,21614.64,0
2,9,2023-06-02,19870.74,0
2,9,2023-06-09,21377.27,0
2,9,2023-06-16,18577.79,0
2,9,2023-06-23,16638.43,0
2,9,2023-06-30,18261.57,0
2,9,2023-07-07,17869.32,0
2,9,2023-07-14,17934.64,0
2,9,2023-07-21,17233.43,0
2,9,2023-07-28,17754.06,0
2,9,2023-08-04,19100.13,0
2,9,2023-08-11,20424.69,0
2,9,2023-08-18,15279.27,0
2,9,2023-08-25,15695.93,0
2,9,2023-09-01,16187.7,0
2,9,2023-09-08,21142.9,1
2,9,2023-09-15,15915.85,0
2,9,2023-09-22,17689.66,0
2,9,2023-09-29,17859.08,0
2,9,2023-10-06,16450.53,0
2,9,2023-10-13,15318.79,0
2,9,2023-10-20,16685.73,0
2,9,2023-10-27,16003.11,0
2,9,2023-11-03,15999.79,0
2,9,2023-11-10,15683.34,0
2,9,2023-11-17,17640.88,0
2,9,2023-11-24,23521.6,1
2,9,2023-12-01,18444.48,0
2,9,2023-12-08,17444.39,0
2,9,2023-12-15,16327.8,0
2,9,2023-12-22,18667.31,0
2,9,2023-12-29,23094.23,1
2,9,2024-01-05,18168.25,0
2,9,2024-01-12,19006.46,0
2,9,2024-01-19,18712.21,0
2,9,2024-01-26,18434.27,0
2,9,2024-02-02,18489.68,0
2,9,2024-02-09,19631.81,1
2,9,2024-02-16,20288.9,0
2,9,2024-02-23,21591.58,0
2,9,2024-03-01,20539.68,0
2,9,2024-03-08,19555.9,0
2,9,2024-03-15,20015.73,0
2,9,2024-03-22,18577.95,0
2,9,2024-03-29,23763.77,0
2,9,2024-04-05,20232.7,0
2,9,2024-04-12,22939.04,0
2,9,2024-04-19,21876.58,0
2,9,2024-04-26,22004.53,0
2,9,2024-05-03,21326.47,0
2,9,2024-05-10,20183.72,0
2,9,2024-05-17,19852.93,0
2,9,2024-05-24,24434.85,0
2,9,2024-05-31,21575.72,0
2,9,2024-06-07,23179.05,0
2,9,2024-06-14,23460.43,0
2,9,2024-06-21,20261.64,0
2,9,2024-06-28,21460.18,0
2,9,2024-07-05,20617.66,0
2,9,2024-07-12,18433.34,0
2,9,2024-07-19,19773.58,0
2,9,2024-07-26,20751.51,0
2,9,2024-08-02,18782.61,0
2,9,2024-08-09,18804.82,0
2,9,2024-08-16,18788.59,0
2,9,2024-08-23,21983.47,0
2,9,2024-08-30,15846.92,0
2,9,2024-09-06,20499.98,1
2,9,2024-09-13,17221.62,0
2,9,2024-09-20,17574.23,0
2,9,2024-09-27,18772.45,0
2,9,2024-10-04,18721.93,0
2,9,2024-10-11,17863.73,0
2,9,2024-10-18,19072.83,0
2,9,2024-10-25,19288.28,0
2,9,2024-11-01,18660.55,0
2,9,2024-11-08,16789.94,0
2,9,2024-11-15,18329.83,0
2,9,2024-11-22,18450.27,0
2,9,2024-11-29,20121.67,1
2,9,2024-12-06,15135.61,0
2,9,2024-12-13,18362.78,0
2,9,2024-12-20,18931.36,0
2,9,2024-12-27,21340.5,1
2,9,2025-01-03,19249.97,0
2,9,2025-01-10,21394.29,0
2,9,2025-01-17,20195.64,0
2,9,2025-01-24,18227.96,0
2,10,2023-02-03,22191.36,0
2,10,2023-02-10,22914.67,1
2,10,2023-02-17,21119.71,0
2,10,2023-02-24,19831.58,0
2,10,2023-03-03,22918.34,0
2,10,2023-03-10,21192.73,0
2,10,2023-03-17,25408.89,0
2,10,2023-03-24,22806.35,0
2,10,2023-03-31,27086.89,0
2,10,2023-04-07,19922.26,0
2,10,2023-04-14,24426.11,0
2,10,2023-04-21,27073.22,0
2,10,2023-04-28,22650.81,0
2,10,2023-05-05,24131.54,0
2,10,2023-05-12,23671.03,0
2,10,2023-05-19,23101.63,0
2,10,2023-05-26,24856.91,0
2,10,2023-06-02,21768.21,0
2,10,2023-06-09,23941.22,0
2,10,2023-06-16,24984.66,0
2,10,2023-06-23,23393.66,0
2,10,2023-06-30,21698.78,0
2,10,2023-07-07,25270.19,0
2,10,2023-07-14,24436.17,0
2,10,2023-07-21,20913.76,0
2,10,2023-07-28,20197.98,0
2,10,2023-08-04,20547.63,0
2,10,2023-08-11,22908.89,0
2,10,2023-08-18,22142.67,0
2,10,2023-08-25,22739.01,0
2,10,2023-09-01,20571.22,0
2,10,2023-09-08,20961.32,1
2,10,2023-09-15,19734.62,0
2,10,2023-09-22,20753.39,0
2,10,2023-09-29,17762.24,0
2,10,2023-10-06,19218.51,0
2,10,2023-10-13,21648.47,0
2,10,2023-10-20,18818.17,0
2,10,2023-10-27,21230.03,0
2,10,2023-11-03,16221.37,0
2,10,2023-11-10,19093.39,0
2,10,2023-11-17,19800.31,0
2,10,2023-11-24,47747.95,1
2,10,2023-12-01,21459.24,0
2,10,2023-12-08,22304.71,0
2,10,2023-12-15,19598.44,0
2,10,2023-12-22,20433.24,0
2,10,2023-12-29,41341.65,1
2,10,2024-01-05,20879.19,0
2,10,2024-01-12,24248.23,0
2,10,2024-01-19,23285.73,0
2,10,2024-01-26,22426.03,0
2,10,2024-02-02,23284.99,0
2,10,2024-02-09,24532.04,1
2,10,2024-02-16,25275.99,0
2,10,2024-02-23,23083.26,0
2,10,2024-03-01,27506.64,0
2,10,2024-03-08,27434.63,0
2,10,2024-03-15,26481.57,0
2,10,2024-03-22,23681.46,0
2,10,2024-03-29,23544.99,0
2,10,2024-04-05,25172.54,0
2,10,2024-04-12,26149.08,0
2,10,2024-04-19,22458.3,0
2,10,2024-04-26,27295.54,0
2,10,2024-05-03,29023.07,0
2,10,2024-05-10,27542.51,0
2,10,2024-05-17,24880.14,0
2,10,2024-05-24,24569.44,0
2,10,2024-05-31,26758.94,0
2,10,2024-06-07,25671.52,0
2,10,2024-06-14,26728.8,0
2,10,2024-06-21,26838.44,0
2,10,2024-06-28,27585.64,0
2,10,2024-07-05,22834.84,0
2,10,2024-07-12,25268.35,0
2,10,2024-07-19,23818.39,0
2,10,2024-07-26,24033.24,0
2,10,2024-08-02,25564.62,0
2,10,2024-08-09,25433.91,0
2,10,2024-08-16,25892.03,0
2,10,2024-08-23,23768.46,0
2,10,2024-08-30,22499.16,0
2,10,2024-09-06,23761.67,1
2,10,2024-09-13,24563.55,0
2,10,2024-09-20,21402.24,0
2,10,2024-09-27,22662.72,0
2,10,2024-10-04,22803.59,0
2,10,2024-10-11,19370.04,0
2,10,2024-10-18,19853.69,0
2,10,2024-10-25,24050.87,0
2,10,2024-11-01,21906.55,0
2,10,2024-11-08,20461.99,0
2,10,2024-11-15,21332.85,0
2,10,2024-11-22,23568.69,0
2,10,2024-11-29,38517.18,1
2,10,2024-12-06,24956.16,0
2,10,2024-12-13,24043.72,0
2,10,2024-12-20,22323.81,0
2,10,2024-12-27,41745.01,1
2,10,2025-01-03,23606.04,0
2,10,2025-01-10,25590.76,0
2,10,2025-01-17,24886.64,0
2,10,2025-01-24,21515.84,0
3,1,2023-02-03,12906.93,0
3,1,2023-02-10,19633.91,1
3,1,2023-02-17,12763.91,0
3,1,2023-02-24,12661.26,0
3,1,2023-03-03,15947.99,0
3,1,2023-03-10,15112.8,0
3,1,2023-03-17,15938.34,0
3,1,2023-03-24,14770.39,0
3,1,2023-03-31,16090.31,0
3,1,2023-04-07,13744.2,0
3,1,2023-04-14,15039.19,0
3,1,2023-04-21,15268.41,0
3,1,2023-04-28,16639.66,0
3,1,2023-05-05,15399.48,0
3,1,2023-05-12,14274.84,0
3,1,2023-05-19,15090.71,0
3,1,2023-05-26,12969.01,0
3,1,2023-06-02,12149.25,0
3,1,2023-06-09,15826.99,0
3,1,2023-06-16,14298.9,0
3,1,2023-06-23,14317.7,0
3,1,2023-06-30,15453.32,0
3,1,2023-07-07,15945.63,0
3,1,2023-07-14,14790.22,0
3,1,2023-07-21,16177.69,0
3,1,2023-07-28,14398.27,0
3,1,2023-08-04,13994.35,0
3,1,2023-08-11,13745.14,0
3,1,2023-08-18,11941.13,0
3,1,2023-08-25,14144.1,0
3,1,2023-09-01,10437.81,0
3,1,2023-09-08,12836.04,1
3,1,2023-09-15,11884.14,0
3,1,2023-09-22,12108.35,0
3,1,2023-09-29,14289.81,0
3,1,2023-10-06,13463.42,0
3,1,2023-10-13,11630.82,0
3,1,2023-10-20,11802.98,0
3,1,2023-10-27,10993.86,0
3,1,2023-11-03,12940.88,0
3,1,2023-11-10,12034.2,0
3,1,2023-11-17,10393.13,0
3,1,2023-11-24,16855.0,1
3,1,2023-12-01,13475.9,0
3,1,2023-12-08,12560.43,0
3,1,2023-12-15,12396.86,0
3,1,2023-12-22,14995.98,0
3,1,2023-12-29,18109.19,1
3,1,2024-01-05,12737.2,0
3,1,2024-01-12,14263.0,0
3,1,2024-01-19,12132.41,0
3,1,2024-01-26,13436.63,0
3,1,2024-02-02,12806.52,0
3,1,2024-02-09,17708.88,1
3,1,2024-02-16,13908.2,0
3,1,2024-02-23,15694.67,0
3,1,2024-03-01,16877.68,0
3,1,2024-03-08,15215.01,0
3,1,2024-03-15,16659.71,0
3,1,2024-03-22,16263.59,0
3,1,2024-03-29,15897.08,0
3,1,2024-04-05,16832.83,0
3,1,2024-04-12,18340.16,0
3,1,2024-04-19,15251.63,0
3,1,2024-04-26,14892.83,0
3,1,2024-05-03,14848.94,0
3,1,2024-05-10,17461.55,0
3,1,2024-05-17,17619.01,0
3,1,2024-05-24,15426.1,0
3,1,2024-05-31,13310.87,0
3,1,2024-06-07,15105.2,0
3,1,2024-06-14,16553.81,0
3,1,2024-06-21,15646.97,0
3,1,2024-06-28,15810.66,0
3,1,2024-07-05,14779.84,0
3,1,2024-07-12,16490.61,0
3,1,2024-07-19,15484.83,0
3,1,2024-07-26,15580.48,0
3,1,2024-08-02,14876.71,0
3,1,2024-08-09,15104.87,0
3,1,2024-08-16,14831.07,0
3,1,2024-08-23,13072.9,0
3,1,2024-08-30,14361.27,0
3,1,2024-09-06,15868.83,1
3,1,2024-09-13,14083.5,0
3,1,2024-09-20,12453.85,0
3,1,2024-09-27,12512.76,0
3,1,2024-10-04,12825.03,0
3,1,2024-10-11,13417.02,0
3,1,2024-10-18,13041.15,0
3,1,2024-10-25,11966.36,0
3,1,2024-11-01,11963.97,0
3,1,2024-11-08,10969.92,0
3,1,2024-11-15,9935.59,0
3,1,2024-11-22,13181.32,0
3,1,2024-11-29,21155.63,1
3,1,2024-12-06,12497.95,0
3,1,2024-12-13,13875.9,0
3,1,2024-12-20,12257.25,0
3,1,2024-12-27,15587.86,1
3,1,2025-01-03,14022.75,0
3,1,2025-01-10,14287.46,0
3,1,2025-01-17,15025.5,0
3,1,2025-01-24,15757.25,0
3,2,2023-02-03,7962.37,0
3,2,2023-02-10,8337.8,1
3,2,2023-02-17,7704.34,0
3,2,2023-02-24,7647.77,0
3,2,2023-03-03,7648.86,0
3,2,2023-03-10,9263.67,0
3,2,2023-03-17,8672.61,0
3,2,2023-03-24,7662.61,0
3,2,2023-03-31,9053.0,0
3,2,2023-04-07,8257.99,0
3,2,2023-04-14,10464.59,0
3,2,2023-04-21,8857.03,0
3,2,2023-04-28,9830.8,0
3,2,2023-05-05,10157.55,0
3,2,2023-05-12,8635.72,0
3,2,2023-05-19,9398.72,0
3,2,2023-05-26,9732.11,0
3,2,2023-06-02,9369.03,0
3,2,2023-06-09,9500.54,0
3,2,2023-06-16,8196.43,0
3,2,2023-06-23,9502.38,0
3,2,2023-06-30,8665.39,0
3,2,2023-07-07,9173.83,0
3,2,2023-07-14,9474.98,0
3,2,2023-07-21,9187.56,0
3,2,2023-07-28,8852.83,0
3,2,2023-08-04,8938.79,0
3,2,2023-08-11,8853.29,0
3,2,2023-08-18,9272.55,0
3,2,2023-08-25,8153.24,0
3,2,2023-09-01,8180.17,0
3,2,2023-09-08,9685.96,1
3,2,2023-09-15,7050.11,0
3,2,2023-09-22,8125.01,0
3,2,2023-09-29,7623.14,0
3,2,2023-10-06,6953.8,0
3,2,2023-10-13,7963.68,0
3,2,2023-10-20,8504.38,0
3,2,2023-10-27,6625.62,0
3,2,2023-11-03,8245.6,0
3,2,2023-11-10,6089.83,0
3,2,2023-11-17,7428.36,0
3,2,2023-11-24,17567.29,1
3,2,2023-12-01,7841.17,0
3,2,2023-12-08,8341.3,0
3,2,2023-12-15,6858.88,0
3,2,2023-12-22,8097.88,0
3,2,2023-12-29,14103.3,1
3,2,2024-01-05,7464.05,0
3,2,2024-01-12,8153.84,0
3,2,2024-01-19,7909.45,0
3,2,2024-01-26,7963.07,0
3,2,2024-02-02,9616.77,0
3,2,2024-02-09,8980.32,1
3,2,2024-02-16,8695.31,0
3,2,2024-02-23,8852.35,0
3,2,2024-03-01,8942.97,0
3,2,2024-03-08,9128.41,0
3,2,2024-03-15,8631.26,0
3,2,2024-03-22,9506.22,0
3,2,2024-03-29,9518.6,0
3,2,2024-04-05,9281.67,0
3,2,2024-04-12,10070.83,0
3,2,2024-04-19,10191.61,0
3,2,2024-04-26,9589.88,0
3,2,2024-05-03,9942.45,0
3,2,2024-05-10,11802.31,0
3,2,2024-05-17,11760.12,0
3,2,2024-05-24,9183.6,0
3,2,2024-05-31,9258.53,0
3,2,2024-06-07,9093.07,0
3,2,2024-06-14,10702.12,0
3,2,2024-06-21,9476.07,0
3,2,2024-06-28,9883.77,0
3,2,2024-07-05,11131.58,0
3,2,2024-07-12,9482.91,0
3,2,2024-07-19,9907.37,0
3,2,2024-07-26,9645.59,0
3,2,2024-08-02,8710.19,0
3,2,2024-08-09,9784.5,0
3,2,2024-08-16,8296.56,0
3,2,2024-08-23,9728.46,0
3,2,2024-08-30,8269.16,0
3,2,2024-09-06,9731.5,1
3,2,2024-09-13,7853.68,0
3,2,2024-09-20,8110.81,0
3,2,2024-09-27,6706.63,0
3,2,2024-10-04,8113.51,0
3,2,2024-10-11,7889.52,0
3,2,2024-10-18,8712.54,0
3,2,2024-10-25,8458.05,0
3,2,2024-11-01,7720.59,0
3,2,2024-11-08,7901.92,0
3,2,2024-11-15,8083.38,0
3,2,2024-11-22,9274.48,0
3,2,2024-11-29,14833.54,1
3,2,2024-12-06,7675.02,0
3,2,2024-12-13,7520.05,0
3,2,2024-12-20,8851.1,0
3,2,2024-12-27,15752.9,1
3,2,2025-01-03,9625.84,0
3,2,2025-01-10,10751.74,0
3,2,2025-01-17,9109.78,0
3,2,2025-01-24,9116.46,0
3,3,2023-02-03,5760.65,0
3,3,2023-02-10,6896.22,1
3,3,2023-02-17,6696.82,0
3,3,2023-02-24,7083.99,0
3,3,2023-03-03,6206.4,0
3,3,2023-03-10,7113.84,0
3,3,2023-03-17,7118.49,0
3,3,2023-03-24,7159.25,0
3,3,2023-03-31,6758.37,0
3,3,2023-04-07,7894.47,0
3,3,2023-04-14,8448.59,0
3,3,2023-04-21,6648.81,0
3,3,2023-04-28,7747.02,0
3,3,2023-05-05,5651.19,0
3,3,2023-05-12,7739.39,0
3,3,2023-05-19,6241.89,0
3,3,2023-05-26,7014.92,0
3,3,2023-06-02,6527.78,0
3,3,2023-06-09,7129.98,0
3,3,2023-06-16,7690.21,0
3,3,2023-06-23,6087.0,0
3,3,2023-06-30,6880.31,0
3,3,2023-07-07,6724.0,0
3,3,2023-07-14,7811.34,0
3,3,2023-07-21,7088.85,0
3,3,2023-07-28,6129.72,0
3,3,2023-08-04,6428.31,0
3,3,2023-08-11,7413.81,0
3,3,2023-08-18,6878.94,0
3,3,2023-08-25,5951.75,0
3,3,2023-09-01,6208.52,0
3,3,2023-09-08,7089.55,1
3,3,2023-09-15,5353.34,0
3,3,2023-09-22,5808.66,0
3,3,2023-09-29,6766.8,0
3,3,2023-10-06,5863.54,0
3,3,2023-10-13,5966.57,0
3,3,2023-10-20,6062.97,0
3,3,2023-10-27,7048.63,0
3,3,2023-11-03,5993.13,0
3,3,2023-11-10,6528.72,0
3,3,2023-11-17,5741.11,0
3,3,2023-11-24,12036.69,1
3,3,2023-12-01,5738.08,0
3,3,2023-12-08,6076.24,0
3,3,2023-12-15,6690.74,0
3,3,2023-12-22,5921.08,0
3,3,2023-12-29,13204.7,1
3,3,2024-01-05,6078.73,0
3,3,2024-01-12,7187.4,0
3,3,2024-01-19,6752.29,0
3,3,2024-01-26,6731.06,0
3,3,2024-02-02,5817.46,0
3,3,2024-02-09,6830.51,1
3,3,2024-02-16,7362.35,0
3,3,2024-02-23,8269.15,0
3,3,2024-03-01,7692.45,0
3,3,2024-03-08,8126.56,0
3,3,2024-03-15,6815.11,0
3,3,2024-03-22,7549.66,0
3,3,2024-03-29,8452.18,0
3,3,2024-04-05,7212.04,0
3,3,2024-04-12,8419.37,0
3,3,2024-04-19,8317.84,0
3,3,2024-04-26,8059.4,0
3,3,2024-05-03,7695.23,0
3,3,2024-05-10,7283.73,0
3,3,2024-05-17,9022.02,0
3,3,2024-05-24,8278.54,0
3,3,2024-05-31,8062.61,0
3,3,2024-06-07,7548.32,0
3,3,2024-06-14,7776.65,0
3,3,2024-06-21,7792.02,0
3,3,2024-06-28,7863.48,0
3,3,2024-07-05,7984.48,0
3,3,2024-07-12,6990.31,0
3,3,2024-07-19,6503.59,0
3,3,2024-07-26,7324.82,0
3,3,2024-08-02,6177.83,0
3,3,2024-08-09,6903.79,0
3,3,2024-08-16,6709.25,0
3,3,2024-08-23,7175.37,0
3,3,2024-08-30,7898.92,0
3,3,2024-09-06,6075.95,1
3,3,2024-09-13,6539.2,0
3,3,2024-09-20,6781.64,0
3,3,2024-09-27,5801.49,0
3,3,2024-10-04,7014.22,0
3,3,2024-10-11,6482.93,0
3,3,2024-10-18,6406.98,0
3,3,2024-10-25,5431.8,0
3,3,2024-11-01,6468.16,0
3,3,2024-11-08,6881.2,0
3,3,2024-11-15,6350.37,0
3,3,2024-11-22,7124.66,0
3,3,2024-11-29,11410.14,1
3,3,2024-12-06,7474.78,0
3,3,2024-12-13,6727.67,0
3,3,2024-12-20,6814.74,0
3,3,2024-12-27,13601.64,1
3,3,2025-01-03,5512.53,0
3,3,2025-01-10,6983.25,0
3,3,2025-01-17,6414.58,0
3,3,2025-01-24,8267.19,0
3,4,2023-02-03,5927.92,0
3,4,2023-02-10,5708.79,1
3,4,2023-02-17,5324.2,0
3,4,2023-02-24,5064.72,0
3,4,2023-03-03,5293.2,0
3,4,2023-03-10,6540.99,0
3,4,2023-03-17,5412.84,0
3,4,2023-03-24,4701.43,0
3,4,2023-03-31,6331.37,0
3,4,2023-04-07,6605.94,0
3,4,2023-04-14,6726.68,0
3,4,2023-04-21,6466.2,0
3,4,2023-04-28,6569.12,0
3,4,2023-05-05,6032.02,0
3,4,2023-05-12,5012.32,0
3,4,2023-05-19,6018.9,0
3,4,2023-05-26,6289.0,0
3,4,2023-06-02,5903.2,0
3,4,2023-06-09,5850.13,0
3,4,2023-06-16,5441.55,0
3,4,2023-06-23,5380.64,0
3,4,2023-06-30,6648.35,0
3,4,2023-07-07,6597.33,0
3,4,2023-07-14,5672.29,0
3,4,2023-07-21,5732.59,0
3,4,2023-07-28,5102.2,0
3,4,2023-08-04,5746.56,0
3,4,2023-08-11,6153.69,0
3,4,2023-08-18,4672.64,0
3,4,2023-08-25,5450.73,0
3,4,2023-09-01,5414.43,0
3,4,2023-09-08,5897.27,1
3,4,2023-09-15,5900.75,0
3,4,2023-09-22,4931.08,0
3,4,2023-09-29,5251.06,0
3,4,2023-10-06,4981.67,0
3,4,2023-10-13,4673.48,0
3,4,2023-10-20,5011.75,0
3,4,2023-10-27,5161.03,0
3,4,2023-11-03,4985.03,0
3,4,2023-11-10,4565.56,0
3,4,2023-11-17,4750.4,0
3,4,2023-11-24,5722.76,1
3,4,2023-12-01,5130.27,0
3,4,2023-12-08,5222.88,0
3,4,2023-12-15,5511.64,0
3,4,2023-12-22,4820.81,0
3,4,2023-12-29,6197.47,1
3,4,2024-01-05,5254.64,0
3,4,2024-01-12,5419.82,0
3,4,2024-01-19,5415.63,0
3,4,2024-01-26,6086.83,0
3,4,2024-02-02,6202.36,0
3,4,2024-02-09,6273.82,1
3,4,2024-02-16,5862.27,0
3,4,2024-02-23,5522.38,0
3,4,2024-03-01,6947.55,0
3,4,2024-03-08,6517.3,0
3,4,2024-03-15,5947.59,0
3,4,2024-03-22,6951.11,0
3,4,2024-03-29,6030.19,0
3,4,2024-04-05,7068.71,0
3,4,2024-04-12,7151.05,0
3,4,2024-04-19,5954.49,0
3,4,2024-04-26,6752.54,0
3,4,2024-05-03,6870.75,0
3,4,2024-05-10,7823.37,0
3,4,2024-05-17,6079.79,0
3,4,2024-05-24,7186.34,0
3,4,2024-05-31,6430.6,0
3,4,2024-06-07,5752.57,0
3,4,2024-06-14,6282.61,0
3,4,2024-06-21,6293.61,0
3,4,2024-06-28,5706.2,0
3,4,2024-07-05,6324.36,0
3,4,2024-07-12,6568.78,0
3,4,2024-07-19,6143.3,0
3,4,2024-07-26,5694.85,0
3,4,2024-08-02,5806.12,0
3,4,2024-08-09,5796.59,0
3,4,2024-08-16,5821.99,0
3,4,2024-08-23,6150.05,0
3,4,2024-08-30,5699.38,0
3,4,2024-09-06,5549.97,1
3,4,2024-09-13,5524.32,0
3,4,2024-09-20,5883.88,0
3,4,2024-09-27,5908.25,0
3,4,2024-10-04,6069.64,0
3,4,2024-10-11,5341.92,0
3,4,2024-10-18,5589.66,0
3,4,2024-10-25,4647.39,0
3,4,2024-11-01,5442.0,0
3,4,2024-11-08,4819.64,0
3,4,2024-11-15,5269.36,0
3,4,2024-11-22,6620.32,0
3,4,2024-11-29,6795.84,1
3,4,2024-12-06,5600.56,0
3,4,2024-12-13,5257.71,0
3,4,2024-12-20,5126.75,0
3,4,2024-12-27,8562.64,1
3,4,2025-01-03,5870.04,0
3,4,2025-01-10,5617.84,0
3,4,2025-01-17,5744.63,0
3,4,2025-01-24,6723.91,0
3,5,2023-02-03,3592.97,0
3,5,2023-02-10,2684.29,1
3,5,2023-02-17,4319.31,0
3,5,2023-02-24,3726.43,0
3,5,2023-03-03,3827.06,0
3,5,2023-03-10,4102.22,0
3,5,2023-03-17,3962.33,0
3,5,2023-03-24,4092.86,0
3,5,2023-03-31,3767.35,0
3,5,2023-04-07,3545.12,0
3,5,2023-04-14,4047.71,0
3,5,2023-04-21,4436.02,0
3,5,2023-04-28,3788.31,0
3,5,2023-05-05,3771.16,0
3,5,2023-05-12,4398.57,0
3,5,2023-05-19,3857.21,0
3,5,2023-05-26,3862.87,0
3,5,2023-06-02,3859.76,0
3,5,2023-06-09,3936.77,0
3,5,2023-06-16,3436.02,0
3,5,2023-06-23,3731.35,0
3,5,2023-06-30,3935.23,0
3,5,2023-07-07,3893.02,0
3,5,2023-07-14,4132.72,0
3,5,2023-07-21,4287.53,0
3,5,2023-07-28,4137.72,0
3,5,2023-08-04,3910.35,0
3,5,2023-08-11,3553.42,0
3,5,2023-08-18,3372.39,0
3,5,2023-08-25,3508.8,0
3,5,2023-09-01,3622.51,0
3,5,2023-09-08,4264.73,1
3,5,2023-09-15,3350.04,0
3,5,2023-09-22,3560.84,0
3,5,2023-09-29,3656.88,0
3,5,2023-10-06,3531.16,0
3,5,2023-10-13,3273.2,0
3,5,2023-10-20,3052.16,0
3,5,2023-10-27,3041.26,0
3,5,2023-11-03,3088.64,0
3,5,2023-11-10,3341.89,0
3,5,2023-11-17,3425.67,0
3,5,2023-11-24,4908.9,1
3,5,2023-12-01,3401.43,0
3,5,2023-12-08,3126.72,0
3,5,2023-12-15,3525.7,0
3,5,2023-12-22,3365.75,0
3,5,2023-12-29,5441.48,1
3,5,2024-01-05,3661.21,0
3,5,2024-01-12,3359.84,0
3,5,2024-01-19,3590.65,0
3,5,2024-01-26,3859.84,0
3,5,2024-02-02,3550.02,0
3,5,2024-02-09,3331.19,1
3,5,2024-02-16,3420.5,0
3,5,2024-02-23,3825.46,0
3,5,2024-03-01,3590.22,0
3,5,2024-03-08,3953.19,0
3,5,2024-03-15,4663.56,0
3,5,2024-03-22,3701.38,0
3,5,2024-03-29,4105.14,0
3,5,2024-04-05,4956.93,0
3,5,2024-04-12,4402.38,0
3,5,2024-04-19,4159.51,0
3,5,2024-04-26,4247.51,0
3,5,2024-05-03,4458.83,0
3,5,2024-05-10,4898.42,0
3,5,2024-05-17,4126.08,0
3,5,2024-05-24,4037.78,0
3,5,2024-05-31,3808.9,0
3,5,2024-06-07,4293.01,0
3,5,2024-06-14,3753.43,0
3,5,2024-06-21,4039.27,0
3,5,2024-06-28,3854.08,0
3,5,2024-07-05,4466.99,0
3,5,2024-07-12,3902.08,0
3,5,2024-07-19,4146.57,0
3,5,2024-07-26,3459.32,0
3,5,2024-08-02,3958.49,0
3,5,2024-08-09,3493.7,0
3,5,2024-08-16,3685.09,0
3,5,2024-08-23,4431.83,0
3,5,2024-08-30,3996.01,0
3,5,2024-09-06,3884.55,1
3,5,2024-09-13,3368.51,0
3,5,2024-09-20,3934.42,0
3,5,2024-09-27,3130.81,0
3,5,2024-10-04,3474.21,0
3,5,2024-10-11,3144.43,0
3,5,2024-10-18,3584.27,0
3,5,2024-10-25,3521.93,0
3,5,2024-11-01,3421.05,0
3,5,2024-11-08,3822.63,0
3,5,2024-11-15,3370.4,0
3,5,2024-11-22,3645.36,0
3,5,2024-11-29,6495.35,1
3,5,2024-12-06,3399.26,0
3,5,2024-12-13,3672.15,0
3,5,2024-12-20,3889.04,0
3,5,2024-12-27,6956.6,1
3,5,2025-01-03,3711.68,0
3,5,2025-01-10,3596.52,0
3,5,2025-01-17,4031.08,0
3,5,2025-01-24,3895.38,0
3,6,2023-02-03,4287.6,0
3,6,2023-02-10,4420.33,1
3,6,2023-02-17,4722.73,0
3,6,2023-02-24,4383.77,0
3,6,2023-03-03,4368.32,0
3,6,2023-03-10,4880.58,0
3,6,2023-03-17,3619.27,0
3,6,2023-03-24,4594.47,0
3,6,2023-03-31,4425.47,0
3,6,2023-04-07,5388.07,0
3,6,2023-04-14,4774.13,0
3,6,2023-04-21,4752.04,0
3,6,2023-04-28,4974.79,0
3,6,2023-05-05,4767.07,0
3,6,2023-05-12,4847.59,0
3,6,2023-05-19,5043.46,0
3,6,2023-05-26,4824.01,0
3,6,2023-06-02,4802.39,0
3,6,2023-06-09,4546.92,0
3,6,2023-06-16,4460.07,0
3,6,2023-06-23,4898.15,0
3,6,2023-06-30,4948.5,0
3,6,2023-07-07,4234.67,0
3,6,2023-07-14,5015.35,0
3,6,2023-07-21,4957.5,0
3,6,2023-07-28,4973.64,0
3,6,2023-08-04,4663.94,0
3,6,2023-08-11,4724.37,0
3,6,2023-08-18,5212.17,0
3,6,2023-08-25,4274.09,0
3,6,2023-09-01,3963.65,0
3,6,2023-09-08,4288.76,1
3,6,2023-09-15,4826.89,0
3,6,2023-09-22,3877.72,0
3,6,2023-09-29,3910.66,0
3,6,2023-10-06,4016.72,0
3,6,2023-10-13,4503.75,0
3,6,2023-10-20,3666.9,0
3,6,2023-10-27,3439.44,0
3,6,2023-11-03,4791.38,0
3,6,2023-11-10,4195.47,0
3,6,2023-11-17,4260.58,0
3,6,2023-11-24,4852.7,1
3,6,2023-12-01,3665.4,0
3,6,2023-12-08,3928.2,0
3,6,2023-12-15,4295.1,0
3,6,2023-12-22,3529.68,0
3,6,2023-12-29,5327.26,1
3,6,2024-01-05,4329.81,0
3,6,2024-01-12,4307.01,0
3,6,2024-01-19,4212.48,0
3,6,2024-01-26,3972.88,0
3,6,2024-02-02,4780.35,0
3,6,2024-02-09,4685.39,1
3,6,2024-02-16,4338.52,0
3,6,2024-02-23,4972.03,0
3,6,2024-03-01,4898.55,0
3,6,2024-03-08,4895.42,0
3,6,2024-03-15,4256.61,0
3,6,2024-03-22,5484.3,0
3,6,2024-03-29,4732.23,0
3,6,2024-04-05,5320.01,0
3,6,2024-04-12,4984.41,0
3,6,2024-04-19,5190.39,0
3,6,2024-04-26,5872.53,0
3,6,2024-05-03,5617.61,0
3,6,2024-05-10,5879.01,0
3,6,2024-05-17,5528.72,0
3,6,2024-05-24,5543.14,0
3,6,2024-05-31,4588.88,0
3,6,2024-06-07,5187.17,0
3,6,2024-06-14,5191.13,0
3,6,2024-06-21,5756.96,0
3,6,2024-06-28,4984.86,0
3,6,2024-07-05,5250.84,0
3,6,2024-07-12,5176.22,0
3,6,2024-07-19,5488.95,0
3,6,2024-07-26,4907.67,0
3,6,2024-08-02,5220.86,0
3,6,2024-08-09,4173.18,0
3,6,2024-08-16,4153.0,0
3,6,2024-08-23,3847.28,0
3,6,2024-08-30,4940.64,0
3,6,2024-09-06,5669.32,1
3,6,2024-09-13,4297.07,0
3,6,2024-09-20,4295.85,0
3,6,2024-09-27,4417.23,0
3,6,2024-10-04,4940.75,0
3,6,2024-10-11,5002.54,0
3,6,2024-10-18,4668.76,0
3,6,2024-10-25,4498.86,0
3,6,2024-11-01,4852.6,0
3,6,2024-11-08,4304.44,0
3,6,2024-11-15,4275.19,0
3,6,2024-11-22,4394.76,0
3,6,2024-11-29,5339.16,1
3,6,2024-12-06,4115.66,0
3,6,2024-12-13,4945.27,0
3,6,2024-12-20,4829.29,0
3,6,2024-12-27,7268.34,1
3,6,2025-01-03,5484.3,0
3,6,2025-01-10,4225.05,0
3,6,2025-01-17,4438.63,0
3,6,2025-01-24,4740.06,0
3,7,2023-02-03,4519.49,0
3,7,2023-02-10,4784.89,1
3,7,2023-02-17,3953.89,0
3,7,2023-02-24,3813.11,0
3,7,2023-03-03,4739.29,0
3,7,2023-03-10,4684.46,0
3,7,2023-03-17,4938.99,0
3,7,2023-03-24,4648.81,0
3,7,2023-03-31,3587.85,0
3,7,2023-04-07,4130.55,0
3,7,2023-04-14,4790.55,0
3,7,2023-04-21,4506.19,0
3,7,2023-04-28,4452.87,0
3,7,2023-05-05,4259.46,0
3,7,2023-05-12,5029.4,0
3,7,2023-05-19,4841.41,0
3,7,2023-05-26,4846.57,0
3,7,2023-06-02,4406.33,0
3,7,2023-06-09,4682.01,0
3,7,2023-06-16,4095.23,0
3,7,2023-06-23,4502.29,0
3,7,2023-06-30,3596.35,0
3,7,2023-07-07,3902.39,0
3,7,2023-07-14,4298.94,0
3,7,2023-07-21,5189.0,0
3,7,2023-07-28,3685.92,0
3,7,2023-08-04,3828.1,0
3,7,2023-08-11,4268.34,0
3,7,2023-08-18,4727.02,0
3,7,2023-08-25,4153.87,0
3,7,2023-09-01,4263.91,0
3,7,2023-09-08,4235.62,1
3,7,2023-09-15,3972.59,0
3,7,2023-09-22,3702.47,0
3,7,2023-09-29,4100.0,0
3,7,2023-10-06,3354.13,0
3,7,2023-10-13,4101.12,0
3,7,2023-10-20,3827.36,0
3,7,2023-10-27,3744.05,0
3,7,2023-11-03,3310.18,0
3,7,2023-11-10,3520.86,0
3,7,2023-11-17,4205.0,0
3,7,2023-11-24,4739.46,1
3,7,2023-12-01,3618.68,0
3,7,2023-12-08,3921.62,0
3,7,2023-12-15,3538.94,0
3,7,2023-12-22,4057.89,0
3,7,2023-12-29,5649.59,1
3,7,2024-01-05,3842.07,0
3,7,2024-01-12,4090.2,0
3,7,2024-01-19,4455.59,0
3,7,2024-01-26,4267.32,0
3,7,2024-02-02,4309.21,0
3,7,2024-02-09,6491.7,1
3,7,2024-02-16,4943.14,0
3,7,2024-02-23,4190.93,0
3,7,2024-03-01,4927.75,0
3,7,2024-03-08,5012.78,0
3,7,2024-03-15,4605.28,0
3,7,2024-03-22,4380.84,0
3,7,2024-03-29,4127.69,0
3,7,2024-04-05,4697.23,0
3,7,2024-04-12,5183.1,0
3,7,2024-04-19,4568.81,0
3,7,2024-04-26,5057.34,0
3,7,2024-05-03,4435.19,0
3,7,2024-05-10,4938.0,0
3,7,2024-05-17,4565.94,0
3,7,2024-05-24,4983.39,0
3,7,2024-05-31,4794.43,0
3,7,2024-06-07,4494.49,0
3,7,2024-06-14,4673.77,0
3,7,2024-06-21,4528.32,0
3,7,2024-06-28,4339.22,0
3,7,2024-07-05,5214.79,0
3,7,2024-07-12,4608.7,0
3,7,2024-07-19,3862.71,0
3,7,2024-07-26,4399.17,0
3,7,2024-08-02,4904.58,0
3,7,2024-08-09,4235.39,0
3,7,2024-08-16,4984.13,0
3,7,2024-08-23,4092.22,0
3,7,2024-08-30,4513.19,0
3,7,2024-09-06,5242.18,1
3,7,2024-09-13,3774.11,0
3,7,2024-09-20,3882.18,0
3,7,2024-09-27,4552.75,0
3,7,2024-10-04,3867.82,0
3,7,2024-10-11,4432.81,0
3,7,2024-10-18,3956.27,0
3,7,2024-10-25,4136.89,0
3,7,2024-11-01,3638.19,0
3,7,2024-11-08,3901.84,0
3,7,2024-11-15,3830.57,0
3,7,2024-11-22,4219.35,0
3,7,2024-11-29,5599.17,1
3,7,2024-12-06,4052.84,0
3,7,2024-12-13,3948.34,0
3,7,2024-12-20,4382.6,0
3,7,2024-12-27,5293.3,1
3,7,2025-01-03,4402.08,0
3,7,2025-01-10,4393.14,0
3,7,2025-01-17,4751.38,0
3,7,2025-01-24,4626.82,0
3,8,2023-02-03,4055.71,0
3,8,2023-02-10,4347.29,1
3,8,2023-02-17,5232.91,0
3,8,2023-02-24,4929.72,0
3,8,2023-03-03,4298.23,0
3,8,2023-03-10,5173.91,0
3,8,2023-03-17,4865.58,0
3,8,2023-03-24,4789.2,0
3,8,2023-03-31,4723.18,0
3,8,2023-04-07,5662.0,0
3,8,2023-04-14,4448.6,0
3,8,2023-04-21,4951.32,0
3,8,2023-04-28,5378.36,0
3,8,2023-05-05,6013.36,0
3,8,2023-05-12,5579.6,0
3,8,2023-05-19,4976.92,0
3,8,2023-05-26,5976.97,0
3,8,2023-06-02,4729.61,0
3,8,2023-06-09,5388.46,0
3,8,2023-06-16,5445.71,0
3,8,2023-06-23,4832.97,0
3,8,2023-06-30,5439.55,0
3,8,2023-07-07,4889.97,0
3,8,2023-07-14,5323.56,0
3,8,2023-07-21,4250.0,0
3,8,2023-07-28,5053.35,0
3,8,2023-08-04,4698.14,0
3,8,2023-08-11,5235.97,0
3,8,2023-08-18,4715.76,0
3,8,2023-08-25,5138.61,0
3,8,2023-09-01,4801.23,0
3,8,2023-09-08,4793.06,1
3,8,2023-09-15,4796.97,0
3,8,2023-09-22,4635.24,0
3,8,2023-09-29,3616.86,0
3,8,2023-10-06,4052.76,0
3,8,2023-10-13,4859.96,0
3,8,2023-10-20,3922.3,0
3,8,2023-10-27,4661.06,0
3,8,2023-11-03,4601.71,0
3,8,2023-11-10,4112.57,0
3,8,2023-11-17,3685.24,0
3,8,2023-11-24,5879.33,1
3,8,2023-12-01,4141.42,0
3,8,2023-12-08,4206.85,0
3,8,2023-12-15,4180.64,0
3,8,2023-12-22,5047.95,0
3,8,2023-12-29,5319.37,1
3,8,2024-01-05,5268.28,0
3,8,2024-01-12,5028.84,0
3,8,2024-01-19,4523.23,0
3,8,2024-01-26,4475.25,0
3,8,2024-02-02,5507.71,0
3,8,2024-02-09,5127.57,1
3,8,2024-02-16,4555.47,0
3,8,2024-02-23,4524.33,0
3,8,2024-03-01,4873.6,0
3,8,2024-03-08,4884.13,0
3,8,2024-03-15,4589.03,0
3,8,2024-03-22,5059.03,0
3,8,2024-03-29,5188.37,0
3,8,2024-04-05,5437.11,0
3,8,2024-04-12,6454.09,0
3,8,2024-04-19,5592.13,0
3,8,2024-04-26,5658.45,0
3,8,2024-05-03,5981.84,0
3,8,2024-05-10,5641.85,0
3,8,2024-05-17,5929.37,0
3,8,2024-05-24,5859.72,0
3,8,2024-05-31,5764.15,0
3,8,2024-06-07,6933.66,0
3,8,2024-06-14,6049.67,0
3,8,2024-06-21,5109.2,0
3,8,2024-06-28,5705.74,0
3,8,2024-07-05,5137.29,0
3,8,2024-07-12,5616.96,0
3,8,2024-07-19,4769.07,0
3,8,2024-07-26,4822.52,0
3,8,2024-08-02,5366.73,0
3,8,2024-08-09,5565.79,0
3,8,2024-08-16,5291.21,0
3,8,2024-08-23,5364.0,0
3,8,2024-08-30,5106.53,0
3,8,2024-09-06,5912.59,1
3,8,2024-09-13,5161.34,0
3,8,2024-09-20,5192.02,0
3,8,2024-09-27,4733.76,0
3,8,2024-10-04,4680.29,0
3,8,2024-10-11,5297.54,0
3,8,2024-10-18,4674.99,0
3,8,2024-10-25,4703.29,0
3,8,2024-11-01,4857.67,0
3,8,2024-11-08,4650.66,0
3,8,2024-11-15,4398.5,0
3,8,2024-11-22,4879.85,0
3,8,2024-11-29,5884.94,1
3,8,2024-12-06,5125.09,0
3,8,2024-12-13,4642.94,0
3,8,2024-12-20,5224.45,0
3,8,2024-12-27,6637.3,1
3,8,2025-01-03,4864.43,0
3,8,2025-01-10,5233.05,0
3,8,2025-01-17,5195.03,0
3,8,2025-01-24,5345.19,0
3,9,2023-02-03,2443.96,0
3,9,2023-02-10,2795.39,1
3,9,2023-02-17,2804.62,0
3,9,2023-02-24,3037.69,0
3,9,2023-03-03,2791.32,0
3,9,2023-03-10,2737.33,0
3,9,2023-03-17,3045.99,0
3,9,2023-03-24,2712.53,0
3,9,2023-03-31,3178.51,0
3,9,2023-04-07,3204.44,0
3,9,2023-04-14,3267.87,0
3,9,2023-04-21,3075.07,0
3,9,2023-04-28,2879.9,0
3,9,2023-05-05,3029.52,0
3,9,2023-05-12,3096.74,0
3,9,2023-05-19,2868.19,0
3,9,2023-05-26,3315.02,0
3,9,2023-06-02,3122.36,0
3,9,2023-06-09,2756.16,0
3,9,2023-06-16,3392.25,0
3,9,2023-06-23,2947.49,0
3,9,2023-06-30,2644.36,0
3,9,2023-07-07,2678.01,0
3,9,2023-07-14,3174.38,0
3,9,2023-07-21,3212.42,0
3,9,2023-07-28,2991.89,0
3,9,2023-08-04,3021.23,0
3,9,2023-08-11,2959.67,0
3,9,2023-08-18,2780.58,0
3,9,2023-08-25,2697.02,0
3,9,2023-09-01,2707.39,0
3,9,2023-09-08,3036.4,1
3,9,2023-09-15,2685.69,0
3,9,2023-09-22,2805.65,0
3,9,2023-09-29,2450.23,0
3,9,2023-10-06,2412.16,0
3,9,2023-10-13,2555.03,0
3,9,2023-10-20,2325.26,0
3,9,2023-10-27,2190.97,0
3,9,2023-11-03,2674.95,0
3,9,2023-11-10,2367.31,0
3,9,2023-11-17,2470.32,0
3,9,2023-11-24,3057.71,1
3,9,2023-12-01,2673.17,0
3,9,2023-12-08,2478.25,0
3,9,2023-12-15,2314.34,0
3,9,2023-12-22,2516.14,0
3,9,2023-12-29,3590.38,1
3,9,2024-01-05,2685.59,0
3,9,2024-01-12,2749.18,0
3,9,2024-01-19,2913.0,0
3,9,2024-01-26,2781.13,0
3,9,2024-02-02,2937.45,0
3,9,2024-02-09,2652.97,1
3,9,2024-02-16,3522.51,0
3,9,2024-02-23,2900.96,0
3,9,2024-03-01,3059.19,0
3,9,2024-03-08,3187.94,0
3,9,2024-03-15,2985.12,0
3,9,2024-03-22,3122.11,0
3,9,2024-03-29,3148.98,0
3,9,2024-04-05,2943.7,0
3,9,2024-04-12,3309.58,0
3,9,2024-04-19,2790.12,0
3,9,2024-04-26,3678.48,0
3,9,2024-05-03,3438.16,0
3,9,2024-05-10,3400.36,0
3,9,2024-05-17,2782.81,0
3,9,2024-05-24,3019.33,0
3,9,2024-05-31,3567.72,0
3,9,2024-06-07,4253.96,0
3,9,2024-06-14,3474.89,0
3,9,2024-06-21,3407.18,0
3,9,2024-06-28,3248.07,0
3,9,2024-07-05,2875.96,0
3,9,2024-07-12,3293.51,0
3,9,2024-07-19,2748.67,0
3,9,2024-07-26,2688.19,0
3,9,2024-08-02,2638.63,0
3,9,2024-08-09,3125.67,0
3,9,2024-08-16,2848.11,0
3,9,2024-08-23,2847.06,0
3,9,2024-08-30,2785.58,0
3,9,2024-09-06,2647.88,1
3,9,2024-09-13,2590.66,0
3,9,2024-09-20,2395.75,0
3,9,2024-09-27,2568.3,0
3,9,2024-10-04,2427.63,0
3,9,2024-10-11,2765.5,0
3,9,2024-10-18,2773.27,0
3,9,2024-10-25,2357.53,0
3,9,2024-11-01,2568.11,0
3,9,2024-11-08,3028.13,0
3,9,2024-11-15,2440.17,0
3,9,2024-11-22,2755.29,0
3,9,2024-11-29,3444.08,1
3,9,2024-12-06,2775.91,0
3,9,2024-12-13,2647.67,0
3,9,2024-12-20,2791.63,0
3,9,2024-12-27,3529.63,1
3,9,2025-01-03,2554.67,0
3,9,2025-01-10,3188.2,0
3,9,2025-01-17,3196.85,0
3,9,2025-01-24,2742.67,0
3,10,2023-02-03,3137.37,0
3,10,2023-02-10,3207.29,1
3,10,2023-02-17,3010.06,0
3,10,2023-02-24,2863.81,0
3,10,2023-03-03,3231.18,0
3,10,2023-03-10,3360.97,0
3,10,2023-03-17,3098.01,0
3,10,2023-03-24,3590.37,0
3,10,2023-03-31,3907.12,0
3,10,2023-04-07,3847.12,0
3,10,2023-04-14,3592.26,0
3,10,2023-04-21,3111.31,0
3,10,2023-04-28,3872.12,0
3,10,2023-05-05,3713.68,0
3,10,2023-05-12,3797.92,0
3,10,2023-05-19,4238.47,0
3,10,2023-05-26,3419.63,0
3,10,2023-06-02,2808.23,0
3,10,2023-06-09,3321.84,0
3,10,2023-06-16,3743.42,0
3,10,2023-06-23,3582.34,0
3,10,2023-06-30,3197.55,0
3,10,2023-07-07,3107.79,0
3,10,2023-07-14,3368.78,0
3,10,2023-07-21,3084.55,0
3,10,2023-07-28,3524.43,0
3,10,2023-08-04,3230.15,0
3,10,2023-08-11,3131.14,0
3,10,2023-08-18,3056.17,0
3,10,2023-08-25,3279.42,0
3,10,2023-09-01,3182.85,0
3,10,2023-09-08,3652.12,1
3,10,2023-09-15,3083.02,0
3,10,2023-09-22,2817.0,0
3,10,2023-09-29,2867.07,0
3,10,2023-10-06,2928.5,0
3,10,2023-10-13,3505.12,0
3,10,2023-10-20,2674.3,0
3,10,2023-10-27,2892.85,0
3,10,2023-11-03,3017.98,0
3,10,2023-11-10,2928.83,0
3,10,2023-11-17,3273.85,0
3,10,2023-11-24,5216.44,1
3,10,2023-12-01,3257.77,0
3,10,2023-12-08,3535.84,0
3,10,2023-12-15,3475.17,0
3,10,2023-12-22,3128.49,0
3,10,2023-12-29,5036.76,1
3,10,2024-01-05,3292.26,0
3,10,2024-01-12,3080.17,0
3,10,2024-01-19,3608.07,0
3,10,2024-01-26,3466.96,0
3,10,2024-02-02,3453.03,0
3,10,2024-02-09,3162.48,1
3,10,2024-02-16,3592.72,0
3,10,2024-02-23,3078.52,0
3,10,2024-03-01,3507.89,0
3,10,2024-03-08,3559.53,0
3,10,2024-03-15,3859.07,0
3,10,2024-03-22,4387.03,0
3,10,2024-03-29,4026.24,0
3,10,2024-04-05,4331.47,0
3,10,2024-04-12,4109.64,0
3,10,2024-04-19,4282.03,0
3,10,2024-04-26,4528.86,0
3,10,2024-05-03,3720.18,0
3,10,2024-05-10,3701.71,0
3,10,2024-05-17,4161.33,0
3,10,2024-05-24,3938.94,0
3,10,2024-05-31,3993.55,0
3,10,2024-06-07,3825.43,0
3,10,2024-06-14,3691.67,0
3,10,2024-06-21,4343.93,0
3,10,2024-06-28,3474.63,0
3,10,2024-07-05,3977.78,0
3,10,2024-07-12,3884.92,0
3,10,2024-07-19,3218.66,0
3,10,2024-07-26,3396.1,0
3,10,2024-08-02,3400.47,0
3,10,2024-08-09,3703.7,0
3,10,2024-08-16,3394.4,0
3,10,2024-08-23,3428.25,0
3,10,2024-08-30,3011.29,0
3,10,2024-09-06,4281.49,1
3,10,2024-09-13,3464.73,0
3,10,2024-09-20,3156.34,0
3,10,2024-09-27,3100.2,0
3,10,2024-10-04,3745.08,0
3,10,2024-10-11,2735.35,0
3,10,2024-10-18,3291.08,0
3,10,2024-10-25,2902.54,0
3,10,2024-11-01,3110.93,0
3,10,2024-11-08,3058.04,0
3,10,2024-11-15,2981.08,0
3,10,2024-11-22,3265.67,0
3,10,2024-11-29,5333.12,1
3,10,2024-12-06,3290.5,0
3,10,2024-12-13,2987.22,0
3,10,2024-12-20,3804.71,0
3,10,2024-12-27,6672.23,1
3,10,2025-01-03,3325.37,0
3,10,2025-01-10,3521.1,0
3,10,2025-01-17,3976.88,0
3,10,2025-01-24,4381.35,0
4,1,2023-02-03,58830.51,0
4,1,2023-02-10,70118.9,1
4,1,2023-02-17,58424.99,0
4,1,2023-02-24,65445.44,0
4,1,2023-03-03,62704.55,0
4,1,2023-03-10,60436.35,0
4,1,2023-03-17,62171.05,0
4,1,2023-03-24,52231.79,0
4,1,2023-03-31,63176.38,0
4,1,2023-04-07,54559.53,0
4,1,2023-04-14,54525.28,0
4,1,2023-04-21,63982.47,0
4,1,2023-04-28,57613.5,0
4,1,2023-05-05,63357.45,0
4,1,2023-05-12,64139.76,0
4,1,2023-05-19,64310.29,0
4,1,2023-05-26,58656.61,0
4,1,2023-06-02,67512.25,0
4,1,2023-06-09,62201.48,0
4,1,2023-06-16,64425.77,0
4,1,2023-06-23,55825.79,0
4,1,2023-06-30,60298.71,0
4,1,2023-07-07,65864.36,0
4,1,2023-07-14,64525.51,0
4,1,2023-07-21,55395.19,0
4,1,2023-07-28,55883.54,0
4,1,2023-08-04,53121.47,0
4,1,2023-08-11,53942.03,0
4,1,2023-08-18,49900.19,0
4,1,2023-08-25,54855.43,0
4,1,2023-09-01,57556.42,0
4,1,2023-09-08,57116.11,1
4,1,2023-09-15,52609.02,0
4,1,2023-09-22,57509.83,0
4,1,2023-09-29,50014.68,0
4,1,2023-10-06,49821.41,0
4,1,2023-10-13,48434.93,0
4,1,2023-10-20,47061.05,0
4,1,2023-10-27,53881.06,0
4,1,2023-11-03,51155.63,0
4,1,2023-11-10,52066.68,0
4,1,2023-11-17,57375.98,0
4,1,2023-11-24,76825.49,1
4,1,2023-12-01,55557.58,0
4,1,2023-12-08,54301.04,0
4,1,2023-12-15,51950.93,0
4,1,2023-12-22,56058.85,0
4,1,2023-12-29,55919.73,1
4,1,2024-01-05,58512.15,0
4,1,2024-01-12,53113.59,0
4,1,2024-01-19,55253.86,0
4,1,2024-01-26,50876.03,0
4,1,2024-02-02,58346.0,0
4,1,2024-02-09,75927.64,1
4,1,2024-02-16,65575.54,0
4,1,2024-02-23,69056.38,0
4,1,2024-03-01,63399.42,0
4,1,2024-03-08,62799.72,0
4,1,2024-03-15,67418.31,0
4,1,2024-03-22,65756.78,0
4,1,2024-03-29,60735.34,0
4,1,2024-04-05,63537.3,0
4,1,2024-04-12,65890.1,0
4,1,2024-04-19,69192.28,0
4,1,2024-04-26,68148.0,0
4,1,2024-05-03,69392.16,0
4,1,2024-05-10,59953.88,0
4,1,2024-05-17,71847.48,0
4,1,2024-05-24,68064.96,0
4,1,2024-05-31,81615.34,0
4,1,2024-06-07,65316.51,0
4,1,2024-06-14,68681.78,0
4,1,2024-06-21,81440.83,0
4,1,2024-06-28,66818.71,0
4,1,2024-07-05,64768.77,0
4,1,2024-07-12,59308.8,0
4,1,2024-07-19,71402.78,0
4,1,2024-07-26,57001.14,0
4,1,2024-08-02,64133.46,0
4,1,2024-08-09,58881.01,0
4,1,2024-08-16,59480.49,0
4,1,2024-08-23,52823.78,0
4,1,2024-08-30,65196.29,0
4,1,2024-09-06,65681.04,1
4,1,2024-09-13,63305.91,0
4,1,2024-09-20,54676.96,0
4,1,2024-09-27,58002.62,0
4,1,2024-10-04,59870.92,0
4,1,2024-10-11,57911.57,0
4,1,2024-10-18,45827.95,0
4,1,2024-10-25,58595.05,0
4,1,2024-11-01,55078.48,0
4,1,2024-11-08,54189.04,0
4,1,2024-11-15,55404.86,0
4,1,2024-11-22,48995.49,0
4,1,2024-11-29,71129.06,1
4,1,2024-12-06,55932.04,0
4,1,2024-12-13,58608.01,0
4,1,2024-12-20,63648.86,0
4,1,2024-12-27,75215.54,1
4,1,2025-01-03,64852.61,0
4,1,2025-01-10,59106.75,0
4,1,2025-01-17,56659.9,0
4,1,2025-01-24,55872.89,0
4,2,2023-02-03,35296.02,0
4,2,2023-02-10,33027.11,1
4,2,2023-02-17,39063.63,0
4,2,2023-02-24,34210.39,0
4,2,2023-03-03,34046.62,0
4,2,2023-03-10,37871.44,0
4,2,2023-03-17,35564.3,0
4,2,2023-03-24,38069.2,0
4,2,2023-03-31,41441.99,0
4,2,2023-04-07,39094.72,0
4,2,2023-04-14,39374.71,0
4,2,2023-04-21,39849.79,0
4,2,2023-04-28,34025.36,0
4,2,2023-05-05,40681.34,0
4,2,2023-05-12,39977.07,0
4,2,2023-05-19,42254.88,0
4,2,2023-05-26,41249.88,0
4,2,2023-06-02,38556.92,0
4,2,2023-06-09,42200.96,0
4,2,2023-06-16,37814.37,0
4,2,2023-06-23,39172.24,0
4,2,2023-06-30,37114.76,0
4,2,2023-07-07,39066.76,0
4,2,2023-07-14,36135.33,0
4,2,2023-07-21,41668.95,0
4,2,2023-07-28,42226.77,0
4,2,2023-08-04,38401.66,0
4,2,2023-08-11,39792.09,0
4,2,2023-08-18,30657.02,0
4,2,2023-08-25,30589.21,0
4,2,2023-09-01,33209.5,0
4,2,2023-09-08,36358.76,1
4,2,2023-09-15,28944.73,0
4,2,2023-09-22,36038.57,0
4,2,2023-09-29,38360.24,0
4,2,2023-10-06,35825.43,0
4,2,2023-10-13,35132.28,0
4,2,2023-10-20,32796.66,0
4,2,2023-10-27,29995.17,0
4,2,2023-11-03,32364.68,0
4,2,2023-11-10,37688.98,0
4,2,2023-11-17,31484.77,0
4,2,2023-11-24,65039.89,1
4,2,2023-12-01,35951.76,0
4,2,2023-12-08,30936.98,0
4,2,2023-12-15,32862.34,0
4,2,2023-12-22,32625.24,0
4,2,2023-12-29,58300.43,1
4,2,2024-01-05,32717.91,0
4,2,2024-01-12,38601.21,0
4,2,2024-01-19,36362.73,0
4,2,2024-01-26,43470.15,0
4,2,2024-02-02,38189.36,0
4,2,2024-02-09,37537.4,1
4,2,2024-02-16,40181.8,0
4,2,2024-02-23,37934.69,0
4,2,2024-03-01,33856.97,0
4,2,2024-03-08,39284.07,0
4,2,2024-03-15,39707.3,0
4,2,2024-03-22,35759.5,0
4,2,2024-03-29,41130.96,0
4,2,2024-04-05,34814.38,0
4,2,2024-04-12,40826.11,0
4,2,2024-04-19,43037.47,0
4,2,2024-04-26,42700.34,0
4,2,2024-05-03,41066.3,0
4,2,2024-05-10,42196.81,0
4,2,2024-05-17,39783.78,0
4,2,2024-05-24,42376.6,0
4,2,2024-05-31,42366.85,0
4,2,2024-06-07,38921.37,0
4,2,2024-06-14,42549.51,0
4,2,2024-06-21,42185.94,0
4,2,2024-06-28,40396.01,0
4,2,2024-07-05,48367.82,0
4,2,2024-07-12,39615.67,0
4,2,2024-07-19,38703.93,0
4,2,2024-07-26,37771.35,0
4,2,2024-08-02,35589.53,0
4,2,2024-08-09,40169.2,0
4,2,2024-08-16,35516.2,0
4,2,2024-08-23,35408.25,0
4,2,2024-08-30,35053.33,0
4,2,2024-09-06,39942.38,1
4,2,2024-09-13,34476.45,0
4,2,2024-09-20,37927.84,0
4,2,2024-09-27,35703.51,0
4,2,2024-10-04,39261.11,0
4,2,2024-10-11,36802.98,0
4,2,2024-10-18,36044.59,0
4,2,2024-10-25,39739.66,0
4,2,2024-11-01,34280.64,0
4,2,2024-11-08,34803.88,0
4,2,2024-11-15,34745.71,0
4,2,2024-11-22,39315.09,0
4,2,2024-11-29,72523.18,1
4,2,2024-12-06,37291.09,0
4,2,2024-12-13,33665.02,0
4,2,2024-12-20,38026.58,0
4,2,2024-12-27,72942.98,1
4,2,2025-01-03,39209.26,0
4,2,2025-01-10,33552.78,0
4,2,2025-01-17,39190.9,0
4,2,2025-01-24,37850.2,0
4,3,2023-02-03,33357.62,0
4,3,2023-02-10,27920.17,1
4,3,2023-02-17,26669.55,0
4,3,2023-02-24,25290.58,0
4,3,2023-03-03,31838.68,0
4,3,2023-03-10,28392.23,0
4,3,2023-03-17,27694.3,0
4,3,2023-03-24,30695.26,0
4,3,2023-03-31,31749.65,0
4,3,2023-04-07,31975.27,0
4,3,2023-04-14,30689.17,0
4,3,2023-04-21,31197.29,0
4,3,2023-04-28,31496.63,0
4,3,2023-05-05,31826.45,0
4,3,2023-05-12,32067.93,0
4,3,2023-05-19,33699.9,0
4,3,2023-05-26,31051.97,0
4,3,2023-06-02,28780.1,0
4,3,2023-06-09,30274.71,0
4,3,2023-06-16,32258.13,0
4,3,2023-06-23,25867.83,0
4,3,2023-06-30,25645.6,0
4,3,2023-07-07,31776.41,0
4,3,2023-07-14,32833.72,0
4,3,2023-07-21,25999.27,0
4,3,2023-07-28,28797.26,0
4,3,2023-08-04,27299.65,0
4,3,2023-08-11,27252.49,0
4,3,2023-08-18,28141.71,0
4,3,2023-08-25,24313.17,0
4,3,2023-09-01,24409.86,0
4,3,2023-09-08,27657.04,1
4,3,2023-09-15,23823.45,0
4,3,2023-09-22,27565.28,0
4,3,2023-09-29,24850.7,0
4,3,2023-10-06,24670.46,0
4,3,2023-10-13,25972.62,0
4,3,2023-10-20,25049.91,0
4,3,2023-10-27,26965.14,0
4,3,2023-11-03,23394.74,0
4,3,2023-11-10,22510.5,0
4,3,2023-11-17,24823.97,0
4,3,2023-11-24,41726.13,1
4,3,2023-12-01,22956.26,0
4,3,2023-12-08,26456.74,0
4,3,2023-12-15,24773.34,0
4,3,2023-12-22,23603.13,0
4,3,2023-12-29,56286.8,1
4,3,2024-01-05,30001.33,0
4,3,2024-01-12,27961.14,0
4,3,2024-01-19,29008.54,0
4,3,2024-01-26,28309.04,0
4,3,2024-02-02,23044.49,0
4,3,2024-02-09,27020.94,1
4,3,2024-02-16,29880.11,0
4,3,2024-02-23,31525.82,0
4,3,2024-03-01,26615.82,0
4,3,2024-03-08,31336.67,0
4,3,2024-03-15,28991.98,0
4,3,2024-03-22,32802.7,0
4,3,2024-03-29,32456.66,0
4,3,2024-04-05,34723.34,0
4,3,2024-04-12,35811.44,0
4,3,2024-04-19,34386.7,0
4,3,2024-04-26,35583.47,0
4,3,2024-05-03,32428.47,0
4,3,2024-05-10,40922.61,0
4,3,2024-05-17,30098.73,0
4,3,2024-05-24,31862.56,0
4,3,2024-05-31,35523.53,0
4,3,2024-06-07,34938.9,0
4,3,2024-06-14,34007.01,0
4,3,2024-06-21,34221.06,0
4,3,2024-06-28,26805.63,0
4,3,2024-07-05,35884.86,0
4,3,2024-07-12,30967.46,0
4,3,2024-07-19,34205.37,0
4,3,2024-07-26,25718.56,0
4,3,2024-08-02,30940.47,0
4,3,2024-08-09,28570.97,0
4,3,2024-08-16,30878.01,0
4,3,2024-08-23,29884.28,0
4,3,2024-08-30,29624.02,0
4,3,2024-09-06,28383.64,1
4,3,2024-09-13,27725.0,0
4,3,2024-09-20,28958.08,0
4,3,2024-09-27,29803.31,0
4,3,2024-10-04,27754.35,0
4,3,2024-10-11,24492.97,0
4,3,2024-10-18,27415.31,0
4,3,2024-10-25,32805.4,0
4,3,2024-11-01,30720.32,0
4,3,2024-11-08,20734.27,0
4,3,2024-11-15,27463.73,0
4,3,2024-11-22,29545.01,0
4,3,2024-11-29,43471.56,1
4,3,2024-12-06,27386.81,0
4,3,2024-12-13,29549.15,0
4,3,2024-12-20,26022.33,0
4,3,2024-12-27,57321.78,1
4,3,2025-01-03,27268.53,0
4,3,2025-01-10,32616.29,0
4,3,2025-01-17,26639.23,0
4,3,2025-01-24,29511.05,0
4,4,2023-02-03,21191.86,0
4,4,2023-02-10,26432.33,1
4,4,2023-02-17,21658.07,0
4,4,2023-02-24,19247.29,0
4,4,2023-03-03,22488.77,0
4,4,2023-03-10,24770.23,0
4,4,2023-03-17,25707.81,0
4,4,2023-03-24,28910.39,0
4,4,2023-03-31,27472.77,0
4,4,2023-04-07,25273.13,0
4,4,2023-04-14,23281.91,0
4,4,2023-04-21,28478.65,0
4,4,2023-04-28,24554.34,0
4,4,2023-05-05,24022.28,0
4,4,2023-05-12,24528.23,0
4,4,2023-05-19,22812.92,0
4,4,2023-05-26,24351.1,0
4,4,2023-06-02,24723.79,0
4,4,2023-06-09,26524.28,0
4,4,2023-06-16,24119.15,0
4,4,2023-06-23,22190.01,0
4,4,2023-06-30,21329.2,0
4,4,2023-07-07,24625.71,0
4,4,2023-07-14,24090.41,0
4,4,2023-07-21,22618.14,0
4,4,2023-07-28,22499.46,0
4,4,2023-08-04,23790.7,0
4,4,2023-08-11,25305.99,0
4,4,2023-08-18,21072.93,0
4,4,2023-08-25,22345.23,0
4,4,2023-09-01,23592.53,0
4,4,2023-09-08,23614.44,1
4,4,2023-09-15,21356.37,0
4,4,2023-09-22,18987.97,0
4,4,2023-09-29,21318.61,0
4,4,2023-10-06,20942.58,0
4,4,2023-10-13,21703.22,0
4,4,2023-10-20,18742.62,0
4,4,2023-10-27,20693.56,0
4,4,2023-11-03,22972.43,0
4,4,2023-11-10,24182.03,0
4,4,2023-11-17,22959.54,0
4,4,2023-11-24,25590.16,1
4,4,2023-12-01,20311.4,0
4,4,2023-12-08,21819.84,0
4,4,2023-12-15,20244.18,0
4,4,2023-12-22,18855.48,0
4,4,2023-12-29,25887.31,1
4,4,2024-01-05,22996.74,0
4,4,2024-01-12,23561.1,0
4,4,2024-01-19,23588.81,0
4,4,2024-01-26,24323.05,0
4,4,2024-02-02,24953.79,0
4,4,2024-02-09,23785.34,1
4,4,2024-02-16,24859.48,0
4,4,2024-02-23,28557.81,0
4,4,2024-03-01,25704.18,0
4,4,2024-03-08,25837.19,0
4,4,2024-03-15,26274.95,0
4,4,2024-03-22,25884.85,0
4,4,2024-03-29,25670.41,0
4,4,2024-04-05,27262.7,0
4,4,2024-04-12,25904.06,0
4,4,2024-04-19,26822.17,0
4,4,2024-04-26,25516.24,0
4,4,2024-05-03,27533.33,0
4,4,2024-05-10,28589.92,0
4,4,2024-05-17,26824.26,0
4,4,2024-05-24,22845.33,0
4,4,2024-05-31,28390.24,0
4,4,2024-06-07,27221.98,0
4,4,2024-06-14,24651.86,0
4,4,2024-06-21,28207.21,0
4,4,2024-06-28,23374.43,0
4,4,2024-07-05,28226.94,0
4,4,2024-07-12,25638.93,0
4,4,2024-07-19,20830.27,0
4,4,2024-07-26,25489.31,0
4,4,2024-08-02,23999.7,0
4,4,2024-08-09,23389.28,0
4,4,2024-08-16,22732.35,0
4,4,2024-08-23,23603.22,0
4,4,2024-08-30,22634.23,0
4,4,2024-09-06,22232.12,1
4,4,2024-09-13,22565.9,0
4,4,2024-09-20,21455.47,0
4,4,2024-09-27,20556.33,0
4,4,2024-10-04,23821.49,0
4,4,2024-10-11,19999.96,0
4,4,2024-10-18,22477.69,0
4,4,2024-10-25,21166.21,0
4,4,2024-11-01,21276.59,0
4,4,2024-11-08,20296.23,0
4,4,2024-11-15,21247.55,0
4,4,2024-11-22,22511.56,0
4,4,2024-11-29,31167.35,1
4,4,2024-12-06,22729.83,0
4,4,2024-12-13,24799.44,0
4,4,2024-12-20,20326.64,0
4,4,2024-12-27,27788.01,1
4,4,2025-01-03,22083.63,0
4,4,2025-01-10,24995.03,0
4,4,2025-01-17,23785.09,0
4,4,2025-01-24,22808.05,0
4,5,2023-02-03,16373.48,0
4,5,2023-02-10,16148.85,1
4,5,2023-02-17,12914.45,0
4,5,2023-02-24,13675.63,0
4,5,2023-03-03,16470.95,0
4,5,2023-03-10,15569.72,0
4,5,2023-03-17,18062.93,0
4,5,2023-03-24,17108.13,0
4,5,2023-03-31,16856.71,0
4,5,2023-04-07,15242.24,0
4,5,2023-04-14,17370.22,0
4,5,2023-04-21,15087.82,0
4,5,2023-04-28,18628.11,0
4,5,2023-05-05,17475.84,0
4,5,2023-05-12,15800.32,0
4,5,2023-05-19,17989.95,0
4,5,2023-05-26,19884.95,0
4,5,2023-06-02,16503.34,0
4,5,2023-06-09,17441.96,0
4,5,2023-06-16,16021.36,0
4,5,2023-06-23,16575.01,0
4,5,2023-06-30,14345.45,0
4,5,2023-07-07,16145.75,0
4,5,2023-07-14,16023.16,0
4,5,2023-07-21,18049.29,0
4,5,2023-07-28,13344.73,0
4,5,2023-08-04,15036.74,0
4,5,2023-08-11,16746.26,0
4,5,2023-08-18,14693.97,0
4,5,2023-08-25,14588.87,0
4,5,2023-09-01,13634.64,0
4,5,2023-09-08,15503.32,1
4,5,2023-09-15,13562.12,0
4,5,2023-09-22,13022.88,0
4,5,2023-09-29,14155.8,0
4,5,2023-10-06,13049.01,0
4,5,2023-10-13,13322.09,0
4,5,2023-10-20,13306.52,0
4,5,2023-10-27,13731.6,0
4,5,2023-11-03,13207.47,0
4,5,2023-11-10,12649.6,0
4,5,2023-11-17,13979.71,0
4,5,2023-11-24,25094.87,1
4,5,2023-12-01,13398.19,0
4,5,2023-12-08,14083.39,0
4,5,2023-12-15,12024.94,0
4,5,2023-12-22,14404.7,0
4,5,2023-12-29,22332.18,1
4,5,2024-01-05,14084.22,0
4,5,2024-01-12,14717.47,0
4,5,2024-01-19,16685.66,0
4,5,2024-01-26,17079.3,0
4,5,2024-02-02,14774.78,0
4,5,2024-02-09,15541.19,1
4,5,2024-02-16,15815.02,0
4,5,2024-02-23,17790.47,0
4,5,2024-03-01,17140.83,0
4,5,2024-03-08,17293.77,0
4,5,2024-03-15,18118.98,0
4,5,2024-03-22,16724.76,0
4,5,2024-03-29,19665.82,0
4,5,2024-04-05,17874.2,0
4,5,2024-04-12,16765.16,0
4,5,2024-04-19,17759.68,0
4,5,2024-04-26,19948.91,0
4,5,2024-05-03,17579.36,0
4,5,2024-05-10,19592.18,0
4,5,2024-05-17,17281.17,0
4,5,2024-05-24,17034.22,0
4,5,2024-05-31,19026.92,0
4,5,2024-06-07,16718.38,0
4,5,2024-06-14,19027.96,0
4,5,2024-06-21,18207.44,0
4,5,2024-06-28,16319.64,0
4,5,2024-07-05,17266.37,0
4,5,2024-07-12,16417.57,0
4,5,2024-07-19,17440.08,0
4,5,2024-07-26,19284.09,0
4,5,2024-08-02,16046.75,0
4,5,2024-08-09,17016.76,0
4,5,2024-08-16,16136.9,0
4,5,2024-08-23,15927.87,0
4,5,2024-08-30,15491.35,0
4,5,2024-09-06,16059.01,1
4,5,2024-09-13,14989.45,0
4,5,2024-09-20,14093.53,0
4,5,2024-09-27,16286.33,0
4,5,2024-10-04,15077.15,0
4,5,2024-10-11,14607.33,0
4,5,2024-10-18,16415.64,0
4,5,2024-10-25,12627.73,0
4,5,2024-11-01,16314.49,0
4,5,2024-11-08,13796.03,0
4,5,2024-11-15,15156.91,0
4,5,2024-11-22,14291.59,0
4,5,2024-11-29,29318.66,1
4,5,2024-12-06,17530.96,0
4,5,2024-12-13,15162.65,0
4,5,2024-12-20,16049.53,0
4,5,2024-12-27,26256.6,1
4,5,2025-01-03,13358.55,0
4,5,2025-01-10,16814.97,0
4,5,2025-01-17,15615.49,0
4,5,2025-01-24,13670.22,0
4,6,2023-02-03,17972.49,0
4,6,2023-02-10,21581.87,1
4,6,2023-02-17,18092.65,0
4,6,2023-02-24,20606.6,0
4,6,2023-03-03,21540.36,0
4,6,2023-03-10,19895.81,0
4,6,2023-03-17,20352.95,0
4,6,2023-03-24,17581.98,0
4,6,2023-03-31,19398.93,0
4,6,2023-04-07,22254.57,0
4,6,2023-04-14,20992.84,0
4,6,2023-04-21,21620.63,0
4,6,2023-04-28,21308.2,0
4,6,2023-05-05,24836.75,0
4,6,2023-05-12,20417.44,0
4,6,2023-05-19,23840.82,0
4,6,2023-05-26,21301.78,0
4,6,2023-06-02,23840.21,0
4,6,2023-06-09,18836.42,0
4,6,2023-06-16,21049.73,0
4,6,2023-06-23,19930.14,0
4,6,2023-06-30,20617.98,0
4,6,2023-07-07,22156.75,0
4,6,2023-07-14,20564.24,0
4,6,2023-07-21,21648.64,0
4,6,2023-07-28,18433.59,0
4,6,2023-08-04,17962.28,0
4,6,2023-08-11,19001.68,0
4,6,2023-08-18,18671.82,0
4,6,2023-08-25,18214.61,0
4,6,2023-09-01,16860.14,0
4,6,2023-09-08,22794.45,1
4,6,2023-09-15,19887.81,0
4,6,2023-09-22,17695.79,0
4,6,2023-09-29,18438.53,0
4,6,2023-10-06,18184.92,0
4,6,2023-10-13,16175.1,0
4,6,2023-10-20,17764.42,0
4,6,2023-10-27,19889.04,0
4,6,2023-11-03,17585.19,0
4,6,2023-11-10,18525.7,0
4,6,2023-11-17,18318.13,0
4,6,2023-11-24,24016.79,1
4,6,2023-12-01,18377.61,0
4,6,2023-12-08,18865.05,0
4,6,2023-12-15,16035.91,0
4,6,2023-12-22,18569.19,0
4,6,2023-12-29,22198.01,1
4,6,2024-01-05,20674.48,0
4,6,2024-01-12,17905.47,0
4,6,2024-01-19,17166.82,0
4,6,2024-01-26,20883.65,0
4,6,2024-02-02,17682.82,0
4,6,2024-02-09,17140.65,1
4,6,2024-02-16,22075.12,0
4,6,2024-02-23,21150.67,0
4,6,2024-03-01,21980.46,0
4,6,2024-03-08,20698.44,0
4,6,2024-03-15,19311.83,0
4,6,2024-03-22,19870.85,0
4,6,2024-03-29,21681.32,0
4,6,2024-04-05,20071.24,0
4,6,2024-04-12,23049.5,0
4,6,2024-04-19,21778.39,0
4,6,2024-04-26,23035.06,0
4,6,2024-05-03,23030.23,0
4,6,2024-05-10,23465.5,0
4,6,2024-05-17,23647.67,0
4,6,2024-05-24,22058.09,0
4,6,2024-05-31,22924.04,0
4,6,2024-06-07,22893.18,0
4,6,2024-06-14,17980.11,0
4,6,2024-06-21,23281.55,0
4,6,2024-06-28,22195.44,0
4,6,2024-07-05,22686.54,0
4,6,2024-07-12,19254.59,0
4,6,2024-07-19,20672.26,0
4,6,2024-07-26,19113.59,0
4,6,2024-08-02,21902.84,0
4,6,2024-08-09,18106.71,0
4,6,2024-08-16,18636.13,0
4,6,2024-08-23,20721.0,0
4,6,2024-08-30,18635.5,0
4,6,2024-09-06,20046.64,1
4,6,2024-09-13,20634.01,0
4,6,2024-09-20,20088.67,0
4,6,2024-09-27,20108.66,0
4,6,2024-10-04,18351.92,0
4,6,2024-10-11,18294.14,0
4,6,2024-10-18,17571.9,0
4,6,2024-10-25,18750.69,0
4,6,2024-11-01,17726.82,0
4,6,2024-11-08,17908.61,0
4,6,2024-11-15,19524.99,0
4,6,2024-11-22,20522.89,0
4,6,2024-11-29,23560.33,1
4,6,2024-12-06,18003.41,0
4,6,2024-12-13,16457.73,0
4,6,2024-12-20,20654.53,0
4,6,2024-12-27,22033.53,1
4,6,2025-01-03,17250.17,0
4,6,2025-01-10,18935.42,0
4,6,2025-01-17,18234.25,0
4,6,2025-01-24,20324.84,0
4,7,2023-02-03,16727.31,0
4,7,2023-02-10,20507.07,1
4,7,2023-02-17,18786.93,0
4,7,2023-02-24,15741.11,0
4,7,2023-03-03,19237.48,0
4,7,2023-03-10,18754.49,0
4,7,2023-03-17,18667.53,0
4,7,2023-03-24,18987.05,0
4,7,2023-03-31,19520.33,0
4,7,2023-04-07,18293.83,0
4,7,2023-04-14,19214.22,0
4,7,2023-04-21,21459.89,0
4,7,2023-04-28,18569.91,0
4,7,2023-05-05,18097.48,0
4,7,2023-05-12,19638.59,0
4,7,2023-05-19,17935.4,0
4,7,2023-05-26,16960.37,0
4,7,2023-06-02,19055.05,0
4,7,2023-06-09,21749.49,0
4,7,2023-06-16,19300.63,0
4,7,2023-06-23,19480.75,0
4,7,2023-06-30,15787.98,0
4,7,2023-07-07,19497.77,0
4,7,2023-07-14,18767.89,0
4,7,2023-07-21,17429.01,0
4,7,2023-07-28,18441.28,0
4,7,2023-08-04,18190.37,0
4,7,2023-08-11,16210.82,0
4,7,2023-08-18,17945.18,0
4,7,2023-08-25,18909.6,0
4,7,2023-09-01,16732.4,0
4,7,2023-09-08,16517.28,1
4,7,2023-09-15,17800.26,0
4,7,2023-09-22,14880.59,0
4,7,2023-09-29,17117.85,0
4,7,2023-10-06,15366.38,0
4,7,2023-10-13,16475.54,0
4,7,2023-10-20,15379.79,0
4,7,2023-10-27,15352.65,0
4,7,2023-11-03,18049.39,0
4,7,2023-11-10,14309.77,0
4,7,2023-11-17,16827.5,0
4,7,2023-11-24,22798.44,1
4,7,2023-12-01,14683.01,0
4,7,2023-12-08,14892.77,0
4,7,2023-12-15,15773.12,0
4,7,2023-12-22,17209.7,0
4,7,2023-12-29,21074.18,1
4,7,2024-01-05,16262.82,0
4,7,2024-01-12,16600.52,0
4,7,2024-01-19,17773.93,0
4,7,2024-01-26,21234.44,0
4,7,2024-02-02,17229.7,0
4,7,2024-02-09,20365.93,1
4,7,2024-02-16,20184.37,0
4,7,2024-02-23,19428.64,0
4,7,2024-03-01,18350.24,0
4,7,2024-03-08,19446.13,0
4,7,2024-03-15,18985.77,0
4,7,2024-03-22,20974.88,0
4,7,2024-03-29,25128.74,0
4,7,2024-04-05,21775.26,0
4,7,2024-04-12,20840.89,0
4,7,2024-04-19,19984.53,0
4,7,2024-04-26,18908.9,0
4,7,2024-05-03,22477.54,0
4,7,2024-05-10,22398.33,0
4,7,2024-05-17,20431.74,0
4,7,2024-05-24,23224.88,0
4,7,2024-05-31,21121.04,0
4,7,2024-06-07,22270.82,0
4,7,2024-06-14,21322.24,0
4,7,2024-06-21,20368.04,0
4,7,2024-06-28,18906.46,0
4,7,2024-07-05,20024.01,0
4,7,2024-07-12,21382.86,0
4,7,2024-07-19,18989.49,0
4,7,2024-07-26,20233.79,0
4,7,2024-08-02,17622.21,0
4,7,2024-08-09,20228.02,0
4,7,2024-08-16,19260.05,0
4,7,2024-08-23,16763.19,0
4,7,2024-08-30,17987.08,0
4,7,2024-09-06,22564.67,1
4,7,2024-09-13,16367.5,0
4,7,2024-09-20,17626.95,0
4,7,2024-09-27,20574.24,0
4,7,2024-10-04,16512.76,0
4,7,2024-10-11,18046.43,0
4,7,2024-10-18,17657.21,0
4,7,2024-10-25,16454.5,0
4,7,2024-11-01,17497.25,0
4,7,2024-11-08,16694.25,0
4,7,2024-11-15,16891.06,0
4,7,2024-11-22,15171.32,0
4,7,2024-11-29,21094.83,1
4,7,2024-12-06,17890.12,0
4,7,2024-12-13,19579.55,0
4,7,2024-12-20,19081.64,0
4,7,2024-12-27,25445.04,1
4,7,2025-01-03,18026.04,0
4,7,2025-01-10,16802.72,0
4,7,2025-01-17,18929.98,0
4,7,2025-01-24,19882.21,0
4,8,2023-02-03,22448.99,0
4,8,2023-02-10,20903.23,1
4,8,2023-02-17,18958.6,0
4,8,2023-02-24,18292.16,0
4,8,2023-03-03,20619.44,0
4,8,2023-03-10,22623.37,0
4,8,2023-03-17,21123.1,0
4,8,2023-03-24,22681.53,0
4,8,2023-03-31,21631.71,0
4,8,2023-04-07,23401.78,0
4,8,2023-04-14,19436.7,0
4,8,2023-04-21,25278.79,0
4,8,2023-04-28,20487.67,0
4,8,2023-05-05,23971.17,0
4,8,2023-05-12,22064.31,0
4,8,2023-05-19,22327.04,0
4,8,2023-05-26,22048.15,0
4,8,2023-06-02,22852.25,0
4,8,2023-06-09,23090.41,0
4,8,2023-06-16,23999.6,0
4,8,2023-06-23,24422.5,0
4,8,2023-06-30,22327.19,0
4,8,2023-07-07,24480.02,0
4,8,2023-07-14,21448.35,0
4,8,2023-07-21,22851.31,0
4,8,2023-07-28,21489.07,0
4,8,2023-08-04,19608.73,0
4,8,2023-08-11,20535.87,0
4,8,2023-08-18,20782.58,0
4,8,2023-08-25,19671.36,0
4,8,2023-09-01,20121.25,0
4,8,2023-09-08,23158.76,1
4,8,2023-09-15,14556.88,0
4,8,2023-09-22,21387.97,0
4,8,2023-09-29,18252.69,0
4,8,2023-10-06,17345.78,0
4,8,2023-10-13,16810.37,0
4,8,2023-10-20,17912.49,0
4,8,2023-10-27,17552.17,0
4,8,2023-11-03,17303.28,0
4,8,2023-11-10,17425.96,0
4,8,2023-11-17,19297.15,0
4,8,2023-11-24,28750.88,1
4,8,2023-12-01,20467.11,0
4,8,2023-12-08,18392.09,0
4,8,2023-12-15,19340.29,0
4,8,2023-12-22,20085.55,0
4,8,2023-12-29,25112.54,1
4,8,2024-01-05,21347.18,0
4,8,2024-01-12,22058.85,0
4,8,2024-01-19,20722.24,0
4,8,2024-01-26,18940.35,0
4,8,2024-02-02,20776.51,0
4,8,2024-02-09,19124.91,1
4,8,2024-02-16,22083.82,0
4,8,2024-02-23,22733.02,0
4,8,2024-03-01,22102.21,0
4,8,2024-03-08,23331.04,0
4,8,2024-03-15,23937.44,0
4,8,2024-03-22,23898.17,0
4,8,2024-03-29,21369.06,0
4,8,2024-04-05,23352.66,0
4,8,2024-04-12,24783.46,0
4,8,2024-04-19,27169.37,0
4,8,2024-04-26,23685.6,0
4,8,2024-05-03,25333.67,0
4,8,2024-05-10,25984.21,0
4,8,2024-05-17,23873.45,0
4,8,2024-05-24,26417.05,0
4,8,2024-05-31,26415.21,0
4,8,2024-06-07,26613.56,0
4,8,2024-06-14,24677.22,0
4,8,2024-06-21,28070.65,0
4,8,2024-06-28,22242.97,0
4,8,2024-07-05,27088.67,0
4,8,2024-07-12,24302.47,0
4,8,2024-07-19,25047.64,0
4,8,2024-07-26,21766.54,0
4,8,2024-08-02,23539.21,0
4,8,2024-08-09,24243.88,0
4,8,2024-08-16,19605.9,0
4,8,2024-08-23,20919.41,0
4,8,2024-08-30,17346.16,0
4,8,2024-09-06,23197.11,1
4,8,2024-09-13,20102.1,0
4,8,2024-09-20,24995.82,0
4,8,2024-09-27,22845.73,0
4,8,2024-10-04,17648.11,0
4,8,2024-10-11,20720.45,0
4,8,2024-10-18,21031.76,0
4,8,2024-10-25,19202.42,0
4,8,2024-11-01,20023.99,0
4,8,2024-11-08,20224.97,0
4,8,2024-11-15,17732.03,0
4,8,2024-11-22,18346.37,0
4,8,2024-11-29,26092.47,1
4,8,2024-12-06,19198.68,0
4,8,2024-12-13,19273.18,0
4,8,2024-12-20,20690.39,0
4,8,2024-12-27,28866.61,1
4,8,2025-01-03,24217.7,0
4,8,2025-01-10,20551.89,0
4,8,2025-01-17,22448.11,0
4,8,2025-01-24,21823.59,0
4,9,2023-02-03,11626.04,0
4,9,2023-02-10,10575.87,1
4,9,2023-02-17,13223.45,0
4,9,2023-02-24,10055.62,0
4,9,2023-03-03,13411.8,0
4,9,2023-03-10,12035.65,0
4,9,2023-03-17,12629.75,0
4,9,2023-03-24,13533.67,0
4,9,2023-03-31,13193.88,0
4,9,2023-04-07,11722.33,0
4,9,2023-04-14,13136.62,0
4,9,2023-04-21,14484.76,0
4,9,2023-04-28,11752.21,0
4,9,2023-05-05,14827.42,0
4,9,2023-05-12,13078.93,0
4,9,2023-05-19,12237.08,0
4,9,2023-05-26,11742.28,0
4,9,2023-06-02,12371.79,0
4,9,2023-06-09,10569.81,0
4,9,2023-06-16,12032.53,0
4,9,2023-06-23,12087.24,0
4,9,2023-06-30,11182.7,0
4,9,2023-07-07,12834.33,0
4,9,2023-07-14,11766.03,0
4,9,2023-07-21,11231.93,0
4,9,2023-07-28,11382.6,0
4,9,2023-08-04,11864.54,0
4,9,2023-08-11,11453.04,0
4,9,2023-08-18,10607.64,0
4,9,2023-08-25,11205.23,0
4,9,2023-09-01,10911.92,0
4,9,2023-09-08,11122.08,1
4,9,2023-09-15,11207.15,0
4,9,2023-09-22,11092.14,0
4,9,2023-09-29,10324.04,0
4,9,2023-10-06,11010.44,0
4,9,2023-10-13,9575.66,0
4,9,2023-10-20,9568.37,0
4,9,2023-10-27,10130.72,0
4,9,2023-11-03,11582.06,0
4,9,2023-11-10,10503.28,0
4,9,2023-11-17,10183.94,0
4,9,2023-11-24,15693.46,1
4,9,2023-12-01,11703.56,0
4,9,2023-12-08,12574.78,0
4,9,2023-12-15,10347.3,0
4,9,2023-12-22,10041.08,0
4,9,2023-12-29,13647.46,1
4,9,2024-01-05,10513.15,0
4,9,2024-01-12,13788.29,0
4,9,2024-01-19,11889.27,0
4,9,2024-01-26,12217.81,0
4,9,2024-02-02,11527.55,0
4,9,2024-02-09,11597.92,1
4,9,2024-02-16,13360.93,0
4,9,2024-02-23,10851.25,0
4,9,2024-03-01,11545.85,0
4,9,2024-03-08,12620.03,0
4,9,2024-03-15,14438.58,0
4,9,2024-03-22,12777.4,0
4,9,2024-03-29,13741.1,0
4,9,2024-04-05,13437.26,0
4,9,2024-04-12,14897.89,0
4,9,2024-04-19,11848.79,0
4,9,2024-04-26,14421.3,0
4,9,2024-05-03,13431.55,0
4,9,2024-05-10,14667.18,0
4,9,2024-05-17,12749.2,0
4,9,2024-05-24,13635.83,0
4,9,2024-05-31,13443.77,0
4,9,2024-06-07,12400.23,0
4,9,2024-06-14,12018.31,0
4,9,2024-06-21,12665.24,0
4,9,2024-06-28,13296.2,0
4,9,2024-07-05,12235.56,0
4,9,2024-07-12,12538.5,0
4,9,2024-07-19,10805.09,0
4,9,2024-07-26,12192.8,0
4,9,2024-08-02,13418.52,0
4,9,2024-08-09,12930.41,0
4,9,2024-08-16,11995.06,0
4,9,2024-08-23,12155.36,0
4,9,2024-08-30,10993.96,0
4,9,2024-09-06,15750.52,1
4,9,2024-09-13,11659.66,0
4,9,2024-09-20,13756.62,0
4,9,2024-09-27,10683.31,0
4,9,2024-10-04,10096.13,0
4,9,2024-10-11,10525.63,0
4,9,2024-10-18,10924.4,0
4,9,2024-10-25,13154.84,0
4,9,2024-11-01,10855.3,0
4,9,2024-11-08,10365.3,0
4,9,2024-11-15,10375.04,0
4,9,2024-11-22,12273.67,0
4,9,2024-11-29,14285.23,1
4,9,2024-12-06,9730.25,0
4,9,2024-12-13,10531.63,0
4,9,2024-12-20,13336.73,0
4,9,2024-12-27,14438.51,1
4,9,2025-01-03,13859.84,0
4,9,2025-01-10,14159.78,0
4,9,2025-01-17,12399.21,0
4,9,2025-01-24,12616.1,0
4,10,2023-02-03,12939.32,0
4,10,2023-02-10,13474.27,1
4,10,2023-02-17,12337.85,0
4,10,2023-02-24,12517.85,0
4,10,2023-03-03,12427.6,0
4,10,2023-03-10,15872.04,0
4,10,2023-03-17,12936.46,0
4,10,2023-03-24,17276.99,0
4,10,2023-03-31,14208.72,0
4,10,2023-04-07,17330.77,0
4,10,2023-04-14,14872.96,0
4,10,2023-04-21,13472.64,0
4,10,2023-04-28,17049.22,0
4,10,2023-05-05,17234.08,0
4,10,2023-05-12,14382.87,0
4,10,2023-05-19,15082.33,0
4,10,2023-05-26,14336.21,0
4,10,2023-06-02,15247.65,0
4,10,2023-06-09,15446.24,0
4,10,2023-06-16,14784.15,0
4,10,2023-06-23,12894.84,0
4,10,2023-06-30,14258.14,0
4,10,2023-07-07,15633.92,0
4,10,2023-07-14,14392.26,0
4,10,2023-07-21,14084.71,0
4,10,2023-07-28,13220.23,0
4,10,2023-08-04,13412.37,0
4,10,2023-08-11,15485.26,0
4,10,2023-08-18,12482.74,0
4,10,2023-08-25,14340.88,0
4,10,2023-09-01,13441.48,0
4,10,2023-09-08,15842.65,1
4,10,2023-09-15,12722.5,0
4,10,2023-09-22,12957.77,0
4,10,2023-09-29,12319.32,0
4,10,2023-10-06,13104.51,0
4,10,2023-10-13,13163.88,0
4,10,2023-10-20,14855.2,0
4,10,2023-10-27,12917.2,0
4,10,2023-11-03,10707.48,0
4,10,2023-11-10,13850.86,0
4,10,2023-11-17,12519.83,0
4,10,2023-11-24,31168.78,1
4,10,2023-12-01,12389.67,0
4,10,2023-12-08,13791.21,0
4,10,2023-12-15,12559.49,0
4,10,2023-12-22,13356.1,0
4,10,2023-12-29,27644.23,1
4,10,2024-01-05,14720.86,0
4,10,2024-01-12,14032.48,0
4,10,2024-01-19,16985.36,0
4,10,2024-01-26,13977.68,0
4,10,2024-02-02,12748.76,0
4,10,2024-02-09,13180.04,1
4,10,2024-02-16,16871.47,0
4,10,2024-02-23,15222.09,0
4,10,2024-03-01,15729.27,0
4,10,2024-03-08,15052.85,0
4,10,2024-03-15,15349.06,0
4,10,2024-03-22,15085.45,0
4,10,2024-03-29,16866.19,0
4,10,2024-04-05,16259.31,0
4,10,2024-04-12,17071.84,0
4,10,2024-04-19,17034.74,0
4,10,2024-04-26,16078.83,0
4,10,2024-05-03,14735.04,0
4,10,2024-05-10,14627.39,0
4,10,2024-05-17,20712.93,0
4,10,2024-05-24,18600.54,0
4,10,2024-05-31,18343.37,0
4,10,2024-06-07,15587.98,0
4,10,2024-06-14,16377.85,0
4,10,2024-06-21,15174.61,0
4,10,2024-06-28,14395.47,0
4,10,2024-07-05,15168.7,0
4,10,2024-07-12,17410.46,0
4,10,2024-07-19,16598.6,0
4,10,2024-07-26,14165.89,0
4,10,2024-08-02,14777.3,0
4,10,2024-08-09,15856.43,0
4,10,2024-08-16,14088.94,0
4,10,2024-08-23,14665.28,0
4,10,2024-08-30,14853.23,0
4,10,2024-09-06,16246.16,1
4,10,2024-09-13,13329.68,0
4,10,2024-09-20,13313.29,0
4,10,2024-09-27,12556.43,0
4,10,2024-10-04,11999.37,0
4,10,2024-10-11,13513.73,0
4,10,2024-10-18,14478.17,0
4,10,2024-10-25,12070.18,0
4,10,2024-11-01,13869.28,0
4,10,2024-11-08,14458.25,0
4,10,2024-11-15,11655.06,0
4,10,2024-11-22,13449.79,0
4,10,2024-11-29,32281.41,1
4,10,2024-12-06,11898.49,0
4,10,2024-12-13,14894.73,0
4,10,2024-12-20,13470.49,0
4,10,2024-12-27,29434.5,1
4,10,2025-01-03,14674.07,0
4,10,2025-01-10,14318.88,0
4,10,2025-01-17,15202.12,0
4,10,2025-01-24,14740.61,0
5,1,2023-02-03,65544.19,0
5,1,2023-02-10,69428.37,1
5,1,2023-02-17,69825.8,0
5,1,2023-02-24,60852.19,0
5,1,2023-03-03,76512.57,0
5,1,2023-03-10,70808.77,0
5,1,2023-03-17,73637.5,0
5,1,2023-03-24,77991.18,0
5,1,2023-03-31,76157.16,0
5,1,2023-04-07,81800.5,0
5,1,2023-04-14,73571.41,0
5,1,2023-04-21,82011.0,0
5,1,2023-04-28,76779.87,0
5,1,2023-05-05,79298.42,0
5,1,2023-05-12,78718.57,0
5,1,2023-05-19,83752.52,0
5,1,2023-05-26,80393.78,0
5,1,2023-06-02,73028.61,0
5,1,2023-06-09,71444.99,0
5,1,2023-06-16,74507.24,0
5,1,2023-06-23,69697.19,0
5,1,2023-06-30,67342.93,0
5,1,2023-07-07,60393.42,0
5,1,2023-07-14,63056.93,0
5,1,2023-07-21,82422.86,0
5,1,2023-07-28,66552.74,0
5,1,2023-08-04,79899.37,0
5,1,2023-08-11,70643.35,0
5,1,2023-08-18,67274.72,0
5,1,2023-08-25,58672.85,0
5,1,2023-09-01,65876.23,0
5,1,2023-09-08,81314.98,1
5,1,2023-09-15,65787.87,0
5,1,2023-09-22,57891.78,0
5,1,2023-09-29,58373.75,0
5,1,2023-10-06,58496.0,0
5,1,2023-10-13,68834.61,0
5,1,2023-10-20,70358.15,0
5,1,2023-10-27,63112.22,0
5,1,2023-11-03,60657.52,0
5,1,2023-11-10,70035.39,0
5,1,2023-11-17,57688.25,0
5,1,2023-11-24,77191.16,1
5,1,2023-12-01,59111.08,0
5,1,2023-12-08,60854.66,0
5,1,2023-12-15,61140.87,0
5,1,2023-12-22,73107.9,0
5,1,2023-12-29,88474.43,1
5,1,2024-01-05,66103.55,0
5,1,2024-01-12,65302.64,0
5,1,2024-01-19,69692.42,0
5,1,2024-01-26,67687.3,0
5,1,2024-02-02,71384.75,0
5,1,2024-02-09,89398.34,1
5,1,2024-02-16,73089.59,0
5,1,2024-02-23,74200.23,0
5,1,2024-03-01,74437.61,0
5,1,2024-03-08,74649.25,0
5,1,2024-03-15,83091.9,0
5,1,2024-03-22,67953.94,0
5,1,2024-03-29,89994.45,0
5,1,2024-04-05,81457.92,0
5,1,2024-04-12,85087.95,0
5,1,2024-04-19,86285.69,0
5,1,2024-04-26,77221.0,0
5,1,2024-05-03,76033.26,0
5,1,2024-05-10,75303.43,0
5,1,2024-05-17,80381.27,0
5,1,2024-05-24,86372.2,0
5,1,2024-05-31,77665.41,0
5,1,2024-06-07,84968.8,0
5,1,2024-06-14,65232.83,0
5,1,2024-06-21,77367.14,0
5,1,2024-06-28,86477.94,0
5,1,2024-07-05,77209.71,0
5,1,2024-07-12,72270.61,0
5,1,2024-07-19,72461.94,0
5,1,2024-07-26,57227.93,0
5,1,2024-08-02,68511.91,0
5,1,2024-08-09,79788.56,0
5,1,2024-08-16,69215.89,0
5,1,2024-08-23,68998.19,0
5,1,2024-08-30,57565.67,0
5,1,2024-09-06,64854.33,1
5,1,2024-09-13,72582.54,0
5,1,2024-09-20,61379.24,0
5,1,2024-09-27,64480.16,0
5,1,2024-10-04,67272.97,0
5,1,2024-10-11,60652.52,0
5,1,2024-10-18,56117.79,0
5,1,2024-10-25,65874.0,0
5,1,2024-11-01,69803.2,0
5,1,2024-11-08,70067.84,0
5,1,2024-11-15,71891.4,0
5,1,2024-11-22,59201.65,0
5,1,2024-11-29,81108.66,1
5,1,2024-12-06,68327.8,0
5,1,2024-12-13,68402.45,0
5,1,2024-12-20,66734.16,0
5,1,2024-12-27,71842.83,1
5,1,2025-01-03,74381.41,0
5,1,2025-01-10,64841.4,0
5,1,2025-01-17,77567.63,0
5,1,2025-01-24,73216.91,0
5,2,2023-02-03,40133.81,0
5,2,2023-02-10,39595.97,1
5,2,2023-02-17,44686.78,0
5,2,2023-02-24,40704.91,0
5,2,2023-03-03,40234.43,0
5,2,2023-03-10,48735.17,0
5,2,2023-03-17,44586.2,0
5,2,2023-03-24,45191.16,0
5,2,2023-03-31,48732.09,0
5,2,2023-04-07,44071.59,0
5,2,2023-04-14,45122.01,0
5,2,2023-04-21,48281.58,0
5,2,2023-04-28,41475.24,0
5,2,2023-05-05,48254.34,0
5,2,2023-05-12,44579.74,0
5,2,2023-05-19,50651.56,0
5,2,2023-05-26,49361.64,0
5,2,2023-06-02,48671.7,0
5,2,2023-06-09,40834.59,0
5,2,2023-06-16,46160.32,0
5,2,2023-06-23,41826.13,0
5,2,2023-06-30,45618.66,0
5,2,2023-07-07,36899.79,0
5,2,2023-07-14,39265.63,0
5,2,2023-07-21,48465.79,0
5,2,2023-07-28,44996.42,0
5,2,2023-08-04,41923.92,0
5,2,2023-08-11,39486.75,0
5,2,2023-08-18,38381.67,0
5,2,2023-08-25,42152.46,0
5,2,2023-09-01,39847.94,0
5,2,2023-09-08,47855.23,1
5,2,2023-09-15,40244.05,0
5,2,2023-09-22,35260.48,0
5,2,2023-09-29,38198.32,0
5,2,2023-10-06,39614.9,0
5,2,2023-10-13,37698.35,0
5,2,2023-10-20,37219.11,0
5,2,2023-10-27,39675.08,0
5,2,2023-11-03,43367.83,0
5,2,2023-11-10,39223.32,0
5,2,2023-11-17,42508.35,0
5,2,2023-11-24,84993.56,1
5,2,2023-12-01,37580.11,0
5,2,2023-12-08,39234.27,0
5,2,2023-12-15,39692.48,0
5,2,2023-12-22,42644.14,0
5,2,2023-12-29,66424.61,1
5,2,2024-01-05,44981.07,0
5,2,2024-01-12,40757.41,0
5,2,2024-01-19,46429.18,0
5,2,2024-01-26,47635.96,0
5,2,2024-02-02,47190.89,0
5,2,2024-02-09,45963.45,1
5,2,2024-02-16,48813.57,0
5,2,2024-02-23,43512.57,0
5,2,2024-03-01,48278.25,0
5,2,2024-03-08,49306.38,0
5,2,2024-03-15,43547.25,0
5,2,2024-03-22,51130.93,0
5,2,2024-03-29,44764.44,0
5,2,2024-04-05,48424.77,0
5,2,2024-04-12,50640.68,0
5,2,2024-04-19,47778.81,0
5,2,2024-04-26,51270.14,0
5,2,2024-05-03,51315.12,0
5,2,2024-05-10,47722.03,0
5,2,2024-05-17,53341.92,0
5,2,2024-05-24,47784.39,0
5,2,2024-05-31,59971.19,0
5,2,2024-06-07,49975.88,0
5,2,2024-06-14,45383.03,0
5,2,2024-06-21,45760.18,0
5,2,2024-06-28,53731.5,0
5,2,2024-07-05,47113.49,0
5,2,2024-07-12,42908.46,0
5,2,2024-07-19,50838.18,0
5,2,2024-07-26,45429.6,0
5,2,2024-08-02,48808.82,0
5,2,2024-08-09,49200.64,0
5,2,2024-08-16,46164.97,0
5,2,2024-08-23,53135.85,0
5,2,2024-08-30,37957.11,0
5,2,2024-09-06,48123.05,1
5,2,2024-09-13,50822.3,0
5,2,2024-09-20,48744.44,0
5,2,2024-09-27,46608.47,0
5,2,2024-10-04,39291.15,0
5,2,2024-10-11,39470.8,0
5,2,2024-10-18,38828.68,0
5,2,2024-10-25,38915.02,0
5,2,2024-11-01,46490.08,0
5,2,2024-11-08,40815.02,0
5,2,2024-11-15,41432.37,0
5,2,2024-11-22,44670.5,0
5,2,2024-11-29,63496.08,1
5,2,2024-12-06,39056.91,0
5,2,2024-12-13,42275.32,0
5,2,2024-12-20,41783.11,0
5,2,2024-12-27,79313.8,1
5,2,2025-01-03,45889.38,0
5,2,2025-01-10,44976.96,0
5,2,2025-01-17,47883.16,0
5,2,2025-01-24,43964.71,0
5,3,2023-02-03,34406.37,0
5,3,2023-02-10,32602.06,1
5,3,2023-02-17,32362.38,0
5,3,2023-02-24,31996.28,0
5,3,2023-03-03,33984.28,0
5,3,2023-03-10,40367.49,0
5,3,2023-03-17,35360.61,0
5,3,2023-03-24,32641.69,0
5,3,2023-03-31,38946.46,0
5,3,2023-04-07,35200.27,0
5,3,2023-04-14,37668.59,0
5,3,2023-04-21,35235.68,0
5,3,2023-04-28,40979.92,0
5,3,2023-05-05,35494.45,0
5,3,2023-05-12,41449.89,0
5,3,2023-05-19,34121.79,0
5,3,2023-05-26,36288.33,0
5,3,2023-06-02,41160.12,0
5,3,2023-06-09,37312.79,0
5,3,2023-06-16,43216.97,0
5,3,2023-06-23,35499.16,0
5,3,2023-06-30,36688.49,0
5,3,2023-07-07,41006.93,0
5,3,2023-07-14,30927.32,0
5,3,2023-07-21,30216.7,0
5,3,2023-07-28,32155.01,0
5,3,2023-08-04,36105.62,0
5,3,2023-08-11,29148.71,0
5,3,2023-08-18,34598.54,0
5,3,2023-08-25,33971.38,0
5,3,2023-09-01,37382.26,0
5,3,2023-09-08,40359.43,1
5,3,2023-09-15,34894.5,0
5,3,2023-09-22,32510.33,0
5,3,2023-09-29,29767.28,0
5,3,2023-10-06,27881.06,0
5,3,2023-10-13,29140.0,0
5,3,2023-10-20,30328.09,0
5,3,2023-10-27,30804.13,0
5,3,2023-11-03,25200.3,0
5,3,2023-11-10,29929.89,0
5,3,2023-11-17,30668.55,0
5,3,2023-11-24,67309.95,1
5,3,2023-12-01,31502.38,0
5,3,2023-12-08,29064.95,0
5,3,2023-12-15,27090.38,0
5,3,2023-12-22,33867.55,0
5,3,2023-12-29,48659.84,1
5,3,2024-01-05,36718.03,0
5,3,2024-01-12,29392.54,0
5,3,2024-01-19,35576.65,0
5,3,2024-01-26,38194.81,0
5,3,2024-02-02,38039.58,0
5,3,2024-02-09,29738.23,1
5,3,2024-02-16,33805.15,0
5,3,2024-02-23,33050.87,0
5,3,2024-03-01,38904.09,0
5,3,2024-03-08,39082.16,0
5,3,2024-03-15,30024.3,0
5,3,2024-03-22,37773.31,0
5,3,2024-03-29,41579.08,0
5,3,2024-04-05,39863.1,0
5,3,2024-04-12,40127.06,0
5,3,2024-04-19,38707.11,0
5,3,2024-04-26,36629.13,0
5,3,2024-05-03,40050.76,0
5,3,2024-05-10,40296.16,0
5,3,2024-05-17,42063.14,0
5,3,2024-05-24,42217.76,0
5,3,2024-05-31,40103.43,0
5,3,2024-06-07,43083.58,0
5,3,2024-06-14,38164.74,0
5,3,2024-06-21,34519.2,0
5,3,2024-06-28,40143.39,0
5,3,2024-07-05,38657.35,0
5,3,2024-07-12,39346.85,0
5,3,2024-07-19,33608.33,0
5,3,2024-07-26,42211.81,0
5,3,2024-08-02,38516.22,0
5,3,2024-08-09,35137.14,0
5,3,2024-08-16,32836.98,0
5,3,2024-08-23,38053.45,0
5,3,2024-08-30,31547.69,0
5,3,2024-09-06,43283.6,1
5,3,2024-09-13,38469.2,0
5,3,2024-09-20,32988.86,0
5,3,2024-09-27,37396.6,0
5,3,2024-10-04,31027.89,0
5,3,2024-10-11,32839.44,0
5,3,2024-10-18,34777.59,0
5,3,2024-10-25,34348.34,0
5,3,2024-11-01,35504.75,0
5,3,2024-11-08,31431.28,0
5,3,2024-11-15,33069.85,0
5,3,2024-11-22,36351.54,0
5,3,2024-11-29,50230.69,1
5,3,2024-12-06,33049.63,0
5,3,2024-12-13,34577.81,0
5,3,2024-12-20,34678.54,0
5,3,2024-12-27,55886.68,1
5,3,2025-01-03,35839.73,0
5,3,2025-01-10,35676.01,0
5,3,2025-01-17,41136.22,0
5,3,2025-01-24,40122.81,0
5,4,2023-02-03,27314.35,0
5,4,2023-02-10,25465.98,1
5,4,2023-02-17,25728.32,0
5,4,2023-02-24,32370.68,0
5,4,2023-03-03,26062.21,0
5,4,2023-03-10,28990.35,0
5,4,2023-03-17,29918.36,0
5,4,2023-03-24,28666.13,0
5,4,2023-03-31,27303.49,0
5,4,2023-04-07,28050.85,0
5,4,2023-04-14,28818.11,0
5,4,2023-04-21,28577.53,0
5,4,2023-04-28,33643.25,0
5,4,2023-05-05,30459.24,0
5,4,2023-05-12,29224.31,0
5,4,2023-05-19,30736.78,0
5,4,2023-05-26,32027.49,0
5,4,2023-06-02,29449.66,0
5,4,2023-06-09,32297.02,0
5,4,2023-06-16,26879.18,0
5,4,2023-06-23,32465.41,0
5,4,2023-06-30,29391.96,0
5,4,2023-07-07,29002.0,0
5,4,2023-07-14,27194.96,0
5,4,2023-07-21,25655.69,0
5,4,2023-07-28,24350.49,0
5,4,2023-08-04,26043.65,0
5,4,2023-08-11,28661.43,0
5,4,2023-08-18,24939.73,0
5,4,2023-08-25,23367.06,0
5,4,2023-09-01,24425.02,0
5,4,2023-09-08,27338.77,1
5,4,2023-09-15,25484.69,0
5,4,2023-09-22,27606.51,0
5,4,2023-09-29,27812.77,0
5,4,2023-10-06,29139.92,0
5,4,2023-10-13,21732.45,0
5,4,2023-10-20,23189.21,0
5,4,2023-10-27,26244.26,0
5,4,2023-11-03,23962.73,0
5,4,2023-11-10,26642.39,0
5,4,2023-11-17,25450.01,0
5,4,2023-11-24,35878.87,1
5,4,2023-12-01,27553.24,0
5,4,2023-12-08,24801.54,0
5,4,2023-12-15,25735.12,0
5,4,2023-12-22,25624.77,0
5,4,2023-12-29,32658.72,1
5,4,2024-01-05,28632.53,0
5,4,2024-01-12,26680.38,0
5,4,2024-01-19,30782.11,0
5,4,2024-01-26,26893.33,0
5,4,2024-02-02,24545.56,0
5,4,2024-02-09,31590.12,1
5,4,2024-02-16,26649.65,0
5,4,2024-02-23,29655.22,0
5,4,2024-03-01,31054.98,0
5,4,2024-03-08,31907.32,0
5,4,2024-03-15,33452.8,0
5,4,2024-03-22,33139.1,0
5,4,2024-03-29,33377.71,0
5,4,2024-04-05,30194.57,0
5,4,2024-04-12,33215.39,0
5,4,2024-04-19,28692.87,0
5,4,2024-04-26,36835.07,0
5,4,2024-05-03,29131.72,0
5,4,2024-05-10,31922.79,0
5,4,2024-05-17,29340.02,0
5,4,2024-05-24,30807.51,0
5,4,2024-05-31,32623.06,0
5,4,2024-06-07,31040.2,0
5,4,2024-06-14,35138.02,0
5,4,2024-06-21,32511.43,0
5,4,2024-06-28,30465.57,0
5,4,2024-07-05,30977.54,0
5,4,2024-07-12,33983.15,0
5,4,2024-07-19,32816.68,0
5,4,2024-07-26,27456.97,0
5,4,2024-08-02,28194.71,0
5,4,2024-08-09,30544.26,0
5,4,2024-08-16,29860.79,0
5,4,2024-08-23,26255.86,0
5,4,2024-08-30,30003.18,0
5,4,2024-09-06,30619.45,1
5,4,2024-09-13,28838.59,0
5,4,2024-09-20,24914.44,0
5,4,2024-09-27,26012.61,0
5,4,2024-10-04,25793.0,0
5,4,2024-10-11,27171.34,0
5,4,2024-10-18,26297.07,0
5,4,2024-10-25,24243.73,0
5,4,2024-11-01,23720.32,0
5,4,2024-11-08,27935.44,0
5,4,2024-11-15,27490.22,0
5,4,2024-11-22,27269.81,0
5,4,2024-11-29,36603.75,1
5,4,2024-12-06,27928.29,0
5,4,2024-12-13,33484.78,0
5,4,2024-12-20,30830.92,0
5,4,2024-12-27,34492.54,1
5,4,2025-01-03,22354.0,0
5,4,2025-01-10,31947.57,0
5,4,2025-01-17,31776.77,0
5,4,2025-01-24,29052.22,0
5,5,2023-02-03,15758.34,0
5,5,2023-02-10,16410.12,1
5,5,2023-02-17,19015.55,0
5,5,2023-02-24,18504.29,0
5,5,2023-03-03,19947.7,0
5,5,2023-03-10,19284.89,0
5,5,2023-03-17,20885.11,0
5,5,2023-03-24,20178.34,0
5,5,2023-03-31,21101.01,0
5,5,2023-04-07,16617.76,0
5,5,2023-04-14,18106.56,0
5,5,2023-04-21,19609.38,0
5,5,2023-04-28,22026.33,0
5,5,2023-05-05,23378.13,0
5,5,2023-05-12,20067.82,0
5,5,2023-05-19,19323.28,0
5,5,2023-05-26,17098.63,0
5,5,2023-06-02,21584.54,0
5,5,2023-06-09,19198.32,0
5,5,2023-06-16,24669.03,0
5,5,2023-06-23,18618.68,0
5,5,2023-06-30,22911.22,0
5,5,2023-07-07,20571.24,0
5,5,2023-07-14,17615.19,0
5,5,2023-07-21,19319.12,0
5,5,2023-07-28,19887.07,0
5,5,2023-08-04,18157.57,0
5,5,2023-08-11,19473.06,0
5,5,2023-08-18,19187.36,0
5,5,2023-08-25,18628.89,0
5,5,2023-09-01,17537.29,0
5,5,2023-09-08,16525.45,1
5,5,2023-09-15,17408.61,0
5,5,2023-09-22,14448.57,0
5,5,2023-09-29,17085.36,0
5,5,2023-10-06,16611.13,0
5,5,2023-10-13,14925.65,0
5,5,2023-10-20,16153.68,0
5,5,2023-10-27,16156.86,0
5,5,2023-11-03,19136.94,0
5,5,2023-11-10,16909.9,0
5,5,2023-11-17,18073.47,0
5,5,2023-11-24,25931.46,1
5,5,2023-12-01,17842.35,0
5,5,2023-12-08,16197.45,0
5,5,2023-12-15,16827.32,0
5,5,2023-12-22,16035.73,0
5,5,2023-12-29,30355.76,1
5,5,2024-01-05,19358.35,0
5,5,2024-01-12,20612.95,0
5,5,2024-01-19,21150.77,0
5,5,2024-01-26,15790.79,0
5,5,2024-02-02,17352.9,0
5,5,2024-02-09,16670.18,1
5,5,2024-02-16,20791.23,0
5,5,2024-02-23,18971.08,0
5,5,2024-03-01,19570.4,0
5,5,2024-03-08,20277.65,0
5,5,2024-03-15,21523.58,0
5,5,2024-03-22,18603.1,0
5,5,2024-03-29,19167.63,0
5,5,2024-04-05,21491.35,0
5,5,2024-04-12,23709.06,0
5,5,2024-04-19,21703.81,0
5,5,2024-04-26,20446.28,0
5,5,2024-05-03,18116.23,0
5,5,2024-05-10,23556.71,0
5,5,2024-05-17,20579.8,0
5,5,2024-05-24,19810.2,0
5,5,2024-05-31,18744.08,0
5,5,2024-06-07,19119.85,0
5,5,2024-06-14,19810.55,0
5,5,2024-06-21,20881.1,0
5,5,2024-06-28,19051.92,0
5,5,2024-07-05,21184.9,0
5,5,2024-07-12,20234.37,0
5,5,2024-07-19,24020.26,0
5,5,2024-07-26,17393.27,0
5,5,2024-08-02,20135.73,0
5,5,2024-08-09,19890.78,0
5,5,2024-08-16,17763.78,0
5,5,2024-08-23,19255.32,0
5,5,2024-08-30,20033.02,0
5,5,2024-09-06,21672.04,1
5,5,2024-09-13,15231.18,0
5,5,2024-09-20,17032.89,0
5,5,2024-09-27,20245.04,0
5,5,2024-10-04,19293.39,0
5,5,2024-10-11,18658.85,0
5,5,2024-10-18,19580.49,0
5,5,2024-10-25,15064.92,0
5,5,2024-11-01,18931.72,0
5,5,2024-11-08,19359.13,0
5,5,2024-11-15,16972.41,0
5,5,2024-11-22,21819.59,0
5,5,2024-11-29,29051.84,1
5,5,2024-12-06,18908.45,0
5,5,2024-12-13,17486.46,0
5,5,2024-12-20,20539.56,0
5,5,2024-12-27,31717.95,1
5,5,2025-01-03,21647.66,0
5,5,2025-01-10,21095.51,0
5,5,2025-01-17,18610.27,0
5,5,2025-01-24,20002.81,0
5,6,2023-02-03,23165.83,0
5,6,2023-02-10,21942.88,1
5,6,2023-02-17,22339.35,0
5,6,2023-02-24,23365.32,0
5,6,2023-03-03,21612.82,0
5,6,2023-03-10,19664.27,0
5,6,2023-03-17,24695.82,0
5,6,2023-03-24,20600.58,0
5,6,2023-03-31,22771.05,0
5,6,2023-04-07,21406.92,0
5,6,2023-04-14,21801.25,0
5,6,2023-04-21,26108.8,0
5,6,2023-04-28,24893.32,0
5,6,2023-05-05,24876.15,0
5,6,2023-05-12,22742.86,0
5,6,2023-05-19,24064.16,0
5,6,2023-05-26,26098.75,0
5,6,2023-06-02,25132.0,0
5,6,2023-06-09,26754.92,0
5,6,2023-06-16,26860.16,0
5,6,2023-06-23,24237.46,0
5,6,2023-06-30,20878.84,0
5,6,2023-07-07,22792.93,0
5,6,2023-07-14,23805.14,0
5,6,2023-07-21,22235.84,0
5,6,2023-07-28,21438.51,0
5,6,2023-08-04,23242.45,0
5,6,2023-08-11,27247.25,0
5,6,2023-08-18,21635.22,0
5,6,2023-08-25,22220.8,0
5,6,2023-09-01,19646.55,0
5,6,2023-09-08,25646.77,1
5,6,2023-09-15,22841.7,0
5,6,2023-09-22,23561.65,0
5,6,2023-09-29,20351.05,0
5,6,2023-10-06,20419.7,0
5,6,2023-10-13,23663.82,0
5,6,2023-10-20,21794.81,0
5,6,2023-10-27,17035.5,0
5,6,2023-11-03,21475.57,0
5,6,2023-11-10,19804.97,0
5,6,2023-11-17,22361.73,0
5,6,2023-11-24,27404.0,1
5,6,2023-12-01,21619.73,0
5,6,2023-12-08,21732.28,0
5,6,2023-12-15,22242.94,0
5,6,2023-12-22,22896.3,0
5,6,2023-12-29,32686.34,1
5,6,2024-01-05,22558.94,0
5,6,2024-01-12,24964.6,0
5,6,2024-01-19,27395.03,0
5,6,2024-01-26,25329.06,0
5,6,2024-02-02,24376.67,0
5,6,2024-02-09,25204.77,1
5,6,2024-02-16,25245.14,0
5,6,2024-02-23,25143.08,0
5,6,2024-03-01,29869.24,0
5,6,2024-03-08,24248.33,0
5,6,2024-03-15,28517.45,0
5,6,2024-03-22,26123.93,0
5,6,2024-03-29,23487.31,0
5,6,2024-04-05,26456.72,0
5,6,2024-04-12,25860.0,0
5,6,2024-04-19,28441.11,0
5,6,2024-04-26,27485.24,0
5,6,2024-05-03,25108.89,0
5,6,2024-05-10,30580.44,0
5,6,2024-05-17,29717.84,0
5,6,2024-05-24,30725.18,0
5,6,2024-05-31,27671.53,0
5,6,2024-06-07,26932.14,0
5,6,2024-06-14,28335.93,0
5,6,2024-06-21,25380.52,0
5,6,2024-06-28,26638.63,0
5,6,2024-07-05,25726.74,0
5,6,2024-07-12,22785.9,0
5,6,2024-07-19,25753.55,0
5,6,2024-07-26,24286.15,0
5,6,2024-08-02,24366.49,0
5,6,2024-08-09,25235.78,0
5,6,2024-08-16,26663.49,0
5,6,2024-08-23,22265.15,0
5,6,2024-08-30,22953.83,0
5,6,2024-09-06,24803.47,1
5,6,2024-09-13,21958.96,0
5,6,2024-09-20,22470.53,0
5,6,2024-09-27,23696.15,0
5,6,2024-10-04,23052.99,0
5,6,2024-10-11,20466.6,0
5,6,2024-10-18,24584.23,0
5,6,2024-10-25,23921.68,0
5,6,2024-11-01,20644.55,0
5,6,2024-11-08,24483.89,0
5,6,2024-11-15,22981.44,0
5,6,2024-11-22,22252.53,0
5,6,2024-11-29,29802.12,1
5,6,2024-12-06,23936.12,0
5,6,2024-12-13,23541.34,0
5,6,2024-12-20,22851.63,0
5,6,2024-12-27,27480.62,1
5,6,2025-01-03,23434.02,0
5,6,2025-01-10,26052.51,0
5,6,2025-01-17,25872.9,0
5,6,2025-01-24,24607.4,0
5,7,2023-02-03,22462.04,0
5,7,2023-02-10,25352.23,1
5,7,2023-02-17,21186.47,0
5,7,2023-02-24,24672.29,0
5,7,2023-03-03,20793.9,0
5,7,2023-03-10,21767.72,0
5,7,2023-03-17,20378.0,0
5,7,2023-03-24,24194.72,0
5,7,2023-03-31,22011.88,0
5,7,2023-04-07,22403.7,0
5,7,2023-04-14,22469.53,0
5,7,2023-04-21,23682.71,0
5,7,2023-04-28,21287.57,0
5,7,2023-05-05,19453.23,0
5,7,2023-05-12,24592.85,0
5,7,2023-05-19,19695.65,0
5,7,2023-05-26,25262.48,0
5,7,2023-06-02,26491.54,0
5,7,2023-06-09,23121.47,0
5,7,2023-06-16,25692.08,0
5,7,2023-06-23,23042.67,0
5,7,2023-06-30,25803.64,0
5,7,2023-07-07,21817.64,0
5,7,2023-07-14,18156.57,0
5,7,2023-07-21,21986.56,0
5,7,2023-07-28,24838.95,0
5,7,2023-08-04,22495.83,0
5,7,2023-08-11,20413.49,0
5,7,2023-08-18,21566.47,0
5,7,2023-08-25,22355.67,0
5,7,2023-09-01,20346.85,0
5,7,2023-09-08,27389.36,1
5,7,2023-09-15,21634.2,0
5,7,2023-09-22,21042.27,0
5,7,2023-09-29,18565.6,0
5,7,2023-10-06,18867.73,0
5,7,2023-10-13,21011.01,0
5,7,2023-10-20,19586.03,0
5,7,2023-10-27,19854.8,0
5,7,2023-11-03,16808.97,0
5,7,2023-11-10,20404.24,0
5,7,2023-11-17,19919.36,0
5,7,2023-11-24,24976.39,1
5,7,2023-12-01,19106.9,0
5,7,2023-12-08,19002.79,0
5,7,2023-12-15,19783.12,0
5,7,2023-12-22,19670.6,0
5,7,2023-12-29,32196.79,1
5,7,2024-01-05,19388.2,0
5,7,2024-01-12,24816.88,0
5,7,2024-01-19,20928.34,0
5,7,2024-01-26,22079.8,0
5,7,2024-02-02,23989.23,0
5,7,2024-02-09,24517.02,1
5,7,2024-02-16,22030.15,0
5,7,2024-02-23,23816.6,0
5,7,2024-03-01,24465.49,0
5,7,2024-03-08,23925.62,0
5,7,2024-03-15,24124.12,0
5,7,2024-03-22,26729.09,0
5,7,2024-03-29,25466.28,0
5,7,2024-04-05,25153.72,0
5,7,2024-04-12,25538.64,0
5,7,2024-04-19,29099.18,0
5,7,2024-04-26,25818.67,0
5,7,2024-05-03,24471.3,0
5,7,2024-05-10,21636.64,0
5,7,2024-05-17,22585.18,0
5,7,2024-05-24,24497.1,0
5,7,2024-05-31,25126.51,0
5,7,2024-06-07,24088.2,0
5,7,2024-06-14,25740.98,0
5,7,2024-06-21,23706.3,0
5,7,2024-06-28,22806.49,0
5,7,2024-07-05,25547.52,0
5,7,2024-07-12,26719.73,0
5,7,2024-07-19,21686.51,0
5,7,2024-07-26,23954.05,0
5,7,2024-08-02,19657.6,0
5,7,2024-08-09,20187.46,0
5,7,2024-08-16,21522.7,0
5,7,2024-08-23,24318.85,0
5,7,2024-08-30,20644.82,0
5,7,2024-09-06,23657.07,1
5,7,2024-09-13,21582.41,0
5,7,2024-09-20,19969.04,0
5,7,2024-09-27,24483.13,0
5,7,2024-10-04,20532.98,0
5,7,2024-10-11,21055.99,0
5,7,2024-10-18,20124.25,0
5,7,2024-10-25,21489.18,0
5,7,2024-11-01,22816.86,0
5,7,2024-11-08,23583.52,0
5,7,2024-11-15,19627.96,0
5,7,2024-11-22,22884.46,0
5,7,2024-11-29,28094.68,1
5,7,2024-12-06,21249.56,0
5,7,2024-12-13,21323.61,0
5,7,2024-12-20,23560.76,0
5,7,2024-12-27,31646.82,1
5,7,2025-01-03,22903.81,0
5,7,2025-01-10,22695.24,0
5,7,2025-01-17,18676.32,0
5,7,2025-01-24,20578.81,0
5,8,2023-02-03,22980.53,0
5,8,2023-02-10,21984.71,1
5,8,2023-02-17,26078.25,0
5,8,2023-02-24,22245.68,0
5,8,2023-03-03,24191.82,0
5,8,2023-03-10,24592.71,0
5,8,2023-03-17,28338.91,0
5,8,2023-03-24,24860.29,0
5,8,2023-03-31,27340.2,0
5,8,2023-04-07,27021.17,0
5,8,2023-04-14,28722.98,0
5,8,2023-04-21,28762.58,0
5,8,2023-04-28,26961.34,0
5,8,2023-05-05,23417.82,0
5,8,2023-05-12,26610.67,0
5,8,2023-05-19,27046.54,0
5,8,2023-05-26,27643.12,0
5,8,2023-06-02,25331.26,0
5,8,2023-06-09,29220.26,0
5,8,2023-06-16,26626.31,0
5,8,2023-06-23,24442.65,0
5,8,2023-06-30,25186.48,0
5,8,2023-07-07,29871.65,0
5,8,2023-07-14,26952.39,0
5,8,2023-07-21,27410.33,0
5,8,2023-07-28,22893.8,0
5,8,2023-08-04,23295.76,0
5,8,2023-08-11,23006.37,0
5,8,2023-08-18,24369.76,0
5,8,2023-08-25,23377.49,0
5,8,2023-09-01,22497.04,0
5,8,2023-09-08,26347.29,1
5,8,2023-09-15,22559.77,0
5,8,2023-09-22,24685.29,0
5,8,2023-09-29,19755.42,0
5,8,2023-10-06,22939.74,0
5,8,2023-10-13,24655.6,0
5,8,2023-10-20,21803.45,0
5,8,2023-10-27,21158.88,0
5,8,2023-11-03,23737.31,0
5,8,2023-11-10,20411.83,0
5,8,2023-11-17,22213.12,0
5,8,2023-11-24,28734.87,1
5,8,2023-12-01,22301.04,0
5,8,2023-12-08,20492.84,0
5,8,2023-12-15,23033.89,0
5,8,2023-12-22,25430.41,0
5,8,2023-12-29,33850.03,1
5,8,2024-01-05,25977.3,0
5,8,2024-01-12,25167.51,0
5,8,2024-01-19,24016.7,0
5,8,2024-01-26,21298.27,0
5,8,2024-02-02,28908.23,0
5,8,2024-02-09,23804.96,1
5,8,2024-02-16,29306.68,0
5,8,2024-02-23,27929.66,0
5,8,2024-03-01,25036.2,0
5,8,2024-03-08,28200.36,0
5,8,2024-03-15,32597.29,0
5,8,2024-03-22,31607.11,0
5,8,2024-03-29,27253.23,0
5,8,2024-04-05,27020.18,0
5,8,2024-04-12,29077.03,0
5,8,2024-04-19,28613.37,0
5,8,2024-04-26,31898.47,0
5,8,2024-05-03,30893.39,0
5,8,2024-05-10,25233.67,0
5,8,2024-05-17,30226.15,0
5,8,2024-05-24,28666.62,0
5,8,2024-05-31,29053.15,0
5,8,2024-06-07,29383.73,0
5,8,2024-06-14,31358.51,0
5,8,2024-06-21,30604.11,0
5,8,2024-06-28,26435.2,0
5,8,2024-07-05,27702.52,0
5,8,2024-07-12,26534.25,0
5,8,2024-07-19,23534.4,0
5,8,2024-07-26,26617.56,0
5,8,2024-08-02,30416.89,0
5,8,2024-08-09,22574.39,0
5,8,2024-08-16,25763.51,0
5,8,2024-08-23,25365.17,0
5,8,2024-08-30,25740.75,0
5,8,2024-09-06,25740.23,1
5,8,2024-09-13,21880.38,0
5,8,2024-09-20,26944.07,0
5,8,2024-09-27,22246.16,0
5,8,2024-10-04,23017.06,0
5,8,2024-10-11,27862.48,0
5,8,2024-10-18,22367.09,0
5,8,2024-10-25,24373.88,0
5,8,2024-11-01,25751.49,0
5,8,2024-11-08,25719.6,0
5,8,2024-11-15,21343.95,0
5,8,2024-11-22,22665.15,0
5,8,2024-11-29,34698.32,1
5,8,2024-12-06,22974.61,0
5,8,2024-12-13,23763.07,0
5,8,2024-12-20,25892.18,0
5,8,2024-12-27,36223.58,1
5,8,2025-01-03,24021.9,0
5,8,2025-01-10,25047.66,0
5,8,2025-01-17,27031.9,0
5,8,2025-01-24,29725.29,0
5,9,2023-02-03,13092.88,0
5,9,2023-02-10,13536.71,1
5,9,2023-02-17,12641.71,0
5,9,2023-02-24,16061.68,0
5,9,2023-03-03,14351.38,0
5,9,2023-03-10,15602.83,0
5,9,2023-03-17,14574.12,0
5,9,2023-03-24,14799.43,0
5,9,2023-03-31,13060.33,0
5,9,2023-04-07,12390.2,0
5,9,2023-04-14,16576.91,0
5,9,2023-04-21,15243.19,0
5,9,2023-04-28,15457.56,0
5,9,2023-05-05,13717.83,0
5,9,2023-05-12,14149.42,0
5,9,2023-05-19,16532.99,0
5,9,2023-05-26,17317.65,0
5,9,2023-06-02,14389.7,0
5,9,2023-06-09,15870.78,0
5,9,2023-06-16,15188.44,0
5,9,2023-06-23,14698.84,0
5,9,2023-06-30,16885.38,0
5,9,2023-07-07,14029.14,0
5,9,2023-07-14,15824.45,0
5,9,2023-07-21,14659.22,0
5,9,2023-07-28,14029.39,0
5,9,2023-08-04,15390.27,0
5,9,2023-08-11,14004.92,0
5,9,2023-08-18,13404.51,0
5,9,2023-08-25,14807.11,0
5,9,2023-09-01,14486.58,0
5,9,2023-09-08,16039.53,1
5,9,2023-09-15,13431.52,0
5,9,2023-09-22,12295.27,0
5,9,2023-09-29,13088.06,0
5,9,2023-10-06,12768.64,0
5,9,2023-10-13,12454.97,0
5,9,2023-10-20,13054.03,0
5,9,2023-10-27,12686.73,0
5,9,2023-11-03,13107.13,0
5,9,2023-11-10,12195.79,0
5,9,2023-11-17,14017.89,0
5,9,2023-11-24,18420.52,1
5,9,2023-12-01,13200.29,0
5,9,2023-12-08,14010.51,0
5,9,2023-12-15,14028.67,0
5,9,2023-12-22,13014.62,0
5,9,2023-12-29,17906.09,1
5,9,2024-01-05,15582.52,0
5,9,2024-01-12,14923.62,0
5,9,2024-01-19,13239.03,0
5,9,2024-01-26,16801.16,0
5,9,2024-02-02,11969.0,0
5,9,2024-02-09,15362.37,1
5,9,2024-02-16,14016.29,0
5,9,2024-02-23,17331.72,0
5,9,2024-03-01,15584.54,0
5,9,2024-03-08,14493.6,0
5,9,2024-03-15,15329.36,0
5,9,2024-03-22,14929.44,0
5,9,2024-03-29,15594.58,0
5,9,2024-04-05,15693.1,0
5,9,2024-04-12,15250.71,0
5,9,2024-04-19,16663.4,0
5,9,2024-04-26,16883.96,0
5,9,2024-05-03,15099.09,0
5,9,2024-05-10,14238.56,0
5,9,2024-05-17,16808.4,0
5,9,2024-05-24,17055.51,0
5,9,2024-05-31,17245.88,0
5,9,2024-06-07,16920.18,0
5,9,2024-06-14,18120.73,0
5,9,2024-06-21,17239.43,0
5,9,2024-06-28,19209.88,0
5,9,2024-07-05,19539.6,0
5,9,2024-07-12,13303.62,0
5,9,2024-07-19,12607.54,0
5,9,2024-07-26,15095.6,0
5,9,2024-08-02,15510.61,0
5,9,2024-08-09,14623.95,0
5,9,2024-08-16,15337.2,0
5,9,2024-08-23,14022.42,0
5,9,2024-08-30,13367.64,0
5,9,2024-09-06,15728.22,1
5,9,2024-09-13,14766.86,0
5,9,2024-09-20,13164.22,0
5,9,2024-09-27,13267.18,0
5,9,2024-10-04,14101.27,0
5,9,2024-10-11,13200.77,0
5,9,2024-10-18,14560.79,0
5,9,2024-10-25,12363.12,0
5,9,2024-11-01,12135.58,0
5,9,2024-11-08,13706.12,0
5,9,2024-11-15,13872.01,0
5,9,2024-11-22,12585.16,0
5,9,2024-11-29,20148.44,1
5,9,2024-12-06,13070.36,0
5,9,2024-12-13,15572.08,0
5,9,2024-12-20,11405.96,0
5,9,2024-12-27,18237.4,1
5,9,2025-01-03,15625.41,0
5,9,2025-01-10,13584.0,0
5,9,2025-01-17,14865.85,0
5,9,2025-01-24,14202.59,0
5,10,2023-02-03,16034.52,0
5,10,2023-02-10,19000.84,1
5,10,2023-02-17,16687.14,0
5,10,2023-02-24,19968.63,0
5,10,2023-03-03,16791.96,0
5,10,2023-03-10,19651.61,0
5,10,2023-03-17,15459.19,0
5,10,2023-03-24,17553.86,0
5,10,2023-03-31,17361.86,0
5,10,2023-04-07,20540.74,0
5,10,2023-04-14,18689.16,0
5,10,2023-04-21,15422.08,0
5,10,2023-04-28,16637.67,0
5,10,2023-05-05,17118.5,0
5,10,2023-05-12,20033.3,0
5,10,2023-05-19,19823.64,0
5,10,2023-05-26,18133.03,0
5,10,2023-06-02,17695.14,0
5,10,2023-06-09,19463.75,0
5,10,2023-06-16,16633.34,0
5,10,2023-06-23,18804.33,0
5,10,2023-06-30,18510.3,0
5,10,2023-07-07,17400.95,0
5,10,2023-07-14,18154.37,0
5,10,2023-07-21,17528.3,0
5,10,2023-07-28,17853.49,0
5,10,2023-08-04,15140.85,0
5,10,2023-08-11,17551.22,0
5,10,2023-08-18,17866.64,0
5,10,2023-08-25,16717.4,0
5,10,2023-09-01,16871.29,0
5,10,2023-09-08,16826.25,1
5,10,2023-09-15,15818.38,0
5,10,2023-09-22,14152.23,0
5,10,2023-09-29,16466.32,0
5,10,2023-10-06,13339.54,0
5,10,2023-10-13,15610.66,0
5,10,2023-10-20,14745.21,0
5,10,2023-10-27,14644.85,0
5,10,2023-11-03,15404.92,0
5,10,2023-11-10,14368.16,0
5,10,2023-11-17,15926.2,0
5,10,2023-11-24,29341.72,1
5,10,2023-12-01,17182.23,0
5,10,2023-12-08,15929.68,0
5,10,2023-12-15,16650.49,0
5,10,2023-12-22,17870.64,0
5,10,2023-12-29,37501.02,1
5,10,2024-01-05,16113.15,0
5,10,2024-01-12,14849.69,0
5,10,2024-01-19,17315.2,0
5,10,2024-01-26,18823.2,0
5,10,2024-02-02,18084.6,0
5,10,2024-02-09,12942.23,1
5,10,2024-02-16,19404.24,0
5,10,2024-02-23,19782.97,0
5,10,2024-03-01,18220.27,0
5,10,2024-03-08,20411.25,0
5,10,2024-03-15,20105.78,0
5,10,2024-03-22,18291.11,0
5,10,2024-03-29,21525.08,0
5,10,2024-04-05,17700.98,0
5,10,2024-04-12,19740.65,0
5,10,2024-04-19,19685.27,0
5,10,2024-04-26,18688.35,0
5,10,2024-05-03,20540.09,0
5,10,2024-05-10,22167.81,0
5,10,2024-05-17,22045.83,0
5,10,2024-05-24,21152.33,0
5,10,2024-05-31,17212.99,0
5,10,2024-06-07,17689.97,0
5,10,2024-06-14,19933.94,0
5,10,2024-06-21,19460.44,0
5,10,2024-06-28,18563.45,0
5,10,2024-07-05,22051.91,0
5,10,2024-07-12,19081.46,0
5,10,2024-07-19,19506.55,0
5,10,2024-07-26,19920.11,0
5,10,2024-08-02,18302.47,0
5,10,2024-08-09,21710.47,0
5,10,2024-08-16,16411.51,0
5,10,2024-08-23,16667.89,0
5,10,2024-08-30,15993.81,0
5,10,2024-09-06,20776.9,1
5,10,2024-09-13,16171.43,0
5,10,2024-09-20,15584.49,0
5,10,2024-09-27,18438.22,0
5,10,2024-10-04,16959.91,0
5,10,2024-10-11,18244.92,0
5,10,2024-10-18,16258.41,0
5,10,2024-10-25,16977.74,0
5,10,2024-11-01,16707.48,0
5,10,2024-11-08,15536.88,0
5,10,2024-11-15,16234.11,0
5,10,2024-11-22,14959.68,0
5,10,2024-11-29,33423.43,1
5,10,2024-12-06,18152.05,0
5,10,2024-12-13,17915.74,0
5,10,2024-12-20,17046.12,0
5,10,2024-12-27,34746.73,1
5,10,2025-01-03,19682.26,0
5,10,2025-01-10,20074.02,0
5,10,2025-01-17,18085.9,0
5,10,2025-01-24,19137.66,0
6,1,2023-02-03,23420.79,0
6,1,2023-02-10,23762.6,1
6,1,2023-02-17,20390.28,0
6,1,2023-02-24,22896.39,0
6,1,2023-03-03,22799.19,0
6,1,2023-03-10,21008.3,0
6,1,2023-03-17,24310.49,0
6,1,2023-03-24,24101.72,0
6,1,2023-03-31,26842.38,0
6,1,2023-04-07,28708.91,0
6,1,2023-04-14,25805.78,0
6,1,2023-04-21,23635.16,0
6,1,2023-04-28,26425.62,0
6,1,2023-05-05,25201.11,0
6,1,2023-05-12,24715.63,0
6,1,2023-05-19,23442.38,0
6,1,2023-05-26,24184.61,0
6,1,2023-06-02,24663.84,0
6,1,2023-06-09,26487.39,0
6,1,2023-06-16,25730.75,0
6,1,2023-06-23,28104.98,0
6,1,2023-06-30,25610.54,0
6,1,2023-07-07,24868.89,0
6,1,2023-07-14,23203.19,0
6,1,2023-07-21,21553.51,0
6,1,2023-07-28,22153.92,0
6,1,2023-08-04,21631.41,0
6,1,2023-08-11,17982.18,0
6,1,2023-08-18,20519.47,0
6,1,2023-08-25,24858.55,0
6,1,2023-09-01,22403.1,0
6,1,2023-09-08,24059.0,1
6,1,2023-09-15,17949.13,0
6,1,2023-09-22,21542.32,0
6,1,2023-09-29,23024.78,0
6,1,2023-10-06,20544.65,0
6,1,2023-10-13,17711.5,0
6,1,2023-10-20,19884.95,0
6,1,2023-10-27,22635.83,0
6,1,2023-11-03,20968.09,0
6,1,2023-11-10,18256.07,0
6,1,2023-11-17,24600.46,0
6,1,2023-11-24,21693.75,1
6,1,2023-12-01,19240.86,0
6,1,2023-12-08,19431.93,0
6,1,2023-12-15,20653.11,0
6,1,2023-12-22,22804.24,0
6,1,2023-12-29,30505.74,1
6,1,2024-01-05,20519.65,0
6,1,2024-01-12,23535.72,0
6,1,2024-01-19,23963.18,0
6,1,2024-01-26,23847.89,0
6,1,2024-02-02,24298.87,0
6,1,2024-02-09,26381.03,1
6,1,2024-02-16,24168.84,0
6,1,2024-02-23,27020.59,0
6,1,2024-03-01,29739.65,0
6,1,2024-03-08,25939.28,0
6,1,2024-03-15,25866.95,0
6,1,2024-03-22,26697.76,0
6,1,2024-03-29,25022.91,0
6,1,2024-04-05,28259.65,0
6,1,2024-04-12,27756.13,0
6,1,2024-04-19,26044.19,0
6,1,2024-04-26,29002.96,0
6,1,2024-05-03,27150.21,0
6,1,2024-05-10,25019.85,0
6,1,2024-05-17,27860.73,0
6,1,2024-05-24,27543.14,0
6,1,2024-05-31,28991.28,0
6,1,2024-06-07,28557.9,0
6,1,2024-06-14,26362.49,0
6,1,2024-06-21,25384.23,0
6,1,2024-06-28,26140.79,0
6,1,2024-07-05,26620.49,0
6,1,2024-07-12,26569.27,0
6,1,2024-07-19,25883.36,0
6,1,2024-07-26,24776.09,0
6,1,2024-08-02,26599.03,0
6,1,2024-08-09,22999.39,0
6,1,2024-08-16,28750.09,0
6,1,2024-08-23,25126.94,0
6,1,2024-08-30,21276.34,0
6,1,2024-09-06,26790.43,1
6,1,2024-09-13,22218.11,0
6,1,2024-09-20,19925.48,0
6,1,2024-09-27,20574.85,0
6,1,2024-10-04,23249.46,0
6,1,2024-10-11,19053.02,0
6,1,2024-10-18,19525.0,0
6,1,2024-10-25,22996.6,0
6,1,2024-11-01,21664.15,0
6,1,2024-11-08,20877.34,0
6,1,2024-11-15,21323.95,0
6,1,2024-11-22,19711.72,0
6,1,2024-11-29,30881.23,1
6,1,2024-12-06,21763.77,0
6,1,2024-12-13,23631.84,0
6,1,2024-12-20,22805.22,0
6,1,2024-12-27,26834.75,1
6,1,2025-01-03,24651.88,0
6,1,2025-01-10,24468.43,0
6,1,2025-01-17,23675.96,0
6,1,2025-01-24,23010.75,0
6,2,2023-02-03,13736.62,0
6,2,2023-02-10,14477.88,1
6,2,2023-02-17,14269.78,0
6,2,2023-02-24,16254.17,0
6,2,2023-03-03,15396.56,0
6,2,2023-03-10,14641.24,0
6,2,2023-03-17,15830.78,0
6,2,2023-03-24,15171.06,0
6,2,2023-03-31,15313.93,0
6,2,2023-04-07,16981.28,0
6,2,2023-04-14,14378.29,0
6,2,2023-04-21,15603.32,0
6,2,2023-04-28,17121.72,0
6,2,2023-05-05,16056.36,0
6,2,2023-05-12,15216.89,0
6,2,2023-05-19,13527.89,0
6,2,2023-05-26,12790.02,0
6,2,2023-06-02,18153.54,0
6,2,2023-06-09,15867.12,0
6,2,2023-06-16,14662.71,0
6,2,2023-06-23,15685.61,0
6,2,2023-06-30,13973.49,0
6,2,2023-07-07,14569.44,0
6,2,2023-07-14,13686.04,0
6,2,2023-07-21,12971.38,0
6,2,2023-07-28,12010.94,0
6,2,2023-08-04,12435.47,0
6,2,2023-08-11,15221.56,0
6,2,2023-08-18,12791.84,0
6,2,2023-08-25,14296.89,0
6,2,2023-09-01,14576.7,0
6,2,2023-09-08,14159.39,1
6,2,2023-09-15,13377.78,0
6,2,2023-09-22,12671.39,0
6,2,2023-09-29,14250.02,0
6,2,2023-10-06,14846.25,0
6,2,2023-10-13,14330.12,0
6,2,2023-10-20,10594.0,0
6,2,2023-10-27,12330.21,0
6,2,2023-11-03,12786.59,0
6,2,2023-11-10,13287.84,0
6,2,2023-11-17,11091.01,0
6,2,2023-11-24,21422.06,1
6,2,2023-12-01,12471.61,0
6,2,2023-12-08,11614.89,0
6,2,2023-12-15,12155.91,0
6,2,2023-12-22,13923.93,0
6,2,2023-12-29,19799.63,1
6,2,2024-01-05,12802.69,0
6,2,2024-01-12,12136.31,0
6,2,2024-01-19,15960.87,0
6,2,2024-01-26,15022.49,0
6,2,2024-02-02,14398.0,0
6,2,2024-02-09,14401.04,1
6,2,2024-02-16,17048.52,0
6,2,2024-02-23,16219.71,0
6,2,2024-03-01,17145.7,0
6,2,2024-03-08,15168.33,0
6,2,2024-03-15,16168.73,0
6,2,2024-03-22,16802.51,0
6,2,2024-03-29,15711.61,0
6,2,2024-04-05,16443.11,0
6,2,2024-04-12,15902.86,0
6,2,2024-04-19,17304.71,0
6,2,2024-04-26,15052.33,0
6,2,2024-05-03,17639.67,0
6,2,2024-05-10,17297.23,0
6,2,2024-05-17,16587.04,0
6,2,2024-05-24,17423.91,0
6,2,2024-05-31,16262.83,0
6,2,2024-06-07,15767.8,0
6,2,2024-06-14,17267.73,0
6,2,2024-06-21,17185.41,0
6,2,2024-06-28,15603.13,0
6,2,2024-07-05,15332.37,0
6,2,2024-07-12,15683.06,0
6,2,2024-07-19,15031.53,0
6,2,2024-07-26,17423.67,0
6,2,2024-08-02,15716.24,0
6,2,2024-08-09,15144.4,0
6,2,2024-08-16,13814.06,0
6,2,2024-08-23,15606.15,0
6,2,2024-08-30,13839.14,0
6,2,2024-09-06,14500.46,1
6,2,2024-09-13,14662.78,0
6,2,2024-09-20,11262.12,0
6,2,2024-09-27,13786.55,0
6,2,2024-10-04,14004.27,0
6,2,2024-10-11,13416.38,0
6,2,2024-10-18,13918.57,0
6,2,2024-10-25,11733.49,0
6,2,2024-11-01,10615.97,0
6,2,2024-11-08,12682.55,0
6,2,2024-11-15,14126.95,0
6,2,2024-11-22,10314.37,0
6,2,2024-11-29,23427.05,1
6,2,2024-12-06,13873.68,0
6,2,2024-12-13,16548.31,0
6,2,2024-12-20,14235.64,0
6,2,2024-12-27,22426.14,1
6,2,2025-01-03,14926.35,0
6,2,2025-01-10,14868.98,0
6,2,2025-01-17,16507.03,0
6,2,2025-01-24,16203.03,0
6,3,2023-02-03,11031.01,0
6,3,2023-02-10,10832.8,1
6,3,2023-02-17,10816.97,0
6,3,2023-02-24,12119.94,0
6,3,2023-03-03,11143.39,0
6,3,2023-03-10,12746.36,0
6,3,2023-03-17,10760.91,0
6,3,2023-03-24,13235.86,0
6,3,2023-03-31,12441.77,0
6,3,2023-04-07,11152.05,0
6,3,2023-04-14,12667.31,0
6,3,2023-04-21,11600.32,0
6,3,2023-04-28,12316.51,0
6,3,2023-05-05,11832.1,0
6,3,2023-05-12,12188.87,0
6,3,2023-05-19,13236.22,0
6,3,2023-05-26,12788.99,0
6,3,2023-06-02,11130.63,0
6,3,2023-06-09,11127.11,0
6,3,2023-06-16,12347.2,0
6,3,2023-06-23,12318.4,0
6,3,2023-06-30,11238.85,0
6,3,2023-07-07,13255.96,0
6,3,2023-07-14,12385.46,0
6,3,2023-07-21,10915.91,0
6,3,2023-07-28,10692.48,0
6,3,2023-08-04,10998.39,0
6,3,2023-08-11,10762.92,0
6,3,2023-08-18,12008.86,0
6,3,2023-08-25,11620.76,0
6,3,2023-09-01,10668.76,0
6,3,2023-09-08,12559.91,1
6,3,2023-09-15,10448.9,0
6,3,2023-09-22,10631.11,0
6,3,2023-09-29,10698.28,0
6,3,2023-10-06,10537.96,0
6,3,2023-10-13,9460.59,0
6,3,2023-10-20,9509.36,0
6,3,2023-10-27,9807.23,0
6,3,2023-11-03,9475.49,0
6,3,2023-11-10,8881.06,0
6,3,2023-11-17,10658.44,0
6,3,2023-11-24,20953.51,1
6,3,2023-12-01,10060.25,0
6,3,2023-12-08,10205.86,0
6,3,2023-12-15,10628.5,0
6,3,2023-12-22,9690.6,0
6,3,2023-12-29,18889.15,1
6,3,2024-01-05,9574.48,0
6,3,2024-01-12,10875.74,0
6,3,2024-01-19,10964.17,0
6,3,2024-01-26,11326.17,0
6,3,2024-02-02,11858.04,0
6,3,2024-02-09,13317.6,1
6,3,2024-02-16,10455.87,0
6,3,2024-02-23,13021.54,0
6,3,2024-03-01,9859.63,0
6,3,2024-03-08,13895.66,0
6,3,2024-03-15,10584.89,0
6,3,2024-03-22,15283.43,0
6,3,2024-03-29,12510.44,0
6,3,2024-04-05,14363.05,0
6,3,2024-04-12,14243.87,0
6,3,2024-04-19,12715.83,0
6,3,2024-04-26,12844.24,0
6,3,2024-05-03,12365.69,0
6,3,2024-05-10,14096.35,0
6,3,2024-05-17,12799.34,0
6,3,2024-05-24,12349.16,0
6,3,2024-05-31,13727.95,0
6,3,2024-06-07,12151.21,0
6,3,2024-06-14,12659.75,0
6,3,2024-06-21,13007.66,0
6,3,2024-06-28,12121.43,0
6,3,2024-07-05,12149.56,0
6,3,2024-07-12,14041.11,0
6,3,2024-07-19,12154.26,0
6,3,2024-07-26,11850.31,0
6,3,2024-08-02,11874.82,0
6,3,2024-08-09,12317.4,0
6,3,2024-08-16,10759.0,0
6,3,2024-08-23,11973.21,0
6,3,2024-08-30,11666.99,0
6,3,2024-09-06,11213.09,1
6,3,2024-09-13,12480.42,0
6,3,2024-09-20,10356.18,0
6,3,2024-09-27,9985.65,0
6,3,2024-10-04,11092.71,0
6,3,2024-10-11,9599.79,0
6,3,2024-10-18,11975.97,0
6,3,2024-10-25,10375.83,0
6,3,2024-11-01,12182.43,0
6,3,2024-11-08,10095.48,0
6,3,2024-11-15,10757.22,0
6,3,2024-11-22,12029.22,0
6,3,2024-11-29,17944.05,1
6,3,2024-12-06,12088.25,0
6,3,2024-12-13,10741.41,0
6,3,2024-12-20,10233.93,0
6,3,2024-12-27,17776.14,1
6,3,2025-01-03,12072.03,0
6,3,2025-01-10,12896.84,0
6,3,2025-01-17,11809.97,0
6,3,2025-01-24,10863.67,0
6,4,2023-02-03,7161.26,0
6,4,2023-02-10,11019.08,1
6,4,2023-02-17,9485.94,0
6,4,2023-02-24,9339.55,0
6,4,2023-03-03,9578.38,0
6,4,2023-03-10,8406.61,0
6,4,2023-03-17,8998.32,0
6,4,2023-03-24,11069.92,0
6,4,2023-03-31,10325.84,0
6,4,2023-04-07,9286.57,0
6,4,2023-04-14,8981.27,0
6,4,2023-04-21,9598.99,0
6,4,2023-04-28,9796.66,0
6,4,2023-05-05,11724.22,0
6,4,2023-05-12,9928.07,0
6,4,2023-05-19,9112.72,0
6,4,2023-05-26,9999.86,0
6,4,2023-06-02,10219.52,0
6,4,2023-06-09,8934.81,0
6,4,2023-06-16,10206.19,0
6,4,2023-06-23,10758.07,0
6,4,2023-06-30,9827.69,0
6,4,2023-07-07,9007.5,0
6,4,2023-07-14,9111.81,0
6,4,2023-07-21,8154.05,0
6,4,2023-07-28,9185.47,0
6,4,2023-08-04,9393.61,0
6,4,2023-08-11,8397.3,0
6,4,2023-08-18,10313.65,0
6,4,2023-08-25,9372.34,0
6,4,2023-09-01,7456.13,0
6,4,2023-09-08,7875.47,1
6,4,2023-09-15,9580.4,0
6,4,2023-09-22,9027.36,0
6,4,2023-09-29,9441.35,0
6,4,2023-10-06,8305.04,0
6,4,2023-10-13,8116.45,0
6,4,2023-10-20,7405.4,0
6,4,2023-10-27,8443.51,0
6,4,2023-11-03,8088.26,0
6,4,2023-11-10,8082.4,0
6,4,2023-11-17,9344.07,0
6,4,2023-11-24,11180.71,1
6,4,2023-12-01,7326.59,0
6,4,2023-12-08,10297.78,0
6,4,2023-12-15,8315.33,0
6,4,2023-12-22,9171.02,0
6,4,2023-12-29,11904.92,1
6,4,2024-01-05,9514.54,0
6,4,2024-01-12,9698.9,0
6,4,2024-01-19,8685.47,0
6,4,2024-01-26,8834.09,0
6,4,2024-02-02,9544.24,0
6,4,2024-02-09,9571.49,1
6,4,2024-02-16,10903.44,0
6,4,2024-02-23,10515.47,0
6,4,2024-03-01,10039.1,0
6,4,2024-03-08,10724.66,0
6,4,2024-03-15,8657.23,0
6,4,2024-03-22,9949.77,0
6,4,2024-03-29,10808.52,0
6,4,2024-04-05,11602.44,0
6,4,2024-04-12,10895.34,0
6,4,2024-04-19,12037.92,0
6,4,2024-04-26,11571.64,0
6,4,2024-05-03,10419.99,0
6,4,2024-05-10,10728.4,0
6,4,2024-05-17,11193.56,0
6,4,2024-05-24,10424.2,0
6,4,2024-05-31,12088.33,0
6,4,2024-06-07,9760.63,0
6,4,2024-06-14,10906.97,0
6,4,2024-06-21,11173.07,0
6,4,2024-06-28,10192.69,0
6,4,2024-07-05,9901.43,0
6,4,2024-07-12,10169.46,0
6,4,2024-07-19,10766.29,0
6,4,2024-07-26,9583.73,0
6,4,2024-08-02,9011.18,0
6,4,2024-08-09,10619.42,0
6,4,2024-08-16,9903.09,0
6,4,2024-08-23,10236.28,0
6,4,2024-08-30,9922.52,0
6,4,2024-09-06,12891.75,1
6,4,2024-09-13,8613.17,0
6,4,2024-09-20,9393.63,0
6,4,2024-09-27,8575.75,0
6,4,2024-10-04,8589.42,0
6,4,2024-10-11,7863.86,0
6,4,2024-10-18,8632.11,0
6,4,2024-10-25,9204.42,0
6,4,2024-11-01,8776.14,0
6,4,2024-11-08,8065.41,0
6,4,2024-11-15,7799.0,0
6,4,2024-11-22,10445.91,0
6,4,2024-11-29,12342.25,1
6,4,2024-12-06,9431.34,0
6,4,2024-12-13,10808.38,0
6,4,2024-12-20,9775.58,0
6,4,2024-12-27,9802.9,1
6,4,2025-01-03,8162.04,0
6,4,2025-01-10,9565.62,0
6,4,2025-01-17,8983.52,0
6,4,2025-01-24,9443.1,0
6,5,2023-02-03,6014.93,0
6,5,2023-02-10,4985.16,1
6,5,2023-02-17,6024.35,0
6,5,2023-02-24,6724.28,0
6,5,2023-03-03,5824.97,0
6,5,2023-03-10,5625.19,0
6,5,2023-03-17,6334.86,0
6,5,2023-03-24,6301.36,0
6,5,2023-03-31,6228.07,0
6,5,2023-04-07,5966.99,0
6,5,2023-04-14,6914.86,0
6,5,2023-04-21,6992.55,0
6,5,2023-04-28,6128.98,0
6,5,2023-05-05,6217.16,0
6,5,2023-05-12,6793.3,0
6,5,2023-05-19,6195.78,0
6,5,2023-05-26,6793.71,0
6,5,2023-06-02,7455.5,0
6,5,2023-06-09,6604.64,0
6,5,2023-06-16,5952.02,0
6,5,2023-06-23,6744.72,0
6,5,2023-06-30,6387.81,0
6,5,2023-07-07,6336.94,0
6,5,2023-07-14,6584.1,0
6,5,2023-07-21,6614.32,0
6,5,2023-07-28,6207.5,0
6,5,2023-08-04,6080.82,0
6,5,2023-08-11,7026.38,0
6,5,2023-08-18,6523.81,0
6,5,2023-08-25,6267.63,0
6,5,2023-09-01,5863.95,0
6,5,2023-09-08,5790.08,1
6,5,2023-09-15,5738.45,0
6,5,2023-09-22,5358.44,0
6,5,2023-09-29,5462.27,0
6,5,2023-10-06,5104.57,0
6,5,2023-10-13,5968.69,0
6,5,2023-10-20,5783.94,0
6,5,2023-10-27,5555.39,0
6,5,2023-11-03,5459.39,0
6,5,2023-11-10,5192.34,0
6,5,2023-11-17,4575.58,0
6,5,2023-11-24,9791.54,1
6,5,2023-12-01,5195.54,0
6,5,2023-12-08,5780.93,0
6,5,2023-12-15,6085.15,0
6,5,2023-12-22,5727.18,0
6,5,2023-12-29,11977.1,1
6,5,2024-01-05,5888.43,0
6,5,2024-01-12,6020.08,0
6,5,2024-01-19,6677.18,0
6,5,2024-01-26,6292.31,0
6,5,2024-02-02,6407.59,0
6,5,2024-02-09,5587.86,1
6,5,2024-02-16,6069.23,0
6,5,2024-02-23,7219.14,0
6,5,2024-03-01,5613.18,0
6,5,2024-03-08,7551.78,0
6,5,2024-03-15,7177.35,0
6,5,2024-03-22,6559.39,0
6,5,2024-03-29,6574.66,0
6,5,2024-04-05,8178.42,0
6,5,2024-04-12,7956.55,0
6,5,2024-04-19,7118.19,0
6,5,2024-04-26,7291.22,0
6,5,2024-05-03,6855.37,0
6,5,2024-05-10,7311.29,0
6,5,2024-05-17,6836.68,0
6,5,2024-05-24,7162.88,0
6,5,2024-05-31,8219.15,0
6,5,2024-06-07,7085.81,0
6,5,2024-06-14,6497.36,0
6,5,2024-06-21,6265.84,0
6,5,2024-06-28,7040.78,0
6,5,2024-07-05,6478.39,0
6,5,2024-07-12,6955.73,0
6,5,2024-07-19,5866.52,0
6,5,2024-07-26,7022.79,0
6,5,2024-08-02,6012.06,0
6,5,2024-08-09,6506.9,0
6,5,2024-08-16,6224.55,0
6,5,2024-08-23,7183.14,0
6,5,2024-08-30,6321.74,0
6,5,2024-09-06,7582.69,1
6,5,2024-09-13,6790.24,0
6,5,2024-09-20,5934.55,0
6,5,2024-09-27,6149.45,0
6,5,2024-10-04,6521.47,0
6,5,2024-10-11,6338.35,0
6,5,2024-10-18,6139.73,0
6,5,2024-10-25,5725.64,0
6,5,2024-11-01,5807.11,0
6,5,2024-11-08,6432.01,0
6,5,2024-11-15,6558.22,0
6,5,2024-11-22,5674.89,0
6,5,2024-11-29,8693.03,1
6,5,2024-12-06,6466.03,0
6,5,2024-12-13,5675.77,0
6,5,2024-12-20,6614.97,0
6,5,2024-12-27,10514.02,1
6,5,2025-01-03,7185.08,0
6,5,2025-01-10,5725.44,0
6,5,2025-01-17,7460.6,0
6,5,2025-01-24,6862.25,0
6,6,2023-02-03,6131.97,0
6,6,2023-02-10,8420.09,1
6,6,2023-02-17,8175.16,0
6,6,2023-02-24,7434.98,0
6,6,2023-03-03,7205.33,0
6,6,2023-03-10,6918.34,0
6,6,2023-03-17,9555.21,0
6,6,2023-03-24,7497.79,0
6,6,2023-03-31,7348.02,0
6,6,2023-04-07,8418.97,0
6,6,2023-04-14,7211.47,0
6,6,2023-04-21,7688.21,0
6,6,2023-04-28,9041.87,0
6,6,2023-05-05,8705.85,0
6,6,2023-05-12,8140.27,0
6,6,2023-05-19,8404.9,0
6,6,2023-05-26,8076.11,0
6,6,2023-06-02,8298.54,0
6,6,2023-06-09,7789.93,0
6,6,2023-06-16,7857.55,0
6,6,2023-06-23,7775.12,0
6,6,2023-06-30,7629.53,0
6,6,2023-07-07,8687.05,0
6,6,2023-07-14,8417.12,0
6,6,2023-07-21,7250.38,0
6,6,2023-07-28,6998.08,0
6,6,2023-08-04,7542.0,0
6,6,2023-08-11,8838.3,0
6,6,2023-08-18,6828.47,0
6,6,2023-08-25,7250.02,0
6,6,2023-09-01,7305.29,0
6,6,2023-09-08,7552.35,1
6,6,2023-09-15,7746.47,0
6,6,2023-09-22,7277.6,0
6,6,2023-09-29,7434.45,0
6,6,2023-10-06,7241.27,0
6,6,2023-10-13,7370.95,0
6,6,2023-10-20,7724.26,0
6,6,2023-10-27,7573.63,0
6,6,2023-11-03,8121.24,0
6,6,2023-11-10,7532.69,0
6,6,2023-11-17,6525.07,0
6,6,2023-11-24,9288.84,1
6,6,2023-12-01,8068.51,0
6,6,2023-12-08,6516.21,0
6,6,2023-12-15,7461.56,0
6,6,2023-12-22,6839.19,0
6,6,2023-12-29,9547.46,1
6,6,2024-01-05,7726.65,0
6,6,2024-01-12,6703.4,0
6,6,2024-01-19,8162.9,0
6,6,2024-01-26,7927.88,0
6,6,2024-02-02,8021.3,0
6,6,2024-02-09,9306.67,1
6,6,2024-02-16,7924.93,0
6,6,2024-02-23,8523.69,0
6,6,2024-03-01,8480.81,0
6,6,2024-03-08,8658.97,0
6,6,2024-03-15,10160.22,0
6,6,2024-03-22,8765.26,0
6,6,2024-03-29,8404.81,0
6,6,2024-04-05,10205.23,0
6,6,2024-04-12,8716.66,0
6,6,2024-04-19,7829.96,0
6,6,2024-04-26,8482.53,0
6,6,2024-05-03,8135.17,0
6,6,2024-05-10,7739.65,0
6,6,2024-05-17,8770.51,0
6,6,2024-05-24,8959.61,0
6,6,2024-05-31,9821.78,0
6,6,2024-06-07,9374.96,0
6,6,2024-06-14,9279.01,0
6,6,2024-06-21,8165.16,0
6,6,2024-06-28,9329.17,0
6,6,2024-07-05,9582.59,0
6,6,2024-07-12,8795.59,0
6,6,2024-07-19,8709.41,0
6,6,2024-07-26,7477.41,0
6,6,2024-08-02,8904.19,0
6,6,2024-08-09,9258.1,0
6,6,2024-08-16,8203.73,0
6,6,2024-08-23,7518.43,0
6,6,2024-08-30,7694.21,0
6,6,2024-09-06,8686.76,1
6,6,2024-09-13,8013.94,0
6,6,2024-09-20,7712.87,0
6,6,2024-09-27,8080.83,0
6,6,2024-10-04,7648.1,0
6,6,2024-10-11,6877.35,0
6,6,2024-10-18,7067.05,0
6,6,2024-10-25,7018.93,0
6,6,2024-11-01,7242.6,0
6,6,2024-11-08,8427.37,0
6,6,2024-11-15,8558.34,0
6,6,2024-11-22,7945.2,0
6,6,2024-11-29,10051.14,1
6,6,2024-12-06,7712.85,0
6,6,2024-12-13,7180.23,0
6,6,2024-12-20,8773.45,0
6,6,2024-12-27,8176.7,1
6,6,2025-01-03,7424.35,0
6,6,2025-01-10,8098.75,0
6,6,2025-01-17,8671.43,0
6,6,2025-01-24,9048.28,0
6,7,2023-02-03,6827.99,0
6,7,2023-02-10,9579.68,1
6,7,2023-02-17,7218.59,0
6,7,2023-02-24,7761.57,0
6,7,2023-03-03,7481.01,0
6,7,2023-03-10,7071.3,0
6,7,2023-03-17,7307.11,0
6,7,2023-03-24,8170.07,0
6,7,2023-03-31,6962.97,0
6,7,2023-04-07,7111.67,0
6,7,2023-04-14,8118.4,0
6,7,2023-04-21,7513.57,0
6,7,2023-04-28,6908.21,0
6,7,2023-05-05,8681.16,0
6,7,2023-05-12,7150.25,0
6,7,2023-05-19,7708.13,0
6,7,2023-05-26,7427.02,0
6,7,2023-06-02,7598.54,0
6,7,2023-06-09,7194.54,0
6,7,2023-06-16,8130.17,0
6,7,2023-06-23,7697.15,0
6,7,2023-06-30,8154.8,0
6,7,2023-07-07,7118.32,0
6,7,2023-07-14,8662.82,0
6,7,2023-07-21,6198.24,0
6,7,2023-07-28,6305.8,0
6,7,2023-08-04,8128.7,0
6,7,2023-08-11,7302.75,0
6,7,2023-08-18,7133.81,0
6,7,2023-08-25,7091.62,0
6,7,2023-09-01,7079.59,0
6,7,2023-09-08,8093.13,1
6,7,2023-09-15,6936.73,0
6,7,2023-09-22,6047.69,0
6,7,2023-09-29,6924.46,0
6,7,2023-10-06,6795.34,0
6,7,2023-10-13,7154.08,0
6,7,2023-10-20,7301.36,0
6,7,2023-10-27,6557.36,0
6,7,2023-11-03,5763.53,0
6,7,2023-11-10,7315.06,0
6,7,2023-11-17,5910.56,0
6,7,2023-11-24,9233.23,1
6,7,2023-12-01,6302.91,0
6,7,2023-12-08,6994.87,0
6,7,2023-12-15,6796.93,0
6,7,2023-12-22,7028.27,0
6,7,2023-12-29,8614.83,1
6,7,2024-01-05,6517.58,0
6,7,2024-01-12,6939.88,0
6,7,2024-01-19,7096.02,0
6,7,2024-01-26,8353.39,0
6,7,2024-02-02,7243.0,0
6,7,2024-02-09,7926.28,1
6,7,2024-02-16,7904.31,0
6,7,2024-02-23,7662.26,0
6,7,2024-03-01,7577.77,0
6,7,2024-03-08,7352.99,0
6,7,2024-03-15,9300.1,0
6,7,2024-03-22,8173.12,0
6,7,2024-03-29,7075.03,0
6,7,2024-04-05,8502.09,0
6,7,2024-04-12,9145.7,0
6,7,2024-04-19,8489.61,0
6,7,2024-04-26,7808.8,0
6,7,2024-05-03,7765.23,0
6,7,2024-05-10,7819.56,0
6,7,2024-05-17,9456.93,0
6,7,2024-05-24,8361.32,0
6,7,2024-05-31,7251.08,0
6,7,2024-06-07,8586.5,0
6,7,2024-06-14,8367.32,0
6,7,2024-06-21,7912.54,0
6,7,2024-06-28,7467.76,0
6,7,2024-07-05,7363.04,0
6,7,2024-07-12,8649.81,0
6,7,2024-07-19,8018.7,0
6,7,2024-07-26,8061.81,0
6,7,2024-08-02,7814.15,0
6,7,2024-08-09,7761.64,0
6,7,2024-08-16,7184.29,0
6,7,2024-08-23,7246.2,0
6,7,2024-08-30,7953.58,0
6,7,2024-09-06,9419.58,1
6,7,2024-09-13,6992.58,0
6,7,2024-09-20,7514.02,0
6,7,2024-09-27,8032.56,0
6,7,2024-10-04,7920.8,0
6,7,2024-10-11,6456.55,0
6,7,2024-10-18,7572.02,0
6,7,2024-10-25,6892.07,0
6,7,2024-11-01,7435.48,0
6,7,2024-11-08,7311.76,0
6,7,2024-11-15,6209.04,0
6,7,2024-11-22,7256.15,0
6,7,2024-11-29,9657.26,1
6,7,2024-12-06,6934.75,0
6,7,2024-12-13,6254.21,0
6,7,2024-12-20,7639.82,0
6,7,2024-12-27,9431.98,1
6,7,2025-01-03,7256.26,0
6,7,2025-01-10,7658.1,0
6,7,2025-01-17,7340.5,0
6,7,2025-01-24,7808.47,0
6,8,2023-02-03,6743.73,0
6,8,2023-02-10,8826.9,1
6,8,2023-02-17,8101.18,0
6,8,2023-02-24,7489.73,0
6,8,2023-03-03,6689.61,0
6,8,2023-03-10,9133.63,0
6,8,2023-03-17,8923.03,0
6,8,2023-03-24,8781.11,0
6,8,2023-03-31,9321.73,0
6,8,2023-04-07,9397.3,0
6,8,2023-04-14,8989.84,0
6,8,2023-04-21,8718.6,0
6,8,2023-04-28,8635.45,0
6,8,2023-05-05,9255.25,0
6,8,2023-05-12,9961.28,0
6,8,2023-05-19,8878.42,0
6,8,2023-05-26,9985.51,0
6,8,2023-06-02,9161.46,0
6,8,2023-06-09,9118.02,0
6,8,2023-06-16,10480.54,0
6,8,2023-06-23,9872.28,0
6,8,2023-06-30,9800.11,0
6,8,2023-07-07,8006.29,0
6,8,2023-07-14,9940.39,0
6,8,2023-07-21,8302.12,0
6,8,2023-07-28,8103.02,0
6,8,2023-08-04,6739.95,0
6,8,2023-08-11,8250.96,0
6,8,2023-08-18,7248.37,0
6,8,2023-08-25,8090.28,0
6,8,2023-09-01,7018.39,0
6,8,2023-09-08,9792.99,1
6,8,2023-09-15,8943.54,0
6,8,2023-09-22,6877.42,0
6,8,2023-09-29,8348.03,0
6,8,2023-10-06,6312.46,0
6,8,2023-10-13,7459.73,0
6,8,2023-10-20,6942.86,0
6,8,2023-10-27,7039.45,0
6,8,2023-11-03,7002.39,0
6,8,2023-11-10,6786.03,0
6,8,2023-11-17,6612.83,0
6,8,2023-11-24,8696.16,1
6,8,2023-12-01,8154.86,0
6,8,2023-12-08,7711.51,0
6,8,2023-12-15,8329.94,0
6,8,2023-12-22,6803.12,0
6,8,2023-12-29,10271.09,1
6,8,2024-01-05,8155.22,0
6,8,2024-01-12,7504.38,0
6,8,2024-01-19,8799.34,0
6,8,2024-01-26,7965.68,0
6,8,2024-02-02,7927.44,0
6,8,2024-02-09,8921.86,1
6,8,2024-02-16,8724.39,0
6,8,2024-02-23,8479.41,0
6,8,2024-03-01,8574.41,0
6,8,2024-03-08,8314.04,0
6,8,2024-03-15,8910.64,0
6,8,2024-03-22,10120.73,0
6,8,2024-03-29,9575.07,0
6,8,2024-04-05,10194.53,0
6,8,2024-04-12,9925.96,0
6,8,2024-04-19,9113.14,0
6,8,2024-04-26,8349.15,0
6,8,2024-05-03,8924.07,0
6,8,2024-05-10,9126.5,0
6,8,2024-05-17,9058.01,0
6,8,2024-05-24,10365.18,0
6,8,2024-05-31,10315.8,0
6,8,2024-06-07,11205.24,0
6,8,2024-06-14,8878.22,0
6,8,2024-06-21,10578.44,0
6,8,2024-06-28,10476.24,0
6,8,2024-07-05,9026.83,0
6,8,2024-07-12,9439.43,0
6,8,2024-07-19,9878.25,0
6,8,2024-07-26,8831.88,0
6,8,2024-08-02,8663.38,0
6,8,2024-08-09,8210.04,0
6,8,2024-08-16,6919.72,0
6,8,2024-08-23,8467.49,0
6,8,2024-08-30,7842.71,0
6,8,2024-09-06,8618.01,1
6,8,2024-09-13,7183.34,0
6,8,2024-09-20,8566.08,0
6,8,2024-09-27,8287.42,0
6,8,2024-10-04,7669.23,0
6,8,2024-10-11,7840.69,0
6,8,2024-10-18,7105.01,0
6,8,2024-10-25,8310.48,0
6,8,2024-11-01,7959.99,0
6,8,2024-11-08,8025.26,0
6,8,2024-11-15,8211.26,0
6,8,2024-11-22,7535.03,0
6,8,2024-11-29,8896.53,1
6,8,2024-12-06,8530.19,0
6,8,2024-12-13,7825.47,0
6,8,2024-12-20,8549.43,0
6,8,2024-12-27,11692.96,1
6,8,2025-01-03,8130.26,0
6,8,2025-01-10,7615.59,0
6,8,2025-01-17,7856.22,0
6,8,2025-01-24,8699.56,0
6,9,2023-02-03,4926.84,0
6,9,2023-02-10,4220.2,1
6,9,2023-02-17,4334.01,0
6,9,2023-02-24,4391.25,0
6,9,2023-03-03,4485.48,0
6,9,2023-03-10,4742.59,0
6,9,2023-03-17,4312.67,0
6,9,2023-03-24,5278.88,0
6,9,2023-03-31,4847.78,0
6,9,2023-04-07,5926.21,0
6,9,2023-04-14,4511.84,0
6,9,2023-04-21,5642.73,0
6,9,2023-04-28,5584.47,0
6,9,2023-05-05,4870.6,0
6,9,2023-05-12,4880.66,0
6,9,2023-05-19,4664.43,0
6,9,2023-05-26,4657.84,0
6,9,2023-06-02,5003.7,0
6,9,2023-06-09,4985.54,0
6,9,2023-06-16,4310.26,0
6,9,2023-06-23,5804.6,0
6,9,2023-06-30,4759.03,0
6,9,2023-07-07,4835.74,0
6,9,2023-07-14,4518.85,0
6,9,2023-07-21,4600.45,0
6,9,2023-07-28,4509.52,0
6,9,2023-08-04,4581.79,0
6,9,2023-08-11,4517.82,0
6,9,2023-08-18,4751.55,0
6,9,2023-08-25,4486.96,0
6,9,2023-09-01,4597.5,0
6,9,2023-09-08,4862.24,1
6,9,2023-09-15,4172.59,0
6,9,2023-09-22,4551.5,0
6,9,2023-09-29,4285.8,0
6,9,2023-10-06,4096.66,0
6,9,2023-10-13,4065.35,0
6,9,2023-10-20,4077.25,0
6,9,2023-10-27,4116.87,0
6,9,2023-11-03,4090.08,0
6,9,2023-11-10,3934.39,0
6,9,2023-11-17,4389.71,0
6,9,2023-11-24,5795.3,1
6,9,2023-12-01,3993.79,0
6,9,2023-12-08,4463.53,0
6,9,2023-12-15,3631.09,0
6,9,2023-12-22,4627.82,0
6,9,2023-12-29,5402.09,1
6,9,2024-01-05,4583.4,0
6,9,2024-01-12,4308.14,0
6,9,2024-01-19,4326.08,0
6,9,2024-01-26,4498.09,0
6,9,2024-02-02,5032.43,0
6,9,2024-02-09,4469.88,1
6,9,2024-02-16,4883.8,0
6,9,2024-02-23,4827.12,0
6,9,2024-03-01,5379.1,0
6,9,2024-03-08,5461.28,0
6,9,2024-03-15,4416.14,0
6,9,2024-03-22,5669.93,0
6,9,2024-03-29,5024.51,0
6,9,2024-04-05,5426.67,0
6,9,2024-04-12,4959.23,0
6,9,2024-04-19,5550.19,0
6,9,2024-04-26,6514.42,0
6,9,2024-05-03,5476.96,0
6,9,2024-05-10,5225.4,0
6,9,2024-05-17,5319.04,0
6,9,2024-05-24,4770.79,0
6,9,2024-05-31,6008.7,0
6,9,2024-06-07,5489.37,0
6,9,2024-06-14,4872.65,0
6,9,2024-06-21,4847.13,0
6,9,2024-06-28,5233.82,0
6,9,2024-07-05,5559.48,0
6,9,2024-07-12,4644.8,0
6,9,2024-07-19,5505.03,0
6,9,2024-07-26,4954.87,0
6,9,2024-08-02,4560.25,0
6,9,2024-08-09,4680.25,0
6,9,2024-08-16,5469.47,0
6,9,2024-08-23,4210.26,0
6,9,2024-08-30,4403.29,0
6,9,2024-09-06,5929.47,1
6,9,2024-09-13,4282.02,0
6,9,2024-09-20,4875.89,0
6,9,2024-09-27,4851.5,0
6,9,2024-10-04,4574.77,0
6,9,2024-10-11,4215.67,0
6,9,2024-10-18,4255.21,0
6,9,2024-10-25,4510.36,0
6,9,2024-11-01,3948.38,0
6,9,2024-11-08,4891.26,0
6,9,2024-11-15,5044.53,0
6,9,2024-11-22,4383.74,0
6,9,2024-11-29,5545.25,1
6,9,2024-12-06,5259.13,0
6,9,2024-12-13,5171.6,0
6,9,2024-12-20,4010.1,0
6,9,2024-12-27,5432.89,1
6,9,2025-01-03,5040.96,0
6,9,2025-01-10,4670.69,0
6,9,2025-01-17,5644.15,0
6,9,2025-01-24,5672.84,0
6,10,2023-02-03,5039.13,0
6,10,2023-02-10,5406.05,1
6,10,2023-02-17,5228.93,0
6,10,2023-02-24,5557.59,0
6,10,2023-03-03,5622.55,0
6,10,2023-03-10,6244.62,0
6,10,2023-03-17,5455.0,0
6,10,2023-03-24,4694.11,0
6,10,2023-03-31,5225.04,0
6,10,2023-04-07,5547.13,0
6,10,2023-04-14,5766.61,0
6,10,2023-04-21,6210.09,0
6,10,2023-04-28,5611.28,0
6,10,2023-05-05,5559.28,0
6,10,2023-05-12,5701.9,0
6,10,2023-05-19,5605.27,0
6,10,2023-05-26,5867.45,0
6,10,2023-06-02,5823.69,0
6,10,2023-06-09,6418.71,0
6,10,2023-06-16,5564.35,0
6,10,2023-06-23,5823.12,0
6,10,2023-06-30,5680.92,0
6,10,2023-07-07,6259.96,0
6,10,2023-07-14,5742.57,0
6,10,2023-07-21,6228.44,0
6,10,2023-07-28,5151.0,0
6,10,2023-08-04,5579.16,0
6,10,2023-08-11,5273.53,0
6,10,2023-08-18,4920.97,0
6,10,2023-08-25,5357.07,0
6,10,2023-09-01,6056.91,0
6,10,2023-09-08,5804.36,1
6,10,2023-09-15,4654.3,0
6,10,2023-09-22,4548.52,0
6,10,2023-09-29,4784.81,0
6,10,2023-10-06,4888.61,0
6,10,2023-10-13,4880.91,0
6,10,2023-10-20,4936.34,0
6,10,2023-10-27,4357.6,0
6,10,2023-11-03,4770.17,0
6,10,2023-11-10,5235.81,0
6,10,2023-11-17,4506.46,0
6,10,2023-11-24,7894.51,1
6,10,2023-12-01,4808.0,0
6,10,2023-12-08,5320.8,0
6,10,2023-12-15,4600.59,0
6,10,2023-12-22,5681.43,0
6,10,2023-12-29,8320.18,1
6,10,2024-01-05,5947.94,0
6,10,2024-01-12,5395.01,0
6,10,2024-01-19,5350.69,0
6,10,2024-01-26,6347.52,0
6,10,2024-02-02,6667.34,0
6,10,2024-02-09,5576.28,1
6,10,2024-02-16,5940.51,0
6,10,2024-02-23,6592.77,0
6,10,2024-03-01,6131.2,0
6,10,2024-03-08,6548.21,0
6,10,2024-03-15,6721.33,0
6,10,2024-03-22,6107.53,0
6,10,2024-03-29,6673.11,0
6,10,2024-04-05,6506.32,0
6,10,2024-04-12,5915.55,0
6,10,2024-04-19,6066.38,0
6,10,2024-04-26,6267.3,0
6,10,2024-05-03,7118.89,0
6,10,2024-05-10,7140.47,0
6,10,2024-05-17,7021.47,0
6,10,2024-05-24,6840.14,0
6,10,2024-05-31,6798.46,0
6,10,2024-06-07,6690.73,0
6,10,2024-06-14,6712.95,0
6,10,2024-06-21,6693.81,0
6,10,2024-06-28,5671.24,0
6,10,2024-07-05,5923.68,0
6,10,2024-07-12,5738.04,0
6,10,2024-07-19,6725.27,0
6,10,2024-07-26,6907.96,0
6,10,2024-08-02,4976.85,0
6,10,2024-08-09,6686.58,0
6,10,2024-08-16,5905.24,0
6,10,2024-08-23,6257.75,0
6,10,2024-08-30,5948.12,0
6,10,2024-09-06,7490.39,1
6,10,2024-09-13,4977.82,0
6,10,2024-09-20,5485.64,0
6,10,2024-09-27,5711.67,0
6,10,2024-10-04,5352.87,0
6,10,2024-10-11,5703.0,0
6,10,2024-10-18,5370.37,0
6,10,2024-10-25,5133.13,0
6,10,2024-11-01,4923.25,0
6,10,2024-11-08,5234.76,0
6,10,2024-11-15,5516.15,0
6,10,2024-11-22,4604.97,0
6,10,2024-11-29,8852.47,1
6,10,2024-12-06,5283.87,0
6,10,2024-12-13,6159.12,0
6,10,2024-12-20,5151.4,0
6,10,2024-12-27,11876.3,1
6,10,2025-01-03,6534.66,0
6,10,2025-01-10,6007.09,0
6,10,2025-01-17,6451.96,0
6,10,2025-01-24,5461.79,0
7,1,2023-02-03,47311.68,0
7,1,2023-02-10,67903.57,1
7,1,2023-02-17,60735.31,0
7,1,2023-02-24,54102.5,0
7,1,2023-03-03,58375.1,0
7,1,2023-03-10,58989.08,0
7,1,2023-03-17,58337.59,0
7,1,2023-03-24,59259.79,0
7,1,2023-03-31,56068.25,0
7,1,2023-04-07,62041.7,0
7,1,2023-04-14,62053.74,0
7,1,2023-04-21,59265.5,0
7,1,2023-04-28,64946.64,0
7,1,2023-05-05,66883.24,0
7,1,2023-05-12,65195.44,0
7,1,2023-05-19,56637.36,0
7,1,2023-05-26,62133.5,0
7,1,2023-06-02,56925.19,0
7,1,2023-06-09,61547.18,0
7,1,2023-06-16,56262.52,0
7,1,2023-06-23,66333.61,0
7,1,2023-06-30,63372.32,0
7,1,2023-07-07,64473.31,0
7,1,2023-07-14,63285.88,0
7,1,2023-07-21,56434.55,0
7,1,2023-07-28,55026.77,0
7,1,2023-08-04,64071.07,0
7,1,2023-08-11,54768.8,0
7,1,2023-08-18,48842.0,0
7,1,2023-08-25,58433.94,0
7,1,2023-09-01,54020.21,0
7,1,2023-09-08,67952.02,1
7,1,2023-09-15,52125.26,0
7,1,2023-09-22,58013.7,0
7,1,2023-09-29,44957.21,0
7,1,2023-10-06,48528.92,0
7,1,2023-10-13,47051.07,0
7,1,2023-10-20,41608.96,0
7,1,2023-10-27,53914.76,0
7,1,2023-11-03,48167.67,0
7,1,2023-11-10,54197.94,0
7,1,2023-11-17,52339.09,0
7,1,2023-11-24,72560.75,1
7,1,2023-12-01,48345.3,0
7,1,2023-12-08,52372.1,0
7,1,2023-12-15,56455.21,0
7,1,2023-12-22,53040.32,0
7,1,2023-12-29,61444.2,1
7,1,2024-01-05,55680.61,0
7,1,2024-01-12,53164.4,0
7,1,2024-01-19,56188.58,0
7,1,2024-01-26,56325.36,0
7,1,2024-02-02,56271.74,0
7,1,2024-02-09,76447.0,1
7,1,2024-02-16,69651.85,0
7,1,2024-02-23,64786.83,0
7,1,2024-03-01,69840.23,0
7,1,2024-03-08,58647.31,0
7,1,2024-03-15,55380.26,0
7,1,2024-03-22,64132.18,0
7,1,2024-03-29,69271.53,0
7,1,2024-04-05,69019.99,0
7,1,2024-04-12,72172.03,0
7,1,2024-04-19,52719.76,0
7,1,2024-04-26,73041.52,0
7,1,2024-05-03,68315.3,0
7,1,2024-05-10,58346.08,0
7,1,2024-05-17,70353.4,0
7,1,2024-05-24,67236.95,0
7,1,2024-05-31,68087.7,0
7,1,2024-06-07,70966.49,0
7,1,2024-06-14,67514.7,0
7,1,2024-06-21,57113.74,0
7,1,2024-06-28,63410.73,0
7,1,2024-07-05,55269.92,0
7,1,2024-07-12,66035.37,0
7,1,2024-07-19,68963.09,0
7,1,2024-07-26,55166.15,0
7,1,2024-08-02,57209.49,0
7,1,2024-08-09,55451.05,0
7,1,2024-08-16,56740.55,0
7,1,2024-08-23,60035.18,0
7,1,2024-08-30,55357.91,0
7,1,2024-09-06,63637.06,1
7,1,2024-09-13,61038.79,0
7,1,2024-09-20,50575.34,0
7,1,2024-09-27,61177.84,0
7,1,2024-10-04,61100.18,0
7,1,2024-10-11,61151.01,0
7,1,2024-10-18,53517.72,0
7,1,2024-10-25,50858.52,0
7,1,2024-11-01,49868.76,0
7,1,2024-11-08,49474.05,0
7,1,2024-11-15,54539.9,0
7,1,2024-11-22,58545.71,0
7,1,2024-11-29,76696.54,1
7,1,2024-12-06,55630.77,0
7,1,2024-12-13,55960.38,0
7,1,2024-12-20,54236.71,0
7,1,2024-12-27,82770.1,1
7,1,2025-01-03,59438.89,0
7,1,2025-01-10,61382.77,0
7,1,2025-01-17,63597.76,0
7,1,2025-01-24,64565.67,0
7,2,2023-02-03,31418.41,0
7,2,2023-02-10,36669.33,1
7,2,2023-02-17,35458.43,0
7,2,2023-02-24,34042.27,0
7,2,2023-03-03,36439.13,0
7,2,2023-03-10,37241.77,0
7,2,2023-03-17,39859.34,0
7,2,2023-03-24,33983.83,0
7,2,2023-03-31,41416.81,0
7,2,2023-04-07,37828.79,0
7,2,2023-04-14,36478.55,0
7,2,2023-04-21,36580.49,0
7,2,2023-04-28,35294.09,0
7,2,2023-05-05,33098.63,0
7,2,2023-05-12,40566.12,0
7,2,2023-05-19,44540.15,0
7,2,2023-05-26,33391.59,0
7,2,2023-06-02,35300.93,0
7,2,2023-06-09,40287.44,0
7,2,2023-06-16,37610.62,0
7,2,2023-06-23,39947.85,0
7,2,2023-06-30,36804.38,0
7,2,2023-07-07,35022.82,0
7,2,2023-07-14,35665.6,0
7,2,2023-07-21,29052.02,0
7,2,2023-07-28,32203.23,0
7,2,2023-08-04,37645.38,0
7,2,2023-08-11,37827.49,0
7,2,2023-08-18,37918.39,0
7,2,2023-08-25,34833.75,0
7,2,2023-09-01,27232.76,0
7,2,2023-09-08,35372.96,1
7,2,2023-09-15,36703.53,0
7,2,2023-09-22,35676.7,0
7,2,2023-09-29,31296.57,0
7,2,2023-10-06,28367.97,0
7,2,2023-10-13,31410.89,0
7,2,2023-10-20,31442.13,0
7,2,2023-10-27,35283.84,0
7,2,2023-11-03,31941.55,0
7,2,2023-11-10,31487.54,0
7,2,2023-11-17,31769.15,0
7,2,2023-11-24,68702.82,1
7,2,2023-12-01,30183.31,0
7,2,2023-12-08,29617.22,0
7,2,2023-12-15,36309.3,0
7,2,2023-12-22,28786.17,0
7,2,2023-12-29,72820.4,1
7,2,2024-01-05,32494.83,0
7,2,2024-01-12,37305.58,0
7,2,2024-01-19,35164.56,0
7,2,2024-01-26,31966.45,0
7,2,2024-02-02,37542.8,0
7,2,2024-02-09,37078.37,1
7,2,2024-02-16,36803.53,0
7,2,2024-02-23,36110.07,0
7,2,2024-03-01,38435.51,0
7,2,2024-03-08,37231.02,0
7,2,2024-03-15,47217.53,0
7,2,2024-03-22,39183.48,0
7,2,2024-03-29,39127.69,0
7,2,2024-04-05,38902.73,0
7,2,2024-04-12,46759.37,0
7,2,2024-04-19,35758.24,0
7,2,2024-04-26,42495.25,0
7,2,2024-05-03,40603.88,0
7,2,2024-05-10,36703.9,0
7,2,2024-05-17,38668.78,0
7,2,2024-05-24,42323.3,0
7,2,2024-05-31,38268.89,0
7,2,2024-06-07,41737.8,0
7,2,2024-06-14,46229.07,0
7,2,2024-06-21,40833.73,0
7,2,2024-06-28,35271.21,0
7,2,2024-07-05,36826.19,0
7,2,2024-07-12,38168.62,0
7,2,2024-07-19,37506.56,0
7,2,2024-07-26,38574.07,0
7,2,2024-08-02,38558.0,0
7,2,2024-08-09,42262.84,0
7,2,2024-08-16,36624.66,0
7,2,2024-08-23,32828.84,0
7,2,2024-08-30,39006.97,0
7,2,2024-09-06,42573.75,1
7,2,2024-09-13,34215.29,0
7,2,2024-09-20,36281.96,0
7,2,2024-09-27,33688.25,0
7,2,2024-10-04,28431.04,0
7,2,2024-10-11,35371.11,0
7,2,2024-10-18,36133.05,0
7,2,2024-10-25,37552.27,0
7,2,2024-11-01,31712.46,0
7,2,2024-11-08,34370.31,0
7,2,2024-11-15,34576.35,0
7,2,2024-11-22,34347.54,0
7,2,2024-11-29,67768.71,1
7,2,2024-12-06,35310.36,0
7,2,2024-12-13,37193.02,0
7,2,2024-12-20,39025.15,0
7,2,2024-12-27,58651.63,1
7,2,2025-01-03,35332.93,0
7,2,2025-01-10,35449.18,0
7,2,2025-01-17,32839.11,0
7,2,2025-01-24,38392.5,0
7,3,2023-02-03,27475.53,0
7,3,2023-02-10,26550.3,1
7,3,2023-02-17,27282.86,0
7,3,2023-02-24,28638.61,0
7,3,2023-03-03,31276.79,0
7,3,2023-03-10,27520.35,0
7,3,2023-03-17,26121.98,0
7,3,2023-03-24,28929.57,0
7,3,2023-03-31,33856.58,0
7,3,2023-04-07,26912.34,0
7,3,2023-04-14,31424.91,0
7,3,2023-04-21,32813.27,0
7,3,2023-04-28,24441.13,0
7,3,2023-05-05,31205.64,0
7,3,2023-05-12,31694.42,0
7,3,2023-05-19,29562.57,0
7,3,2023-05-26,28577.65,0
7,3,2023-06-02,28600.42,0
7,3,2023-06-09,29074.23,0
7,3,2023-06-16,28942.69,0
7,3,2023-06-23,28268.25,0
7,3,2023-06-30,28351.53,0
7,3,2023-07-07,31607.56,0
7,3,2023-07-14,25765.94,0
7,3,2023-07-21,24254.74,0
7,3,2023-07-28,30538.98,0
7,3,2023-08-04,27070.51,0
7,3,2023-08-11,26291.54,0
7,3,2023-08-18,26542.13,0
7,3,2023-08-25,26879.57,0
7,3,2023-09-01,25014.94,0
7,3,2023-09-08,31453.27,1
7,3,2023-09-15,24907.99,0
7,3,2023-09-22,20797.94,0
7,3,2023-09-29,27414.34,0
7,3,2023-10-06,24540.22,0
7,3,2023-10-13,26087.84,0
7,3,2023-10-20,25616.07,0
7,3,2023-10-27,25720.99,0
7,3,2023-11-03,24632.44,0
7,3,2023-11-10,25474.6,0
7,3,2023-11-17,22907.18,0
7,3,2023-11-24,37412.87,1
7,3,2023-12-01,23805.6,0
7,3,2023-12-08,28320.59,0
7,3,2023-12-15,26481.39,0
7,3,2023-12-22,24543.43,0
7,3,2023-12-29,52434.59,1
7,3,2024-01-05,26638.45,0
7,3,2024-01-12,27788.26,0
7,3,2024-01-19,27780.29,0
7,3,2024-01-26,24949.9,0
7,3,2024-02-02,23616.48,0
7,3,2024-02-09,28111.57,1
7,3,2024-02-16,30745.08,0
7,3,2024-02-23,28997.05,0
7,3,2024-03-01,33278.94,0
7,3,2024-03-08,30566.19,0
7,3,2024-03-15,34423.23,0
7,3,2024-03-22,34282.38,0
7,3,2024-03-29,34356.05,0
7,3,2024-04-05,28874.63,0
7,3,2024-04-12,32210.91,0
7,3,2024-04-19,35498.95,0
7,3,2024-04-26,33163.0,0
7,3,2024-05-03,33968.17,0
7,3,2024-05-10,28931.24,0
7,3,2024-05-17,37503.92,0
7,3,2024-05-24,30378.42,0
7,3,2024-05-31,27148.22,0
7,3,2024-06-07,31224.42,0
7,3,2024-06-14,25661.12,0
7,3,2024-06-21,28903.98,0
7,3,2024-06-28,37778.34,0
7,3,2024-07-05,30093.82,0
7,3,2024-07-12,27184.82,0
7,3,2024-07-19,30385.3,0
7,3,2024-07-26,27793.33,0
7,3,2024-08-02,31600.98,0
7,3,2024-08-09,27092.66,0
7,3,2024-08-16,29408.53,0
7,3,2024-08-23,25805.76,0
7,3,2024-08-30,33892.38,0
7,3,2024-09-06,32619.24,1
7,3,2024-09-13,26781.28,0
7,3,2024-09-20,25952.21,0
7,3,2024-09-27,25285.04,0
7,3,2024-10-04,25049.25,0
7,3,2024-10-11,30163.36,0
7,3,2024-10-18,25327.28,0
7,3,2024-10-25,21948.62,0
7,3,2024-11-01,23995.54,0
7,3,2024-11-08,28493.97,0
7,3,2024-11-15,26101.31,0
7,3,2024-11-22,26516.75,0
7,3,2024-11-29,45689.26,1
7,3,2024-12-06,28661.98,0
7,3,2024-12-13,26114.29,0
7,3,2024-12-20,29222.46,0
7,3,2024-12-27,47000.32,1
7,3,2025-01-03,26715.95,0
7,3,2025-01-10,31087.19,0
7,3,2025-01-17,31406.52,0
7,3,2025-01-24,29708.75,0
7,4,2023-02-03,20832.96,0
7,4,2023-02-10,24809.87,1
7,4,2023-02-17,23391.53,0
7,4,2023-02-24,21963.17,0
7,4,2023-03-03,21792.91,0
7,4,2023-03-10,25209.39,0
7,4,2023-03-17,23800.65,0
7,4,2023-03-24,23530.2,0
7,4,2023-03-31,24294.77,0
7,4,2023-04-07,24929.48,0
7,4,2023-04-14,24329.29,0
7,4,2023-04-21,26937.2,0
7,4,2023-04-28,27149.87,0
7,4,2023-05-05,25772.5,0
7,4,2023-05-12,27458.22,0
7,4,2023-05-19,24732.96,0
7,4,2023-05-26,26018.56,0
7,4,2023-06-02,26534.55,0
7,4,2023-06-09,26421.79,0
7,4,2023-06-16,26045.13,0
7,4,2023-06-23,25289.36,0
7,4,2023-06-30,27588.91,0
7,4,2023-07-07,22591.99,0
7,4,2023-07-14,23059.81,0
7,4,2023-07-21,22677.35,0
7,4,2023-07-28,22115.6,0
7,4,2023-08-04,18915.28,0
7,4,2023-08-11,24642.63,0
7,4,2023-08-18,20112.7,0
7,4,2023-08-25,21924.09,0
7,4,2023-09-01,18932.42,0
7,4,2023-09-08,25877.12,1
7,4,2023-09-15,18985.69,0
7,4,2023-09-22,21002.12,0
7,4,2023-09-29,19357.22,0
7,4,2023-10-06,19429.82,0
7,4,2023-10-13,20536.98,0
7,4,2023-10-20,21480.95,0
7,4,2023-10-27,18838.03,0
7,4,2023-11-03,18567.26,0
7,4,2023-11-10,20252.99,0
7,4,2023-11-17,21179.55,0
7,4,2023-11-24,29472.35,1
7,4,2023-12-01,20073.5,0
7,4,2023-12-08,22755.94,0
7,4,2023-12-15,24355.66,0
7,4,2023-12-22,19609.6,0
7,4,2023-12-29,23478.9,1
7,4,2024-01-05,20901.45,0
7,4,2024-01-12,20900.53,0
7,4,2024-01-19,23047.27,0
7,4,2024-01-26,25815.98,0
7,4,2024-02-02,20893.58,0
7,4,2024-02-09,26550.93,1
7,4,2024-02-16,22968.5,0
7,4,2024-02-23,25109.07,0
7,4,2024-03-01,27930.48,0
7,4,2024-03-08,25756.18,0
7,4,2024-03-15,24801.35,0
7,4,2024-03-22,27158.08,0
7,4,2024-03-29,25569.6,0
7,4,2024-04-05,27231.95,0
7,4,2024-04-12,25887.34,0
7,4,2024-04-19,28279.22,0
7,4,2024-04-26,23592.92,0
7,4,2024-05-03,24454.19,0
7,4,2024-05-10,23626.19,0
7,4,2024-05-17,26481.51,0
7,4,2024-05-24,23288.1,0
7,4,2024-05-31,24966.28,0
7,4,2024-06-07,23956.7,0
7,4,2024-06-14,29197.64,0
7,4,2024-06-21,23844.38,0
7,4,2024-06-28,23017.07,0
7,4,2024-07-05,25898.79,0
7,4,2024-07-12,28498.83,0
7,4,2024-07-19,24580.12,0
7,4,2024-07-26,24423.78,0
7,4,2024-08-02,26679.96,0
7,4,2024-08-09,25541.76,0
7,4,2024-08-16,24352.96,0
7,4,2024-08-23,22164.05,0
7,4,2024-08-30,23794.27,0
7,4,2024-09-06,24043.45,1
7,4,2024-09-13,25007.34,0
7,4,2024-09-20,24531.77,0
7,4,2024-09-27,22799.7,0
7,4,2024-10-04,18498.21,0
7,4,2024-10-11,19654.72,0
7,4,2024-10-18,20502.29,0
7,4,2024-10-25,21348.0,0
7,4,2024-11-01,19486.45,0
7,4,2024-11-08,21274.88,0
7,4,2024-11-15,24877.11,0
7,4,2024-11-22,22634.01,0
7,4,2024-11-29,26373.44,1
7,4,2024-12-06,19394.64,0
7,4,2024-12-13,20354.44,0
7,4,2024-12-20,19785.53,0
7,4,2024-12-27,29183.57,1
7,4,2025-01-03,21693.4,0
7,4,2025-01-10,24151.37,0
7,4,2025-01-17,27094.66,0
7,4,2025-01-24,28491.1,0
7,5,2023-02-03,15322.76,0
7,5,2023-02-10,14458.82,1
7,5,2023-02-17,15771.6,0
7,5,2023-02-24,16749.7,0
7,5,2023-03-03,12867.93,0
7,5,2023-03-10,17374.35,0
7,5,2023-03-17,15037.0,0
7,5,2023-03-24,15214.52,0
7,5,2023-03-31,15593.2,0
7,5,2023-04-07,16596.72,0
7,5,2023-04-14,14844.93,0
7,5,2023-04-21,16007.51,0
7,5,2023-04-28,17134.29,0
7,5,2023-05-05,16768.58,0
7,5,2023-05-12,16994.18,0
7,5,2023-05-19,16050.39,0
7,5,2023-05-26,17350.15,0
7,5,2023-06-02,17757.77,0
7,5,2023-06-09,17585.08,0
7,5,2023-06-16,16731.33,0
7,5,2023-06-23,17254.65,0
7,5,2023-06-30,17010.9,0
7,5,2023-07-07,19111.41,0
7,5,2023-07-14,17083.39,0
7,5,2023-07-21,15273.0,0
7,5,2023-07-28,14083.09,0
7,5,2023-08-04,14682.81,0
7,5,2023-08-11,14407.67,0
7,5,2023-08-18,15205.14,0
7,5,2023-08-25,13612.33,0
7,5,2023-09-01,15599.86,0
7,5,2023-09-08,14056.69,1
7,5,2023-09-15,13771.86,0
7,5,2023-09-22,12857.75,0
7,5,2023-09-29,12295.08,0
7,5,2023-10-06,12884.88,0
7,5,2023-10-13,12682.96,0
7,5,2023-10-20,13470.17,0
7,5,2023-10-27,12771.48,0
7,5,2023-11-03,12864.38,0
7,5,2023-11-10,13471.43,0
7,5,2023-11-17,14634.05,0
7,5,2023-11-24,28624.22,1
7,5,2023-12-01,13979.39,0
7,5,2023-12-08,13663.11,0
7,5,2023-12-15,14563.43,0
7,5,2023-12-22,14644.66,0
7,5,2023-12-29,25959.32,1
7,5,2024-01-05,14335.47,0
7,5,2024-01-12,15237.27,0
7,5,2024-01-19,15038.42,0
7,5,2024-01-26,14162.11,0
7,5,2024-02-02,13941.64,0
7,5,2024-02-09,16825.58,1
7,5,2024-02-16,15078.44,0
7,5,2024-02-23,14001.96,0
7,5,2024-03-01,17650.01,0
7,5,2024-03-08,17349.73,0
7,5,2024-03-15,16780.32,0
7,5,2024-03-22,15868.99,0
7,5,2024-03-29,17128.99,0
7,5,2024-04-05,19122.55,0
7,5,2024-04-12,15279.07,0
7,5,2024-04-19,15430.91,0
7,5,2024-04-26,16814.12,0
7,5,2024-05-03,17703.47,0
7,5,2024-05-10,17046.86,0
7,5,2024-05-17,18646.4,0
7,5,2024-05-24,19230.92,0
7,5,2024-05-31,18012.3,0
7,5,2024-06-07,18309.42,0
7,5,2024-06-14,17783.68,0
7,5,2024-06-21,17277.68,0
7,5,2024-06-28,15335.12,0
7,5,2024-07-05,15537.25,0
7,5,2024-07-12,14931.03,0
7,5,2024-07-19,16343.82,0
7,5,2024-07-26,16636.62,0
7,5,2024-08-02,14252.7,0
7,5,2024-08-09,16002.43,0
7,5,2024-08-16,14601.62,0
7,5,2024-08-23,14172.4,0
7,5,2024-08-30,14538.93,0
7,5,2024-09-06,15335.25,1
7,5,2024-09-13,14757.5,0
7,5,2024-09-20,15777.71,0
7,5,2024-09-27,14164.76,0
7,5,2024-10-04,14109.71,0
7,5,2024-10-11,16679.08,0
7,5,2024-10-18,12577.11,0
7,5,2024-10-25,15913.04,0
7,5,2024-11-01,16345.57,0
7,5,2024-11-08,15354.76,0
7,5,2024-11-15,14146.24,0
7,5,2024-11-22,16289.47,0
7,5,2024-11-29,26844.62,1
7,5,2024-12-06,14418.71,0
7,5,2024-12-13,14361.76,0
7,5,2024-12-20,14083.59,0
7,5,2024-12-27,30640.05,1
7,5,2025-01-03,15635.38,0
7,5,2025-01-10,14074.68,0
7,5,2025-01-17,16203.41,0
7,5,2025-01-24,14903.49,0
7,6,2023-02-03,16337.68,0
7,6,2023-02-10,18169.65,1
7,6,2023-02-17,20189.36,0
7,6,2023-02-24,19559.54,0
7,6,2023-03-03,19942.36,0
7,6,2023-03-10,19214.09,0
7,6,2023-03-17,19124.75,0
7,6,2023-03-24,21125.96,0
7,6,2023-03-31,19157.29,0
7,6,2023-04-07,21578.24,0
7,6,2023-04-14,22380.56,0
7,6,2023-04-21,19097.68,0
7,6,2023-04-28,19412.23,0
7,6,2023-05-05,19701.18,0
7,6,2023-05-12,18195.42,0
7,6,2023-05-19,19823.34,0
7,6,2023-05-26,22686.68,0
7,6,2023-06-02,18755.42,0
7,6,2023-06-09,22516.79,0
7,6,2023-06-16,19521.16,0
7,6,2023-06-23,23454.31,0
7,6,2023-06-30,18794.13,0
7,6,2023-07-07,19449.55,0
7,6,2023-07-14,18041.29,0
7,6,2023-07-21,18169.92,0
7,6,2023-07-28,21021.64,0
7,6,2023-08-04,19456.74,0
7,6,2023-08-11,20023.36,0
7,6,2023-08-18,16337.62,0
7,6,2023-08-25,18969.47,0
7,6,2023-09-01,16418.49,0
7,6,2023-09-08,17737.13,1
7,6,2023-09-15,17721.11,0
7,6,2023-09-22,17307.38,0
7,6,2023-09-29,18069.99,0
7,6,2023-10-06,18157.07,0
7,6,2023-10-13,18867.11,0
7,6,2023-10-20,15221.96,0
7,6,2023-10-27,18816.66,0
7,6,2023-11-03,19335.92,0
7,6,2023-11-10,16352.29,0
7,6,2023-11-17,14661.27,0
7,6,2023-11-24,20447.61,1
7,6,2023-12-01,19930.28,0
7,6,2023-12-08,17356.58,0
7,6,2023-12-15,16663.9,0
7,6,2023-12-22,16778.29,0
7,6,2023-12-29,19724.25,1
7,6,2024-01-05,18127.42,0
7,6,2024-01-12,21658.45,0
7,6,2024-01-19,19784.36,0
7,6,2024-01-26,20411.6,0
7,6,2024-02-02,19072.05,0
7,6,2024-02-09,18033.02,1
7,6,2024-02-16,18660.81,0
7,6,2024-02-23,18130.64,0
7,6,2024-03-01,22151.41,0
7,6,2024-03-08,20274.88,0
7,6,2024-03-15,22784.94,0
7,6,2024-03-22,21634.81,0
7,6,2024-03-29,21101.17,0
7,6,2024-04-05,19746.34,0
7,6,2024-04-12,22461.14,0
7,6,2024-04-19,21661.52,0
7,6,2024-04-26,23726.16,0
7,6,2024-05-03,20907.38,0
7,6,2024-05-10,23283.27,0
7,6,2024-05-17,25077.94,0
7,6,2024-05-24,22594.65,0
7,6,2024-05-31,23407.83,0
7,6,2024-06-07,22906.85,0
7,6,2024-06-14,25059.61,0
7,6,2024-06-21,22222.16,0
7,6,2024-06-28,22578.86,0
7,6,2024-07-05,21100.49,0
7,6,2024-07-12,19628.91,0
7,6,2024-07-19,18677.05,0
7,6,2024-07-26,22485.68,0
7,6,2024-08-02,18526.69,0
7,6,2024-08-09,21074.21,0
7,6,2024-08-16,20279.38,0
7,6,2024-08-23,20794.94,0
7,6,2024-08-30,18342.99,0
7,6,2024-09-06,18701.74,1
7,6,2024-09-13,18260.89,0
7,6,2024-09-20,16691.3,0
7,6,2024-09-27,21204.15,0
7,6,2024-10-04,17074.64,0
7,6,2024-10-11,16690.2,0
7,6,2024-10-18,17717.36,0
7,6,2024-10-25,19845.67,0
7,6,2024-11-01,14916.0,0
7,6,2024-11-08,19778.07,0
7,6,2024-11-15,16838.57,0
7,6,2024-11-22,18662.38,0
7,6,2024-11-29,23792.49,1
7,6,2024-12-06,18786.61,0
7,6,2024-12-13,17744.69,0
7,6,2024-12-20,18588.12,0
7,6,2024-12-27,25509.8,1
7,6,2025-01-03,20278.34,0
7,6,2025-01-10,19888.53,0
7,6,2025-01-17,17978.48,0
7,6,2025-01-24,19968.84,0
7,7,2023-02-03,17655.96,0
7,7,2023-02-10,18801.12,1
7,7,2023-02-17,17418.36,0
7,7,2023-02-24,17327.09,0
7,7,2023-03-03,19592.97,0
7,7,2023-03-10,15601.69,0
7,7,2023-03-17,17351.32,0
7,7,2023-03-24,20372.22,0
7,7,2023-03-31,21464.94,0
7,7,2023-04-07,22332.06,0
7,7,2023-04-14,19085.57,0
7,7,2023-04-21,19810.94,0
7,7,2023-04-28,20438.37,0
7,7,2023-05-05,21188.42,0
7,7,2023-05-12,19722.31,0
7,7,2023-05-19,20648.0,0
7,7,2023-05-26,19882.93,0
7,7,2023-06-02,19901.02,0
7,7,2023-06-09,17605.23,0
7,7,2023-06-16,18377.13,0
7,7,2023-06-23,17940.96,0
7,7,2023-06-30,16788.55,0
7,7,2023-07-07,15937.98,0
7,7,2023-07-14,17545.44,0
7,7,2023-07-21,17567.06,0
7,7,2023-07-28,17871.81,0
7,7,2023-08-04,18273.27,0
7,7,2023-08-11,17527.14,0
7,7,2023-08-18,16691.81,0
7,7,2023-08-25,15591.87,0
7,7,2023-09-01,17780.99,0
7,7,2023-09-08,17835.23,1
7,7,2023-09-15,16000.46,0
7,7,2023-09-22,15142.02,0
7,7,2023-09-29,15272.61,0
7,7,2023-10-06,15126.91,0
7,7,2023-10-13,15394.46,0
7,7,2023-10-20,16526.22,0
7,7,2023-10-27,16188.91,0
7,7,2023-11-03,17625.78,0
7,7,2023-11-10,17246.93,0
7,7,2023-11-17,18263.35,0
7,7,2023-11-24,23009.56,1
7,7,2023-12-01,15395.55,0
7,7,2023-12-08,17246.39,0
7,7,2023-12-15,15502.01,0
7,7,2023-12-22,14619.19,0
7,7,2023-12-29,22702.0,1
7,7,2024-01-05,17642.87,0
7,7,2024-01-12,16088.3,0
7,7,2024-01-19,19166.51,0
7,7,2024-01-26,19669.68,0
7,7,2024-02-02,18920.61,0
7,7,2024-02-09,23838.91,1
7,7,2024-02-16,22072.28,0
7,7,2024-02-23,20137.96,0
7,7,2024-03-01,17882.74,0
7,7,2024-03-08,19633.17,0
7,7,2024-03-15,19519.14,0
7,7,2024-03-22,19575.11,0
7,7,2024-03-29,17493.3,0
7,7,2024-04-05,20961.65,0
7,7,2024-04-12,18200.5,0
7,7,2024-04-19,16420.04,0
7,7,2024-04-26,20085.32,0
7,7,2024-05-03,19446.52,0
7,7,2024-05-10,19282.86,0
7,7,2024-05-17,15553.85,0
7,7,2024-05-24,19233.54,0
7,7,2024-05-31,20270.37,0
7,7,2024-06-07,19407.18,0
7,7,2024-06-14,20934.83,0
7,7,2024-06-21,22386.04,0
7,7,2024-06-28,20780.5,0
7,7,2024-07-05,21372.9,0
7,7,2024-07-12,21263.15,0
7,7,2024-07-19,17724.17,0
7,7,2024-07-26,19724.7,0
7,7,2024-08-02,20306.29,0
7,7,2024-08-09,17914.33,0
7,7,2024-08-16,17159.18,0
7,7,2024-08-23,18848.27,0
7,7,2024-08-30,15738.95,0
7,7,2024-09-06,17027.89,1
7,7,2024-09-13,18080.62,0
7,7,2024-09-20,17582.99,0
7,7,2024-09-27,18548.49,0
7,7,2024-10-04,15758.76,0
7,7,2024-10-11,15602.1,0
7,7,2024-10-18,17569.63,0
7,7,2024-10-25,15759.59,0
7,7,2024-11-01,16027.68,0
7,7,2024-11-08,14372.41,0
7,7,2024-11-15,17346.55,0
7,7,2024-11-22,19160.47,0
7,7,2024-11-29,20362.56,1
7,7,2024-12-06,17278.59,0
7,7,2024-12-13,15076.71,0
7,7,2024-12-20,16504.67,0
7,7,2024-12-27,21457.96,1
7,7,2025-01-03,18898.3,0
7,7,2025-01-10,21310.69,0
7,7,2025-01-17,16698.47,0
7,7,2025-01-24,18416.09,0
7,8,2023-02-03,17864.87,0
7,8,2023-02-10,17568.59,1
7,8,2023-02-17,20007.93,0
7,8,2023-02-24,20155.83,0
7,8,2023-03-03,17473.53,0
7,8,2023-03-10,20740.35,0
7,8,2023-03-17,18941.15,0
7,8,2023-03-24,21213.08,0
7,8,2023-03-31,23571.76,0
7,8,2023-04-07,22375.77,0
7,8,2023-04-14,22033.08,0
7,8,2023-04-21,20917.1,0
7,8,2023-04-28,22041.69,0
7,8,2023-05-05,22964.02,0
7,8,2023-05-12,22805.54,0
7,8,2023-05-19,21795.53,0
7,8,2023-05-26,22298.34,0
7,8,2023-06-02,19532.48,0
7,8,2023-06-09,20439.97,0
7,8,2023-06-16,22791.53,0
7,8,2023-06-23,22840.38,0
7,8,2023-06-30,21362.39,0
7,8,2023-07-07,23471.17,0
7,8,2023-07-14,21598.87,0
7,8,2023-07-21,20127.1,0
7,8,2023-07-28,18278.26,0
7,8,2023-08-04,22296.17,0
7,8,2023-08-11,20950.15,0
7,8,2023-08-18,22278.67,0
7,8,2023-08-25,22559.81,0
7,8,2023-09-01,17033.78,0
7,8,2023-09-08,17960.35,1
7,8,2023-09-15,19926.94,0
7,8,2023-09-22,19348.19,0
7,8,2023-09-29,18370.86,0
7,8,2023-10-06,16326.76,0
7,8,2023-10-13,17879.35,0
7,8,2023-10-20,18210.85,0
7,8,2023-10-27,19040.04,0
7,8,2023-11-03,18317.13,0
7,8,2023-11-10,18923.12,0
7,8,2023-11-17,17868.46,0
7,8,2023-11-24,23720.33,1
7,8,2023-12-01,16570.33,0
7,8,2023-12-08,20543.19,0
7,8,2023-12-15,20531.3,0
7,8,2023-12-22,19640.21,0
7,8,2023-12-29,25612.86,1
7,8,2024-01-05,16934.12,0
7,8,2024-01-12,21743.72,0
7,8,2024-01-19,19327.99,0
7,8,2024-01-26,22205.6,0
7,8,2024-02-02,20945.1,0
7,8,2024-02-09,18979.13,1
7,8,2024-02-16,20550.41,0
7,8,2024-02-23,23493.59,0
7,8,2024-03-01,21653.75,0
7,8,2024-03-08,21204.24,0
7,8,2024-03-15,21448.22,0
7,8,2024-03-22,24001.85,0
7,8,2024-03-29,26275.69,0
7,8,2024-04-05,19257.19,0
7,8,2024-04-12,28635.58,0
7,8,2024-04-19,23900.27,0
7,8,2024-04-26,24699.93,0
7,8,2024-05-03,22829.47,0
7,8,2024-05-10,23662.22,0
7,8,2024-05-17,24010.04,0
7,8,2024-05-24,21607.09,0
7,8,2024-05-31,21978.28,0
7,8,2024-06-07,25579.19,0
7,8,2024-06-14,20324.46,0
7,8,2024-06-21,23831.59,0
7,8,2024-06-28,22130.97,0
7,8,2024-07-05,20837.84,0
7,8,2024-07-12,25841.39,0
7,8,2024-07-19,20369.74,0
7,8,2024-07-26,19808.62,0
7,8,2024-08-02,21174.31,0
7,8,2024-08-09,19909.07,0
7,8,2024-08-16,20945.29,0
7,8,2024-08-23,20920.95,0
7,8,2024-08-30,20789.2,0
7,8,2024-09-06,22248.94,1
7,8,2024-09-13,20971.34,0
7,8,2024-09-20,19572.51,0
7,8,2024-09-27,18804.7,0
7,8,2024-10-04,21746.16,0
7,8,2024-10-11,19152.55,0
7,8,2024-10-18,20955.4,0
7,8,2024-10-25,21128.66,0
7,8,2024-11-01,21229.24,0
7,8,2024-11-08,20357.8,0
7,8,2024-11-15,19372.86,0
7,8,2024-11-22,19394.14,0
7,8,2024-11-29,24413.67,1
7,8,2024-12-06,20982.2,0
7,8,2024-12-13,20456.66,0
7,8,2024-12-20,21658.46,0
7,8,2024-12-27,28048.97,1
7,8,2025-01-03,18593.9,0
7,8,2025-01-10,19232.17,0
7,8,2025-01-17,17282.16,0
7,8,2025-01-24,21660.8,0
7,9,2023-02-03,10155.9,0
7,9,2023-02-10,10203.12,1
7,9,2023-02-17,11468.2,0
7,9,2023-02-24,10950.42,0
7,9,2023-03-03,10179.03,0
7,9,2023-03-10,14021.16,0
7,9,2023-03-17,11756.55,0
7,9,2023-03-24,10888.08,0
7,9,2023-03-31,11391.67,0
7,9,2023-04-07,11968.65,0
7,9,2023-04-14,12048.75,0
7,9,2023-04-21,13565.39,0
7,9,2023-04-28,12254.11,0
7,9,2023-05-05,14194.78,0
7,9,2023-05-12,11940.93,0
7,9,2023-05-19,12779.67,0
7,9,2023-05-26,13336.37,0
7,9,2023-06-02,13454.62,0
7,9,2023-06-09,13497.05,0
7,9,2023-06-16,11869.39,0
7,9,2023-06-23,12031.59,0
7,9,2023-06-30,9561.26,0
7,9,2023-07-07,11620.59,0
7,9,2023-07-14,12694.1,0
7,9,2023-07-21,12364.38,0
7,9,2023-07-28,11314.45,0
7,9,2023-08-04,12775.9,0
7,9,2023-08-11,10759.38,0
7,9,2023-08-18,10327.96,0
7,9,2023-08-25,10410.06,0
7,9,2023-09-01,9722.04,0
7,9,2023-09-08,11669.18,1
7,9,2023-09-15,10951.3,0
7,9,2023-09-22,9997.52,0
7,9,2023-09-29,10205.77,0
7,9,2023-10-06,8408.06,0
7,9,2023-10-13,10434.15,0
7,9,2023-10-20,10174.26,0
7,9,2023-10-27,9191.53,0
7,9,2023-11-03,9998.76,0
7,9,2023-11-10,9899.01,0
7,9,2023-11-17,11584.7,0
7,9,2023-11-24,12820.6,1
7,9,2023-12-01,9400.04,0
7,9,2023-12-08,9935.6,0
7,9,2023-12-15,10750.56,0
7,9,2023-12-22,10470.9,0
7,9,2023-12-29,13508.27,1
7,9,2024-01-05,10524.4,0
7,9,2024-01-12,11913.01,0
7,9,2024-01-19,11026.37,0
7,9,2024-01-26,11394.82,0
7,9,2024-02-02,12006.54,0
7,9,2024-02-09,12069.78,1
7,9,2024-02-16,12658.17,0
7,9,2024-02-23,12526.36,0
7,9,2024-03-01,12853.42,0
7,9,2024-03-08,12224.72,0
7,9,2024-03-15,11616.87,0
7,9,2024-03-22,11374.64,0
7,9,2024-03-29,11231.62,0
7,9,2024-04-05,14914.04,0
7,9,2024-04-12,10829.69,0
7,9,2024-04-19,14491.56,0
7,9,2024-04-26,12405.48,0
7,9,2024-05-03,14568.91,0
7,9,2024-05-10,10967.82,0
7,9,2024-05-17,13050.64,0
7,9,2024-05-24,14810.8,0
7,9,2024-05-31,13968.5,0
7,9,2024-06-07,12788.2,0
7,9,2024-06-14,11024.58,0
7,9,2024-06-21,11578.48,0
7,9,2024-06-28,14254.64,0
7,9,2024-07-05,12343.41,0
7,9,2024-07-12,12483.01,0
7,9,2024-07-19,12686.63,0
7,9,2024-07-26,10973.07,0
7,9,2024-08-02,12485.39,0
7,9,2024-08-09,11531.96,0
7,9,2024-08-16,12052.4,0
7,9,2024-08-23,11086.01,0
7,9,2024-08-30,10033.89,0
7,9,2024-09-06,12002.42,1
7,9,2024-09-13,11572.59,0
7,9,2024-09-20,11136.29,0
7,9,2024-09-27,11805.75,0
7,9,2024-10-04,10759.11,0
7,9,2024-10-11,10927.87,0
7,9,2024-10-18,10424.34,0
7,9,2024-10-25,11650.91,0
7,9,2024-11-01,11078.69,0
7,9,2024-11-08,10367.77,0
7,9,2024-11-15,9599.62,0
7,9,2024-11-22,11934.69,0
7,9,2024-11-29,12312.97,1
7,9,2024-12-06,13261.23,0
7,9,2024-12-13,12009.82,0
7,9,2024-12-20,12901.14,0
7,9,2024-12-27,14720.86,1
7,9,2025-01-03,11779.49,0
7,9,2025-01-10,12283.92,0
7,9,2025-01-17,14082.52,0
7,9,2025-01-24,12042.02,0
7,10,2023-02-03,13250.81,0
7,10,2023-02-10,12470.66,1
7,10,2023-02-17,14621.51,0
7,10,2023-02-24,13234.07,0
7,10,2023-03-03,15201.76,0
7,10,2023-03-10,12358.96,0
7,10,2023-03-17,15044.34,0
7,10,2023-03-24,13819.91,0
7,10,2023-03-31,15571.25,0
7,10,2023-04-07,14817.73,0
7,10,2023-04-14,14295.99,0
7,10,2023-04-21,14551.33,0
7,10,2023-04-28,14047.59,0
7,10,2023-05-05,16119.56,0
7,10,2023-05-12,13849.23,0
7,10,2023-05-19,14781.6,0
7,10,2023-05-26,15484.24,0
7,10,2023-06-02,16946.87,0
7,10,2023-06-09,14918.44,0
7,10,2023-06-16,14542.03,0
7,10,2023-06-23,15033.79,0
7,10,2023-06-30,12159.42,0
7,10,2023-07-07,13045.56,0
7,10,2023-07-14,13840.8,0
7,10,2023-07-21,13296.11,0
7,10,2023-07-28,12141.78,0
7,10,2023-08-04,14689.73,0
7,10,2023-08-11,13849.08,0
7,10,2023-08-18,13540.46,0
7,10,2023-08-25,12484.6,0
7,10,2023-09-01,13137.7,0
7,10,2023-09-08,14398.64,1
7,10,2023-09-15,13216.05,0
7,10,2023-09-22,11833.28,0
7,10,2023-09-29,12629.67,0
7,10,2023-10-06,13582.94,0
7,10,2023-10-13,13600.45,0
7,10,2023-10-20,13648.0,0
7,10,2023-10-27,12600.08,0
7,10,2023-11-03,12355.05,0
7,10,2023-11-10,11910.09,0
7,10,2023-11-17,10613.63,0
7,10,2023-11-24,20140.51,1
7,10,2023-12-01,12478.28,0
7,10,2023-12-08,14146.83,0
7,10,2023-12-15,14207.03,0
7,10,2023-12-22,12302.95,0
7,10,2023-12-29,27934.38,1
7,10,2024-01-05,14123.42,0
7,10,2024-01-12,14475.35,0
7,10,2024-01-19,15186.96,0
7,10,2024-01-26,13483.35,0
7,10,2024-02-02,15419.72,0
7,10,2024-02-09,12318.05,1
7,10,2024-02-16,16238.5,0
7,10,2024-02-23,14901.5,0
7,10,2024-03-01,15137.07,0
7,10,2024-03-08,12840.19,0
7,10,2024-03-15,15043.13,0
7,10,2024-03-22,17396.8,0
7,10,2024-03-29,15304.48,0
7,10,2024-04-05,16887.28,0
7,10,2024-04-12,16127.86,0
7,10,2024-04-19,17542.39,0
7,10,2024-04-26,16476.55,0
7,10,2024-05-03,15050.54,0
7,10,2024-05-10,16345.84,0
7,10,2024-05-17,18338.95,0
7,10,2024-05-24,16861.41,0
7,10,2024-05-31,16000.62,0
7,10,2024-06-07,18962.23,0
7,10,2024-06-14,17433.98,0
7,10,2024-06-21,16859.87,0
7,10,2024-06-28,16077.88,0
7,10,2024-07-05,16425.36,0
7,10,2024-07-12,16281.52,0
7,10,2024-07-19,12514.31,0
7,10,2024-07-26,15445.06,0
7,10,2024-08-02,14588.28,0
7,10,2024-08-09,14001.09,0
7,10,2024-08-16,14167.51,0
7,10,2024-08-23,12438.28,0
7,10,2024-08-30,12003.83,0
7,10,2024-09-06,17238.85,1
7,10,2024-09-13,11065.03,0
7,10,2024-09-20,12951.36,0
7,10,2024-09-27,14410.31,0
7,10,2024-10-04,13068.3,0
7,10,2024-10-11,14620.75,0
7,10,2024-10-18,14362.07,0
7,10,2024-10-25,11792.0,0
7,10,2024-11-01,13080.3,0
7,10,2024-11-08,12787.23,0
7,10,2024-11-15,11839.2,0
7,10,2024-11-22,11842.9,0
7,10,2024-11-29,23307.41,1
7,10,2024-12-06,13949.93,0
7,10,2024-12-13,14946.5,0
7,10,2024-12-20,14541.69,0
7,10,2024-12-27,23995.09,1
7,10,2025-01-03,15059.55,0
7,10,2025-01-10,14413.42,0
7,10,2025-01-17,14293.32,0
7,10,2025-01-24,17338.25,0
8,1,2023-02-03,34238.86,0
8,1,2023-02-10,46481.64,1
8,1,2023-02-17,42503.08,0
8,1,2023-02-24,39006.78,0
8,1,2023-03-03,40927.49,0
8,1,2023-03-10,41941.74,0
8,1,2023-03-17,49115.53,0
8,1,2023-03-24,50842.16,0
8,1,2023-03-31,52934.3,0
8,1,2023-04-07,41187.14,0
8,1,2023-04-14,42313.18,0
8,1,2023-04-21,42278.21,0
8,1,2023-04-28,52889.96,0
8,1,2023-05-05,49658.44,0
8,1,2023-05-12,48396.11,0
8,1,2023-05-19,48928.45,0
8,1,2023-05-26,47712.82,0
8,1,2023-06-02,43461.84,0
8,1,2023-06-09,49439.53,0
8,1,2023-06-16,46469.98,0
8,1,2023-06-23,42303.34,0
8,1,2023-06-30,48500.39,0
8,1,2023-07-07,44334.9,0
8,1,2023-07-14,46215.71,0
8,1,2023-07-21,44403.85,0
8,1,2023-07-28,47453.56,0
8,1,2023-08-04,44496.6,0
8,1,2023-08-11,40105.21,0
8,1,2023-08-18,43690.56,0
8,1,2023-08-25,43240.19,0
8,1,2023-09-01,43225.1,0
8,1,2023-09-08,47007.76,1
8,1,2023-09-15,42764.77,0
8,1,2023-09-22,34653.92,0
8,1,2023-09-29,39480.61,0
8,1,2023-10-06,38718.22,0
8,1,2023-10-13,43942.07,0
8,1,2023-10-20,38754.41,0
8,1,2023-10-27,41090.73,0
8,1,2023-11-03,33676.31,0
8,1,2023-11-10,38190.22,0
8,1,2023-11-17,36795.98,0
8,1,2023-11-24,64202.17,1
8,1,2023-12-01,40274.17,0
8,1,2023-12-08,40841.6,0
8,1,2023-12-15,35691.0,0
8,1,2023-12-22,39666.4,0
8,1,2023-12-29,55394.96,1
8,1,2024-01-05,34759.65,0
8,1,2024-01-12,41293.87,0
8,1,2024-01-19,47530.85,0
8,1,2024-01-26,46750.43,0
8,1,2024-02-02,49788.52,0
8,1,2024-02-09,48717.27,1
8,1,2024-02-16,46634.25,0
8,1,2024-02-23,53545.62,0
8,1,2024-03-01,48177.1,0
8,1,2024-03-08,40804.6,0
8,1,2024-03-15,52742.16,0
8,1,2024-03-22,48152.97,0
8,1,2024-03-29,48886.04,0
8,1,2024-04-05,44909.48,0
8,1,2024-04-12,57799.59,0
8,1,2024-04-19,49285.03,0
8,1,2024-04-26,58124.24,0
8,1,2024-05-03,49946.34,0
8,1,2024-05-10,47919.57,0
8,1,2024-05-17,57169.67,0
8,1,2024-05-24,51278.87,0
8,1,2024-05-31,51114.22,0
8,1,2024-06-07,45857.76,0
8,1,2024-06-14,48891.97,0
8,1,2024-06-21,52067.39,0
8,1,2024-06-28,44692.56,0
8,1,2024-07-05,47235.11,0
8,1,2024-07-12,47170.17,0
8,1,2024-07-19,48485.56,0
8,1,2024-07-26,53262.12,0
8,1,2024-08-02,45881.04,0
8,1,2024-08-09,43828.68,0
8,1,2024-08-16,55840.4,0
8,1,2024-08-23,43624.0,0
8,1,2024-08-30,43945.3,0
8,1,2024-09-06,45105.89,1
8,1,2024-09-13,43888.29,0
8,1,2024-09-20,46370.32,0
8,1,2024-09-27,44205.66,0
8,1,2024-10-04,46185.94,0
8,1,2024-10-11,45827.6,0
8,1,2024-10-18,42848.57,0
8,1,2024-10-25,43343.12,0
8,1,2024-11-01,45823.53,0
8,1,2024-11-08,38437.29,0
8,1,2024-11-15,50836.14,0
8,1,2024-11-22,40883.11,0
8,1,2024-11-29,51760.44,1
8,1,2024-12-06,39287.1,0
8,1,2024-12-13,47297.48,0
8,1,2024-12-20,52499.69,0
8,1,2024-12-27,52613.55,1
8,1,2025-01-03,46503.81,0
8,1,2025-01-10,50111.7,0
8,1,2025-01-17,55496.19,0
8,1,2025-01-24,53710.97,0
8,2,2023-02-03,25686.33,0
8,2,2023-02-10,27730.34,1
8,2,2023-02-17,28376.7,0
8,2,2023-02-24,27379.37,0
8,2,2023-03-03,25374.05,0
8,2,2023-03-10,26380.31,0
8,2,2023-03-17,31144.54,0
8,2,2023-03-24,31724.86,0
8,2,2023-03-31,28634.17,0
8,2,2023-04-07,29972.96,0
8,2,2023-04-14,32392.74,0
8,2,2023-04-21,25667.72,0
8,2,2023-04-28,28767.96,0
8,2,2023-05-05,34727.4,0
8,2,2023-05-12,30637.62,0
8,2,2023-05-19,27194.54,0
8,2,2023-05-26,30103.26,0
8,2,2023-06-02,32134.96,0
8,2,2023-06-09,23529.41,0
8,2,2023-06-16,29765.67,0
8,2,2023-06-23,28250.65,0
8,2,2023-06-30,25062.4,0
8,2,2023-07-07,28746.14,0
8,2,2023-07-14,27934.1,0
8,2,2023-07-21,27854.31,0
8,2,2023-07-28,26793.38,0
8,2,2023-08-04,24984.52,0
8,2,2023-08-11,23727.5,0
8,2,2023-08-18,25038.12,0
8,2,2023-08-25,27961.06,0
8,2,2023-09-01,26320.42,0
8,2,2023-09-08,29423.81,1
8,2,2023-09-15,24503.86,0
8,2,2023-09-22,26489.15,0
8,2,2023-09-29,25805.45,0
8,2,2023-10-06,23692.21,0
8,2,2023-10-13,19384.46,0
8,2,2023-10-20,23100.92,0
8,2,2023-10-27,23440.15,0
8,2,2023-11-03,22621.92,0
8,2,2023-11-10,23642.67,0
8,2,2023-11-17,26162.31,0
8,2,2023-11-24,38123.91,1
8,2,2023-12-01,21907.13,0
8,2,2023-12-08,24543.83,0
8,2,2023-12-15,21496.26,0
8,2,2023-12-22,24886.32,0
8,2,2023-12-29,42590.58,1
8,2,2024-01-05,27375.04,0
8,2,2024-01-12,29099.91,0
8,2,2024-01-19,26402.72,0
8,2,2024-01-26,25515.44,0
8,2,2024-02-02,25854.08,0
8,2,2024-02-09,29285.95,1
8,2,2024-02-16,33337.32,0
8,2,2024-02-23,30527.86,0
8,2,2024-03-01,29070.43,0
8,2,2024-03-08,29904.38,0
8,2,2024-03-15,30652.62,0
8,2,2024-03-22,36100.49,0
8,2,2024-03-29,34456.99,0
8,2,2024-04-05,32276.93,0
8,2,2024-04-12,32112.48,0
8,2,2024-04-19,32766.63,0
8,2,2024-04-26,33389.15,0
8,2,2024-05-03,31124.19,0
8,2,2024-05-10,30032.19,0
8,2,2024-05-17,34832.69,0
8,2,2024-05-24,32151.59,0
8,2,2024-05-31,34393.22,0
8,2,2024-06-07,35980.48,0
8,2,2024-06-14,32892.91,0
8,2,2024-06-21,32221.71,0
8,2,2024-06-28,38979.59,0
8,2,2024-07-05,31224.1,0
8,2,2024-07-12,27722.15,0
8,2,2024-07-19,29334.13,0
8,2,2024-07-26,33311.86,0
8,2,2024-08-02,26221.74,0
8,2,2024-08-09,27128.1,0
8,2,2024-08-16,31007.85,0
8,2,2024-08-23,27507.25,0
8,2,2024-08-30,27522.37,0
8,2,2024-09-06,31621.65,1
8,2,2024-09-13,23950.89,0
8,2,2024-09-20,23887.18,0
8,2,2024-09-27,27884.72,0
8,2,2024-10-04,27006.58,0
8,2,2024-10-11,24858.81,0
8,2,2024-10-18,23792.78,0
8,2,2024-10-25,25614.17,0
8,2,2024-11-01,28528.72,0
8,2,2024-11-08,24494.86,0
8,2,2024-11-15,24965.02,0
8,2,2024-11-22,23999.74,0
8,2,2024-11-29,46118.95,1
8,2,2024-12-06,31567.15,0
8,2,2024-12-13,27777.76,0
8,2,2024-12-20,27526.89,0
8,2,2024-12-27,45623.96,1
8,2,2025-01-03,27120.81,0
8,2,2025-01-10,34187.33,0
8,2,2025-01-17,29268.53,0
8,2,2025-01-24,30358.21,0
8,3,2023-02-03,21482.47,0
8,3,2023-02-10,21482.27,1
8,3,2023-02-17,23819.97,0
8,3,2023-02-24,20530.13,0
8,3,2023-03-03,23222.2,0
8,3,2023-03-10,22433.84,0
8,3,2023-03-17,24174.1,0
8,3,2023-03-24,22268.76,0
8,3,2023-03-31,22236.83,0
8,3,2023-04-07,24419.43,0
8,3,2023-04-14,23891.95,0
8,3,2023-04-21,21818.85,0
8,3,2023-04-28,25963.75,0
8,3,2023-05-05,24870.03,0
8,3,2023-05-12,23369.93,0
8,3,2023-05-19,22609.21,0
8,3,2023-05-26,24115.31,0
8,3,2023-06-02,24574.88,0
8,3,2023-06-09,20256.47,0
8,3,2023-06-16,23755.19,0
8,3,2023-06-23,24072.92,0
8,3,2023-06-30,18403.43,0
8,3,2023-07-07,22791.37,0
8,3,2023-07-14,23423.61,0
8,3,2023-07-21,22946.78,0
8,3,2023-07-28,23045.45,0
8,3,2023-08-04,20817.17,0
8,3,2023-08-11,19343.33,0
8,3,2023-08-18,17825.27,0
8,3,2023-08-25,22352.53,0
8,3,2023-09-01,21443.67,0
8,3,2023-09-08,24524.2,1
8,3,2023-09-15,21122.99,0
8,3,2023-09-22,17291.18,0
8,3,2023-09-29,18133.08,0
8,3,2023-10-06,19549.23,0
8,3,2023-10-13,20274.27,0
8,3,2023-10-20,21763.72,0
8,3,2023-10-27,18789.11,0
8,3,2023-11-03,17837.78,0
8,3,2023-11-10,17801.82,0
8,3,2023-11-17,18233.84,0
8,3,2023-11-24,42092.0,1
8,3,2023-12-01,21317.05,0
8,3,2023-12-08,19388.93,0
8,3,2023-12-15,19988.31,0
8,3,2023-12-22,21376.9,0
8,3,2023-12-29,37357.81,1
8,3,2024-01-05,19702.21,0
8,3,2024-01-12,20390.28,0
8,3,2024-01-19,21567.06,0
8,3,2024-01-26,20393.62,0
8,3,2024-02-02,22687.23,0
8,3,2024-02-09,23044.9,1
8,3,2024-02-16,22552.15,0
8,3,2024-02-23,21683.03,0
8,3,2024-03-01,23744.75,0
8,3,2024-03-08,22892.95,0
8,3,2024-03-15,24234.66,0
8,3,2024-03-22,26551.66,0
8,3,2024-03-29,22171.57,0
8,3,2024-04-05,29163.59,0
8,3,2024-04-12,24866.55,0
8,3,2024-04-19,25971.46,0
8,3,2024-04-26,23716.69,0
8,3,2024-05-03,27601.72,0
8,3,2024-05-10,25051.19,0
8,3,2024-05-17,24483.81,0
8,3,2024-05-24,24056.57,0
8,3,2024-05-31,24577.42,0
8,3,2024-06-07,25816.66,0
8,3,2024-06-14,25154.08,0
8,3,2024-06-21,24532.63,0
8,3,2024-06-28,22996.25,0
8,3,2024-07-05,22648.5,0
8,3,2024-07-12,22983.79,0
8,3,2024-07-19,24446.94,0
8,3,2024-07-26,24516.9,0
8,3,2024-08-02,24447.65,0
8,3,2024-08-09,22677.55,0
8,3,2024-08-16,23068.97,0
8,3,2024-08-23,21795.19,0
8,3,2024-08-30,18776.18,0
8,3,2024-09-06,22322.27,1
8,3,2024-09-13,19551.34,0
8,3,2024-09-20,20156.14,0
8,3,2024-09-27,21161.31,0
8,3,2024-10-04,18903.82,0
8,3,2024-10-11,19501.78,0
8,3,2024-10-18,23155.91,0
8,3,2024-10-25,17933.19,0
8,3,2024-11-01,20275.87,0
8,3,2024-11-08,18700.65,0
8,3,2024-11-15,19467.97,0
8,3,2024-11-22,20512.26,0
8,3,2024-11-29,36868.8,1
8,3,2024-12-06,23506.18,0
8,3,2024-12-13,22896.07,0
8,3,2024-12-20,23502.04,0
8,3,2024-12-27,37258.85,1
8,3,2025-01-03,23177.12,0
8,3,2025-01-10,24264.86,0
8,3,2025-01-17,26273.66,0
8,3,2025-01-24,25412.31,0
8,4,2023-02-03,18041.37,0
8,4,2023-02-10,20706.59,1
8,4,2023-02-17,17503.27,0
8,4,2023-02-24,17221.69,0
8,4,2023-03-03,18133.15,0
8,4,2023-03-10,16790.25,0
8,4,2023-03-17,18436.39,0
8,4,2023-03-24,15977.65,0
8,4,2023-03-31,17925.56,0
8,4,2023-04-07,18700.01,0
8,4,2023-04-14,20447.43,0
8,4,2023-04-21,20803.8,0
8,4,2023-04-28,17700.06,0
8,4,2023-05-05,22414.2,0
8,4,2023-05-12,19463.35,0
8,4,2023-05-19,19587.39,0
8,4,2023-05-26,16691.03,0
8,4,2023-06-02,18150.3,0
8,4,2023-06-09,20591.35,0
8,4,2023-06-16,19125.25,0
8,4,2023-06-23,18880.28,0
8,4,2023-06-30,18885.1,0
8,4,2023-07-07,16239.63,0
8,4,2023-07-14,18015.55,0
8,4,2023-07-21,19962.26,0
8,4,2023-07-28,19258.29,0
8,4,2023-08-04,17315.39,0
8,4,2023-08-11,19421.9,0
8,4,2023-08-18,15321.2,0
8,4,2023-08-25,15511.41,0
8,4,2023-09-01,19087.02,0
8,4,2023-09-08,20013.31,1
8,4,2023-09-15,16166.36,0
8,4,2023-09-22,15042.75,0
8,4,2023-09-29,16298.13,0
8,4,2023-10-06,16085.29,0
8,4,2023-10-13,15777.34,0
8,4,2023-10-20,14241.62,0
8,4,2023-10-27,16005.91,0
8,4,2023-11-03,15016.34,0
8,4,2023-11-10,14478.57,0
8,4,2023-11-17,17387.21,0
8,4,2023-11-24,26075.66,1
8,4,2023-12-01,16848.76,0
8,4,2023-12-08,15829.25,0
8,4,2023-12-15,16264.17,0
8,4,2023-12-22,17101.06,0
8,4,2023-12-29,19077.25,1
8,4,2024-01-05,14264.67,0
8,4,2024-01-12,16893.03,0
8,4,2024-01-19,18703.34,0
8,4,2024-01-26,16652.19,0
8,4,2024-02-02,17798.47,0
8,4,2024-02-09,19310.72,1
8,4,2024-02-16,20993.99,0
8,4,2024-02-23,17031.68,0
8,4,2024-03-01,17157.19,0
8,4,2024-03-08,18041.77,0
8,4,2024-03-15,17324.83,0
8,4,2024-03-22,17627.08,0
8,4,2024-03-29,18592.43,0
8,4,2024-04-05,22332.56,0
8,4,2024-04-12,19953.18,0
8,4,2024-04-19,20623.24,0
8,4,2024-04-26,19069.72,0
8,4,2024-05-03,21741.17,0
8,4,2024-05-10,23811.45,0
8,4,2024-05-17,19215.57,0
8,4,2024-05-24,23479.48,0
8,4,2024-05-31,21149.32,0
8,4,2024-06-07,20466.26,0
8,4,2024-06-14,20949.77,0
8,4,2024-06-21,20765.47,0
8,4,2024-06-28,22914.6,0
8,4,2024-07-05,20567.38,0
8,4,2024-07-12,20370.0,0
8,4,2024-07-19,18641.17,0
8,4,2024-07-26,20328.75,0
8,4,2024-08-02,17364.26,0
8,4,2024-08-09,18718.36,0
8,4,2024-08-16,22536.74,0
8,4,2024-08-23,14454.76,0
8,4,2024-08-30,18183.33,0
8,4,2024-09-06,18958.03,1
8,4,2024-09-13,17161.33,0
8,4,2024-09-20,17401.88,0
8,4,2024-09-27,16783.36,0
8,4,2024-10-04,17310.82,0
8,4,2024-10-11,16258.06,0
8,4,2024-10-18,19585.67,0
8,4,2024-10-25,16491.24,0
8,4,2024-11-01,17603.27,0
8,4,2024-11-08,15971.85,0
8,4,2024-11-15,18212.55,0
8,4,2024-11-22,18053.11,0
8,4,2024-11-29,20692.64,1
8,4,2024-12-06,16311.54,0
8,4,2024-12-13,19918.91,0
8,4,2024-12-20,16686.69,0
8,4,2024-12-27,24466.86,1
8,4,2025-01-03,19754.18,0
8,4,2025-01-10,17540.41,0
8,4,2025-01-17,17399.59,0
8,4,2025-01-24,18062.27,0
8,5,2023-02-03,10725.49,0
8,5,2023-02-10,11771.24,1
8,5,2023-02-17,11643.9,0
8,5,2023-02-24,10723.2,0
8,5,2023-03-03,11893.0,0
8,5,2023-03-10,10972.77,0
8,5,2023-03-17,12854.17,0
8,5,2023-03-24,13176.75,0
8,5,2023-03-31,12455.1,0
8,5,2023-04-07,12856.22,0
8,5,2023-04-14,14444.97,0
8,5,2023-04-21,12576.45,0
8,5,2023-04-28,11819.84,0
8,5,2023-05-05,13408.3,0
8,5,2023-05-12,11661.4,0
8,5,2023-05-19,12596.39,0
8,5,2023-05-26,12169.0,0
8,5,2023-06-02,12016.92,0
8,5,2023-06-09,12410.6,0
8,5,2023-06-16,13484.91,0
8,5,2023-06-23,13583.05,0
8,5,2023-06-30,13281.57,0
8,5,2023-07-07,12568.9,0
8,5,2023-07-14,11854.36,0
8,5,2023-07-21,9704.53,0
8,5,2023-07-28,12159.39,0
8,5,2023-08-04,9534.15,0
8,5,2023-08-11,9737.54,0
8,5,2023-08-18,11211.32,0
8,5,2023-08-25,11449.89,0
8,5,2023-09-01,10674.09,0
8,5,2023-09-08,14584.64,1
8,5,2023-09-15,10609.48,0
8,5,2023-09-22,11909.22,0
8,5,2023-09-29,11961.2,0
8,5,2023-10-06,10989.7,0
8,5,2023-10-13,9850.21,0
8,5,2023-10-20,10004.69,0
8,5,2023-10-27,9239.89,0
8,5,2023-11-03,10418.25,0
8,5,2023-11-10,9598.68,0
8,5,2023-11-17,10247.81,0
8,5,2023-11-24,20984.37,1
8,5,2023-12-01,9597.73,0
8,5,2023-12-08,10344.73,0
8,5,2023-12-15,10858.33,0
8,5,2023-12-22,10606.1,0
8,5,2023-12-29,22965.84,1
8,5,2024-01-05,10042.63,0
8,5,2024-01-12,11041.45,0
8,5,2024-01-19,11518.11,0
8,5,2024-01-26,11610.84,0
8,5,2024-02-02,12206.27,0
8,5,2024-02-09,12702.0,1
8,5,2024-02-16,13160.78,0
8,5,2024-02-23,12023.59,0
8,5,2024-03-01,11224.69,0
8,5,2024-03-08,14336.43,0
8,5,2024-03-15,13575.91,0
8,5,2024-03-22,12296.39,0
8,5,2024-03-29,13739.43,0
8,5,2024-04-05,14708.96,0
8,5,2024-04-12,15529.98,0
8,5,2024-04-19,13989.36,0
8,5,2024-04-26,14932.26,0
8,5,2024-05-03,12460.03,0
8,5,2024-05-10,13763.36,0
8,5,2024-05-17,13420.01,0
8,5,2024-05-24,14132.03,0
8,5,2024-05-31,15466.02,0
8,5,2024-06-07,13898.19,0
8,5,2024-06-14,12518.11,0
8,5,2024-06-21,12067.39,0
8,5,2024-06-28,15051.54,0
8,5,2024-07-05,13704.82,0
8,5,2024-07-12,13483.13,0
8,5,2024-07-19,12507.46,0
8,5,2024-07-26,12972.15,0
8,5,2024-08-02,11545.97,0
8,5,2024-08-09,12754.23,0
8,5,2024-08-16,11060.99,0
8,5,2024-08-23,11704.31,0
8,5,2024-08-30,11288.21,0
8,5,2024-09-06,9681.83,1
8,5,2024-09-13,10794.8,0
8,5,2024-09-20,11323.19,0
8,5,2024-09-27,11420.7,0
8,5,2024-10-04,12942.93,0
8,5,2024-10-11,11553.61,0
8,5,2024-10-18,11539.18,0
8,5,2024-10-25,11665.26,0
8,5,2024-11-01,12006.86,0
8,5,2024-11-08,11658.89,0
8,5,2024-11-15,11552.9,0
8,5,2024-11-22,12015.2,0
8,5,2024-11-29,17973.04,1
8,5,2024-12-06,13042.4,0
8,5,2024-12-13,11904.15,0
8,5,2024-12-20,10508.8,0
8,5,2024-12-27,21982.09,1
8,5,2025-01-03,12706.82,0
8,5,2025-01-10,11103.16,0
8,5,2025-01-17,14806.72,0
8,5,2025-01-24,11295.92,0
8,6,2023-02-03,14105.8,0
8,6,2023-02-10,11832.89,1
8,6,2023-02-17,14426.8,0
8,6,2023-02-24,14191.3,0
8,6,2023-03-03,16255.04,0
8,6,2023-03-10,14583.29,0
8,6,2023-03-17,16672.92,0
8,6,2023-03-24,14183.22,0
8,6,2023-03-31,15246.9,0
8,6,2023-04-07,15398.9,0
8,6,2023-04-14,16464.29,0
8,6,2023-04-21,16390.5,0
8,6,2023-04-28,16905.51,0
8,6,2023-05-05,16360.09,0
8,6,2023-05-12,16877.22,0
8,6,2023-05-19,14864.91,0
8,6,2023-05-26,16473.79,0
8,6,2023-06-02,17962.22,0
8,6,2023-06-09,13702.42,0
8,6,2023-06-16,16339.28,0
8,6,2023-06-23,16443.59,0
8,6,2023-06-30,17263.48,0
8,6,2023-07-07,16188.09,0
8,6,2023-07-14,15251.31,0
8,6,2023-07-21,15465.16,0
8,6,2023-07-28,13896.74,0
8,6,2023-08-04,14123.1,0
8,6,2023-08-11,12848.23,0
8,6,2023-08-18,15886.78,0
8,6,2023-08-25,14520.44,0
8,6,2023-09-01,12827.65,0
8,6,2023-09-08,15073.02,1
8,6,2023-09-15,14606.6,0
8,6,2023-09-22,12405.91,0
8,6,2023-09-29,9956.42,0
8,6,2023-10-06,13613.43,0
8,6,2023-10-13,12195.55,0
8,6,2023-10-20,13733.04,0
8,6,2023-10-27,14054.57,0
8,6,2023-11-03,14231.31,0
8,6,2023-11-10,14926.98,0
8,6,2023-11-17,14457.36,0
8,6,2023-11-24,20651.94,1
8,6,2023-12-01,14911.99,0
8,6,2023-12-08,13433.33,0
8,6,2023-12-15,12224.29,0
8,6,2023-12-22,16544.03,0
8,6,2023-12-29,18103.34,1
8,6,2024-01-05,13574.67,0
8,6,2024-01-12,15530.52,0
8,6,2024-01-19,11782.43,0
8,6,2024-01-26,14394.42,0
8,6,2024-02-02,15003.53,0
8,6,2024-02-09,15931.23,1
8,6,2024-02-16,16938.07,0
8,6,2024-02-23,14446.12,0
8,6,2024-03-01,16902.44,0
8,6,2024-03-08,17862.07,0
8,6,2024-03-15,19551.79,0
8,6,2024-03-22,17582.19,0
8,6,2024-03-29,16183.42,0
8,6,2024-04-05,15215.55,0
8,6,2024-04-12,19548.94,0
8,6,2024-04-19,18154.22,0
8,6,2024-04-26,17176.41,0
8,6,2024-05-03,15009.15,0
8,6,2024-05-10,15968.44,0
8,6,2024-05-17,18107.55,0
8,6,2024-05-24,17680.53,0
8,6,2024-05-31,14458.67,0
8,6,2024-06-07,17894.22,0
8,6,2024-06-14,14794.02,0
8,6,2024-06-21,18597.96,0
8,6,2024-06-28,16902.87,0
8,6,2024-07-05,15844.64,0
8,6,2024-07-12,17559.5,0
8,6,2024-07-19,16531.04,0
8,6,2024-07-26,17557.66,0
8,6,2024-08-02,15770.58,0
8,6,2024-08-09,15635.51,0
8,6,2024-08-16,14912.32,0
8,6,2024-08-23,15380.24,0
8,6,2024-08-30,16895.93,0
8,6,2024-09-06,16650.16,1
8,6,2024-09-13,13514.93,0
8,6,2024-09-20,12016.03,0
8,6,2024-09-27,14510.8,0
8,6,2024-10-04,14593.99,0
8,6,2024-10-11,13974.22,0
8,6,2024-10-18,12367.17,0
8,6,2024-10-25,14366.91,0
8,6,2024-11-01,14328.97,0
8,6,2024-11-08,13062.66,0
8,6,2024-11-15,12593.62,0
8,6,2024-11-22,13923.51,0
8,6,2024-11-29,20626.64,1
8,6,2024-12-06,12717.61,0
8,6,2024-12-13,15113.64,0
8,6,2024-12-20,13766.52,0
8,6,2024-12-27,21047.4,1
8,6,2025-01-03,13803.91,0
8,6,2025-01-10,15544.44,0
8,6,2025-01-17,17393.9,0
8,6,2025-01-24,14333.51,0
8,7,2023-02-03,14303.51,0
8,7,2023-02-10,18852.54,1
8,7,2023-02-17,13138.85,0
8,7,2023-02-24,14844.96,0
8,7,2023-03-03,13699.18,0
8,7,2023-03-10,11438.02,0
8,7,2023-03-17,14149.53,0
8,7,2023-03-24,14961.64,0
8,7,2023-03-31,15420.82,0
8,7,2023-04-07,13645.69,0
8,7,2023-04-14,14461.63,0
8,7,2023-04-21,16021.22,0
8,7,2023-04-28,14845.03,0
8,7,2023-05-05,13121.88,0
8,7,2023-05-12,16441.85,0
8,7,2023-05-19,14691.56,0
8,7,2023-05-26,16213.48,0
8,7,2023-06-02,13195.49,0
8,7,2023-06-09,14631.63,0
8,7,2023-06-16,15274.33,0
8,7,2023-06-23,14457.58,0
8,7,2023-06-30,13060.92,0
8,7,2023-07-07,11552.9,0
8,7,2023-07-14,15842.06,0
8,7,2023-07-21,14230.94,0
8,7,2023-07-28,15066.97,0
8,7,2023-08-04,14614.46,0
8,7,2023-08-11,14067.45,0
8,7,2023-08-18,12910.61,0
8,7,2023-08-25,13593.86,0
8,7,2023-09-01,14399.91,0
8,7,2023-09-08,15168.59,1
8,7,2023-09-15,11114.74,0
8,7,2023-09-22,10899.19,0
8,7,2023-09-29,13382.22,0
8,7,2023-10-06,11509.58,0
8,7,2023-10-13,14254.53,0
8,7,2023-10-20,13515.91,0
8,7,2023-10-27,13739.14,0
8,7,2023-11-03,13058.93,0
8,7,2023-11-10,11324.09,0
8,7,2023-11-17,10649.03,0
8,7,2023-11-24,17909.6,1
8,7,2023-12-01,14036.11,0
8,7,2023-12-08,13252.74,0
8,7,2023-12-15,12643.91,0
8,7,2023-12-22,13338.39,0
8,7,2023-12-29,18093.78,1
8,7,2024-01-05,13115.15,0
8,7,2024-01-12,14992.28,0
8,7,2024-01-19,15192.67,0
8,7,2024-01-26,14063.88,0
8,7,2024-02-02,13436.93,0
8,7,2024-02-09,18488.69,1
8,7,2024-02-16,15077.21,0
8,7,2024-02-23,15650.71,0
8,7,2024-03-01,13991.48,0
8,7,2024-03-08,16364.14,0
8,7,2024-03-15,15332.35,0
8,7,2024-03-22,14853.95,0
8,7,2024-03-29,16889.3,0
8,7,2024-04-05,14436.53,0
8,7,2024-04-12,17023.28,0
8,7,2024-04-19,13462.71,0
8,7,2024-04-26,16426.61,0
8,7,2024-05-03,16150.55,0
8,7,2024-05-10,15408.23,0
8,7,2024-05-17,16589.31,0
8,7,2024-05-24,15945.42,0
8,7,2024-05-31,17332.11,0
8,7,2024-06-07,16609.12,0
8,7,2024-06-14,16360.66,0
8,7,2024-06-21,16027.3,0
8,7,2024-06-28,14930.98,0
8,7,2024-07-05,14986.9,0
8,7,2024-07-12,15487.51,0
8,7,2024-07-19,14796.55,0
8,7,2024-07-26,16134.11,0
8,7,2024-08-02,14734.39,0
8,7,2024-08-09,14866.96,0
8,7,2024-08-16,12644.9,0
8,7,2024-08-23,15120.01,0
8,7,2024-08-30,13238.13,0
8,7,2024-09-06,14536.31,1
8,7,2024-09-13,14327.05,0
8,7,2024-09-20,14486.84,0
8,7,2024-09-27,13806.7,0
8,7,2024-10-04,13130.46,0
8,7,2024-10-11,12864.12,0
8,7,2024-10-18,13929.16,0
8,7,2024-10-25,14276.45,0
8,7,2024-11-01,13023.29,0
8,7,2024-11-08,15301.22,0
8,7,2024-11-15,12973.24,0
8,7,2024-11-22,11783.96,0
8,7,2024-11-29,13557.59,1
8,7,2024-12-06,13052.42,0
8,7,2024-12-13,13397.66,0
8,7,2024-12-20,14577.64,0
8,7,2024-12-27,16285.69,1
8,7,2025-01-03,14268.5,0
8,7,2025-01-10,14450.82,0
8,7,2025-01-17,13985.42,0
8,7,2025-01-24,16592.83,0
8,8,2023-02-03,13130.28,0
8,8,2023-02-10,15569.27,1
8,8,2023-02-17,15215.14,0
8,8,2023-02-24,16650.58,0
8,8,2023-03-03,15866.38,0
8,8,2023-03-10,16114.65,0
8,8,2023-03-17,15952.02,0
8,8,2023-03-24,18315.62,0
8,8,2023-03-31,16641.88,0
8,8,2023-04-07,19420.62,0
8,8,2023-04-14,17260.09,0
8,8,2023-04-21,17012.28,0
8,8,2023-04-28,16849.37,0
8,8,2023-05-05,17857.3,0
8,8,2023-05-12,16292.99,0
8,8,2023-05-19,17282.14,0
8,8,2023-05-26,17053.06,0
8,8,2023-06-02,17417.37,0
8,8,2023-06-09,17358.12,0
8,8,2023-06-16,17311.81,0
8,8,2023-06-23,16765.28,0
8,8,2023-06-30,18556.51,0
8,8,2023-07-07,16871.09,0
8,8,2023-07-14,19503.1,0
8,8,2023-07-21,16011.08,0
8,8,2023-07-28,16957.47,0
8,8,2023-08-04,14644.14,0
8,8,2023-08-11,17063.96,0
8,8,2023-08-18,14291.03,0
8,8,2023-08-25,15495.31,0
8,8,2023-09-01,14452.6,0
8,8,2023-09-08,15922.19,1
8,8,2023-09-15,13522.61,0
8,8,2023-09-22,13983.15,0
8,8,2023-09-29,15921.58,0
8,8,2023-10-06,14601.94,0
8,8,2023-10-13,12558.31,0
8,8,2023-10-20,15176.65,0
8,8,2023-10-27,12938.71,0
8,8,2023-11-03,14767.19,0
8,8,2023-11-10,14590.23,0
8,8,2023-11-17,14725.09,0
8,8,2023-11-24,20624.59,1
8,8,2023-12-01,14931.88,0
8,8,2023-12-08,15824.5,0
8,8,2023-12-15,13790.59,0
8,8,2023-12-22,13844.81,0
8,8,2023-12-29,16942.52,1
8,8,2024-01-05,13437.33,0
8,8,2024-01-12,16058.32,0
8,8,2024-01-19,13863.56,0
8,8,2024-01-26,17517.88,0
8,8,2024-02-02,16793.76,0
8,8,2024-02-09,18894.88,1
8,8,2024-02-16,17530.48,0
8,8,2024-02-23,16475.64,0
8,8,2024-03-01,16030.92,0
8,8,2024-03-08,17681.82,0
8,8,2024-03-15,17517.26,0
8,8,2024-03-22,19435.28,0
8,8,2024-03-29,16589.75,0
8,8,2024-04-05,20989.33,0
8,8,2024-04-12,20045.39,0
8,8,2024-04-19,17988.14,0
8,8,2024-04-26,20993.51,0
8,8,2024-05-03,17240.92,0
8,8,2024-05-10,18706.7,0
8,8,2024-05-17,16508.57,0
8,8,2024-05-24,21049.38,0
8,8,2024-05-31,15859.44,0
8,8,2024-06-07,16074.16,0
8,8,2024-06-14,17128.17,0
8,8,2024-06-21,19792.45,0
8,8,2024-06-28,19088.49,0
8,8,2024-07-05,17723.03,0
8,8,2024-07-12,18770.09,0
8,8,2024-07-19,16989.83,0
8,8,2024-07-26,17505.58,0
8,8,2024-08-02,18922.94,0
8,8,2024-08-09,16169.27,0
8,8,2024-08-16,15279.94,0
8,8,2024-08-23,16672.19,0
8,8,2024-08-30,16806.69,0
8,8,2024-09-06,17357.87,1
8,8,2024-09-13,15258.56,0
8,8,2024-09-20,15512.73,0
8,8,2024-09-27,15681.74,0
8,8,2024-10-04,15466.47,0
8,8,2024-10-11,16979.09,0
8,8,2024-10-18,15428.06,0
8,8,2024-10-25,14596.78,0
8,8,2024-11-01,15597.51,0
8,8,2024-11-08,16210.67,0
8,8,2024-11-15,15997.42,0
8,8,2024-11-22,16029.43,0
8,8,2024-11-29,17130.76,1
8,8,2024-12-06,17001.74,0
8,8,2024-12-13,16148.93,0
8,8,2024-12-20,15770.22,0
8,8,2024-12-27,20451.49,1
8,8,2025-01-03,18085.92,0
8,8,2025-01-10,17767.31,0
8,8,2025-01-17,15568.81,0
8,8,2025-01-24,15994.81,0
8,9,2023-02-03,6810.11,0
8,9,2023-02-10,8984.98,1
8,9,2023-02-17,9454.97,0
8,9,2023-02-24,9653.96,0
8,9,2023-03-03,9422.79,0
8,9,2023-03-10,8946.58,0
8,9,2023-03-17,8754.7,0
8,9,2023-03-24,8657.32,0
8,9,2023-03-31,9236.89,0
8,9,2023-04-07,8698.85,0
8,9,2023-04-14,10836.64,0
8,9,2023-04-21,8557.48,0
8,9,2023-04-28,9438.09,0
8,9,2023-05-05,8122.19,0
8,9,2023-05-12,9845.69,0
8,9,2023-05-19,9607.33,0
8,9,2023-05-26,9312.49,0
8,9,2023-06-02,8836.26,0
8,9,2023-06-09,9499.85,0
8,9,2023-06-16,9023.55,0
8,9,2023-06-23,9256.93,0
8,9,2023-06-30,10726.26,0
8,9,2023-07-07,9306.11,0
8,9,2023-07-14,9464.92,0
8,9,2023-07-21,8637.14,0
8,9,2023-07-28,8303.03,0
8,9,2023-08-04,8729.23,0
8,9,2023-08-11,10360.19,0
8,9,2023-08-18,8322.79,0
8,9,2023-08-25,8652.58,0
8,9,2023-09-01,7754.87,0
8,9,2023-09-08,7256.18,1
8,9,2023-09-15,9665.45,0
8,9,2023-09-22,8423.18,0
8,9,2023-09-29,9019.25,0
8,9,2023-10-06,7697.37,0
8,9,2023-10-13,6391.12,0
8,9,2023-10-20,7152.86,0
8,9,2023-10-27,8085.88,0
8,9,2023-11-03,7989.33,0
8,9,2023-11-10,7852.65,0
8,9,2023-11-17,7558.82,0
8,9,2023-11-24,11484.75,1
8,9,2023-12-01,8205.09,0
8,9,2023-12-08,8212.8,0
8,9,2023-12-15,7937.02,0
8,9,2023-12-22,7697.9,0
8,9,2023-12-29,9543.57,1
8,9,2024-01-05,9278.1,0
8,9,2024-01-12,9357.39,0
8,9,2024-01-19,8235.51,0
8,9,2024-01-26,7902.8,0
8,9,2024-02-02,9869.48,0
8,9,2024-02-09,9884.79,1
8,9,2024-02-16,9462.88,0
8,9,2024-02-23,9217.56,0
8,9,2024-03-01,8504.71,0
8,9,2024-03-08,10436.74,0
8,9,2024-03-15,10814.63,0
8,9,2024-03-22,9442.42,0
8,9,2024-03-29,9465.62,0
8,9,2024-04-05,11172.43,0
8,9,2024-04-12,9706.64,0
8,9,2024-04-19,11749.73,0
8,9,2024-04-26,10233.93,0
8,9,2024-05-03,10026.25,0
8,9,2024-05-10,10389.61,0
8,9,2024-05-17,10022.3,0
8,9,2024-05-24,11245.77,0
8,9,2024-05-31,11003.24,0
8,9,2024-06-07,11108.92,0
8,9,2024-06-14,10299.81,0
8,9,2024-06-21,9700.61,0
8,9,2024-06-28,9968.05,0
8,9,2024-07-05,9536.58,0
8,9,2024-07-12,10907.8,0
8,9,2024-07-19,10419.26,0
8,9,2024-07-26,9455.26,0
8,9,2024-08-02,8704.97,0
8,9,2024-08-09,10421.97,0
8,9,2024-08-16,9256.46,0
8,9,2024-08-23,8943.89,0
8,9,2024-08-30,10031.67,0
8,9,2024-09-06,9564.22,1
8,9,2024-09-13,8562.36,0
8,9,2024-09-20,7728.0,0
8,9,2024-09-27,8780.67,0
8,9,2024-10-04,7985.72,0
8,9,2024-10-11,8072.79,0
8,9,2024-10-18,7954.06,0
8,9,2024-10-25,8020.05,0
8,9,2024-11-01,7853.07,0
8,9,2024-11-08,8604.4,0
8,9,2024-11-15,8368.22,0
8,9,2024-11-22,8559.0,0
8,9,2024-11-29,12766.83,1
8,9,2024-12-06,9098.11,0
8,9,2024-12-13,9280.27,0
8,9,2024-12-20,8841.4,0
8,9,2024-12-27,10592.02,1
8,9,2025-01-03,9287.89,0
8,9,2025-01-10,8844.36,0
8,9,2025-01-17,9053.45,0
8,9,2025-01-24,9589.86,0
8,10,2023-02-03,8664.6,0
8,10,2023-02-10,11702.88,1
8,10,2023-02-17,12449.6,0
8,10,2023-02-24,10920.32,0
8,10,2023-03-03,11508.03,0
8,10,2023-03-10,12028.65,0
8,10,2023-03-17,10018.51,0
8,10,2023-03-24,12170.56,0
8,10,2023-03-31,11048.84,0
8,10,2023-04-07,13647.94,0
8,10,2023-04-14,11438.47,0
8,10,2023-04-21,12523.91,0
8,10,2023-04-28,11552.92,0
8,10,2023-05-05,13810.95,0
8,10,2023-05-12,11272.94,0
8,10,2023-05-19,12839.21,0
8,10,2023-05-26,12303.74,0
8,10,2023-06-02,12048.26,0
8,10,2023-06-09,11821.32,0
8,10,2023-06-16,10915.73,0
8,10,2023-06-23,9072.67,0
8,10,2023-06-30,12309.14,0
8,10,2023-07-07,10780.83,0
8,10,2023-07-14,12133.42,0
8,10,2023-07-21,11272.37,0
8,10,2023-07-28,11867.31,0
8,10,2023-08-04,11374.38,0
8,10,2023-08-11,8469.23,0
8,10,2023-08-18,10923.88,0
8,10,2023-08-25,9995.59,0
8,10,2023-09-01,11096.97,0
8,10,2023-09-08,12521.37,1
8,10,2023-09-15,9707.23,0
8,10,2023-09-22,9109.48,0
8,10,2023-09-29,9406.89,0
8,10,2023-10-06,8283.67,0
8,10,2023-10-13,9171.76,0
8,10,2023-10-20,8469.59,0
8,10,2023-10-27,8476.8,0
8,10,2023-11-03,9671.87,0
8,10,2023-11-10,10016.09,0
8,10,2023-11-17,9623.28,0
8,10,2023-11-24,16289.45,1
8,10,2023-12-01,9539.06,0
8,10,2023-12-08,9233.31,0
8,10,2023-12-15,9945.23,0
8,10,2023-12-22,8890.1,0
8,10,2023-12-29,20590.39,1
8,10,2024-01-05,10726.61,0
8,10,2024-01-12,11324.17,0
8,10,2024-01-19,11023.19,0
8,10,2024-01-26,11612.03,0
8,10,2024-02-02,9256.39,0
8,10,2024-02-09,10821.76,1
8,10,2024-02-16,12449.67,0
8,10,2024-02-23,12083.04,0
8,10,2024-03-01,13514.55,0
8,10,2024-03-08,13554.71,0
8,10,2024-03-15,12361.67,0
8,10,2024-03-22,11957.72,0
8,10,2024-03-29,11376.06,0
8,10,2024-04-05,11949.05,0
8,10,2024-04-12,12097.4,0
8,10,2024-04-19,11974.89,0
8,10,2024-04-26,11691.19,0
8,10,2024-05-03,13051.61,0
8,10,2024-05-10,14370.13,0
8,10,2024-05-17,13584.2,0
8,10,2024-05-24,12283.58,0
8,10,2024-05-31,13577.23,0
8,10,2024-06-07,12836.69,0
8,10,2024-06-14,12365.14,0
8,10,2024-06-21,12204.04,0
8,10,2024-06-28,11997.0,0
8,10,2024-07-05,12695.27,0
8,10,2024-07-12,12065.14,0
8,10,2024-07-19,11102.35,0
8,10,2024-07-26,10918.16,0
8,10,2024-08-02,11772.32,0
8,10,2024-08-09,11728.98,0
8,10,2024-08-16,10910.74,0
8,10,2024-08-23,10046.08,0
8,10,2024-08-30,12000.27,0
8,10,2024-09-06,13546.22,1
8,10,2024-09-13,11804.53,0
8,10,2024-09-20,10380.78,0
8,10,2024-09-27,10626.62,0
8,10,2024-10-04,11340.73,0
8,10,2024-10-11,11705.6,0
8,10,2024-10-18,11128.75,0
8,10,2024-10-25,10483.67,0
8,10,2024-11-01,9156.42,0
8,10,2024-11-08,8640.89,0
8,10,2024-11-15,11084.33,0
8,10,2024-11-22,11539.8,0
8,10,2024-11-29,17756.76,1
8,10,2024-12-06,10133.74,0
8,10,2024-12-13,10224.8,0
8,10,2024-12-20,11794.77,0
8,10,2024-12-27,18589.55,1
8,10,2025-01-03,13545.78,0
8,10,2025-01-10,10040.42,0
8,10,2025-01-17,12025.81,0
8,10,2025-01-24,10722.83,0
9,1,2023-02-03,84079.55,0
9,1,2023-02-10,112553.76,1
9,1,2023-02-17,86024.42,0
9,1,2023-02-24,86557.16,0
9,1,2023-03-03,88420.86,0
9,1,2023-03-10,83721.59,0
9,1,2023-03-17,97447.35,0
9,1,2023-03-24,95885.48,0
9,1,2023-03-31,97980.51,0
9,1,2023-04-07,94940.39,0
9,1,2023-04-14,94643.6,0
9,1,2023-04-21,105731.06,0
9,1,2023-04-28,104941.07,0
9,1,2023-05-05,108234.89,0
9,1,2023-05-12,100197.18,0
9,1,2023-05-19,107732.18,0
9,1,2023-05-26,93751.1,0
9,1,2023-06-02,95049.73,0
9,1,2023-06-09,105274.4,0
9,1,2023-06-16,101885.37,0
9,1,2023-06-23,92485.7,0
9,1,2023-06-30,85968.85,0
9,1,2023-07-07,91352.09,0
9,1,2023-07-14,86806.46,0
9,1,2023-07-21,103270.95,0
9,1,2023-07-28,95072.48,0
9,1,2023-08-04,83051.89,0
9,1,2023-08-11,80019.32,0
9,1,2023-08-18,80814.31,0
9,1,2023-08-25,81271.72,0
9,1,2023-09-01,82901.02,0
9,1,2023-09-08,104108.32,1
9,1,2023-09-15,97182.81,0
9,1,2023-09-22,75201.76,0
9,1,2023-09-29,71564.56,0
9,1,2023-10-06,90918.32,0
9,1,2023-10-13,88102.32,0
9,1,2023-10-20,78247.65,0
9,1,2023-10-27,81702.45,0
9,1,2023-11-03,81897.26,0
9,1,2023-11-10,80378.38,0
9,1,2023-11-17,71574.73,0
9,1,2023-11-24,89549.1,1
9,1,2023-12-01,92783.52,0
9,1,2023-12-08,93950.55,0
9,1,2023-12-15,81002.01,0
9,1,2023-12-22,77363.07,0
9,1,2023-12-29,103388.41,1
9,1,2024-01-05,90334.62,0
9,1,2024-01-12,69827.51,0
9,1,2024-01-19,111370.05,0
9,1,2024-01-26,98524.92,0
9,1,2024-02-02,90340.88,0
9,1,2024-02-09,109398.67,1
9,1,2024-02-16,98445.64,0
9,1,2024-02-23,96807.88,0
9,1,2024-03-01,101025.61,0
9,1,2024-03-08,97843.12,0
9,1,2024-03-15,103138.23,0
9,1,2024-03-22,106883.14,0
9,1,2024-03-29,104782.99,0
9,1,2024-04-05,105212.12,0
9,1,2024-04-12,115048.38,0
9,1,2024-04-19,90762.48,0
9,1,2024-04-26,97777.44,0
9,1,2024-05-03,104891.29,0
9,1,2024-05-10,98614.94,0
9,1,2024-05-17,101313.34,0
9,1,2024-05-24,115118.05,0
9,1,2024-05-31,102710.69,0
9,1,2024-06-07,88256.34,0
9,1,2024-06-14,99206.13,0
9,1,2024-06-21,102329.74,0
9,1,2024-06-28,101236.84,0
9,1,2024-07-05,104322.62,0
9,1,2024-07-12,102510.87,0
9,1,2024-07-19,96499.76,0
9,1,2024-07-26,87164.03,0
9,1,2024-08-02,91758.12,0
9,1,2024-08-09,89188.38,0
9,1,2024-08-16,90518.68,0
9,1,2024-08-23,96490.04,0
9,1,2024-08-30,93212.01,0
9,1,2024-09-06,109158.82,1
9,1,2024-09-13,98900.68,0
9,1,2024-09-20,92088.97,0
9,1,2024-09-27,87420.32,0
9,1,2024-10-04,90188.59,0
9,1,2024-10-11,80950.38,0
9,1,2024-10-18,70888.26,0
9,1,2024-10-25,81002.36,0
9,1,2024-11-01,90254.67,0
9,1,2024-11-08,85907.22,0
9,1,2024-11-15,84786.99,0
9,1,2024-11-22,80406.53,0
9,1,2024-11-29,88399.65,1
9,1,2024-12-06,86333.37,0
9,1,2024-12-13,85729.58,0
9,1,2024-12-20,85067.03,0
9,1,2024-12-27,137216.59,1
9,1,2025-01-03,85309.11,0
9,1,2025-01-10,102626.38,0
9,1,2025-01-17,94254.05,0
9,1,2025-01-24,92153.82,0
9,2,2023-02-03,51738.96,0
9,2,2023-02-10,50457.27,1
9,2,2023-02-17,48891.74,0
9,2,2023-02-24,58931.84,0
9,2,2023-03-03,55280.25,0
9,2,2023-03-10,59835.17,0
9,2,2023-03-17,59040.54,0
9,2,2023-03-24,60909.37,0
9,2,2023-03-31,49271.54,0
9,2,2023-04-07,55285.36,0
9,2,2023-04-14,62536.67,0
9,2,2023-04-21,54000.11,0
9,2,2023-04-28,62163.99,0
9,2,2023-05-05,53767.81,0
9,2,2023-05-12,60619.99,0
9,2,2023-05-19,68278.56,0
9,2,2023-05-26,64081.93,0
9,2,2023-06-02,51208.35,0
9,2,2023-06-09,63845.66,0
9,2,2023-06-16,68045.75,0
9,2,2023-06-23,72098.66,0
9,2,2023-06-30,60596.72,0
9,2,2023-07-07,51476.82,0
9,2,2023-07-14,59130.92,0
9,2,2023-07-21,63677.14,0
9,2,2023-07-28,54930.84,0
9,2,2023-08-04,59643.68,0
9,2,2023-08-11,50682.53,0
9,2,2023-08-18,55220.66,0
9,2,2023-08-25,42392.62,0
9,2,2023-09-01,48305.38,0
9,2,2023-09-08,57327.25,1
9,2,2023-09-15,45790.4,0
9,2,2023-09-22,48588.48,0
9,2,2023-09-29,51509.77,0
9,2,2023-10-06,49496.01,0
9,2,2023-10-13,49820.42,0
9,2,2023-10-20,52301.41,0
9,2,2023-10-27,47977.81,0
9,2,2023-11-03,54719.43,0
9,2,2023-11-10,45556.83,0
9,2,2023-11-17,57353.1,0
9,2,2023-11-24,94947.39,1
9,2,2023-12-01,49241.34,0
9,2,2023-12-08,51744.37,0
9,2,2023-12-15,53945.14,0
9,2,2023-12-22,56697.2,0
9,2,2023-12-29,85737.92,1
9,2,2024-01-05,44550.01,0
9,2,2024-01-12,53685.05,0
9,2,2024-01-19,61756.18,0
9,2,2024-01-26,49836.82,0
9,2,2024-02-02,49808.81,0
9,2,2024-02-09,59047.87,1
9,2,2024-02-16,65459.76,0
9,2,2024-02-23,61351.78,0
9,2,2024-03-01,51397.79,0
9,2,2024-03-08,53162.03,0
9,2,2024-03-15,62662.2,0
9,2,2024-03-22,56923.26,0
9,2,2024-03-29,64149.36,0
9,2,2024-04-05,64979.47,0
9,2,2024-04-12,61885.11,0
9,2,2024-04-19,74147.07,0
9,2,2024-04-26,68057.32,0
9,2,2024-05-03,71439.92,0
9,2,2024-05-10,69964.58,0
9,2,2024-05-17,64320.4,0
9,2,2024-05-24,63928.85,0
9,2,2024-05-31,63139.71,0
9,2,2024-06-07,67833.88,0
9,2,2024-06-14,60567.86,0
9,2,2024-06-21,72123.42,0
9,2,2024-06-28,59045.64,0
9,2,2024-07-05,63213.67,0
9,2,2024-07-12,60326.15,0
9,2,2024-07-19,58528.92,0
9,2,2024-07-26,70377.94,0
9,2,2024-08-02,57103.81,0
9,2,2024-08-09,56981.07,0
9,2,2024-08-16,54575.03,0
9,2,2024-08-23,57079.26,0
9,2,2024-08-30,55726.98,0
9,2,2024-09-06,59165.47,1
9,2,2024-09-13,57590.36,0
9,2,2024-09-20,58840.29,0
9,2,2024-09-27,54014.33,0
9,2,2024-10-04,53786.06,0
9,2,2024-10-11,51709.97,0
9,2,2024-10-18,50926.65,0
9,2,2024-10-25,49075.56,0
9,2,2024-11-01,46390.92,0
9,2,2024-11-08,50127.84,0
9,2,2024-11-15,57198.04,0
9,2,2024-11-22,51848.77,0
9,2,2024-11-29,92469.77,1
9,2,2024-12-06,60066.66,0
9,2,2024-12-13,51138.31,0
9,2,2024-12-20,57175.93,0
9,2,2024-12-27,105858.73,1
9,2,2025-01-03,58657.75,0
9,2,2025-01-10,58681.47,0
9,2,2025-01-17,63099.94,0
9,2,2025-01-24,60143.56,0
9,3,2023-02-03,47439.34,0
9,3,2023-02-10,42445.89,1
9,3,2023-02-17,37100.24,0
9,3,2023-02-24,45822.91,0
9,3,2023-03-03,45602.09,0
9,3,2023-03-10,44917.85,0
9,3,2023-03-17,44405.39,0
9,3,2023-03-24,38089.85,0
9,3,2023-03-31,39080.5,0
9,3,2023-04-07,52826.81,0
9,3,2023-04-14,44794.08,0
9,3,2023-04-21,50897.07,0
9,3,2023-04-28,41345.4,0
9,3,2023-05-05,43553.7,0
9,3,2023-05-12,50149.91,0
9,3,2023-05-19,47136.4,0
9,3,2023-05-26,49451.41,0
9,3,2023-06-02,47176.11,0
9,3,2023-06-09,46195.73,0
9,3,2023-06-16,44123.57,0
9,3,2023-06-23,41869.14,0
9,3,2023-06-30,51015.61,0
9,3,2023-07-07,51094.55,0
9,3,2023-07-14,41167.78,0
9,3,2023-07-21,40448.34,0
9,3,2023-07-28,42596.7,0
9,3,2023-08-04,44431.45,0
9,3,2023-08-11,42068.42,0
9,3,2023-08-18,43816.29,0
9,3,2023-08-25,41428.4,0
9,3,2023-09-01,40700.5,0
9,3,2023-09-08,56116.75,1
9,3,2023-09-15,45424.78,0
9,3,2023-09-22,44369.12,0
9,3,2023-09-29,41022.24,0
9,3,2023-10-06,33125.69,0
9,3,2023-10-13,39051.5,0
9,3,2023-10-20,37222.26,0
9,3,2023-10-27,38823.25,0
9,3,2023-11-03,35479.88,0
9,3,2023-11-10,41222.68,0
9,3,2023-11-17,42117.81,0
9,3,2023-11-24,81731.05,1
9,3,2023-12-01,36249.54,0
9,3,2023-12-08,41120.06,0
9,3,2023-12-15,46130.66,0
9,3,2023-12-22,41188.47,0
9,3,2023-12-29,74735.37,1
9,3,2024-01-05,40441.28,0
9,3,2024-01-12,45041.33,0
9,3,2024-01-19,43098.11,0
9,3,2024-01-26,45592.13,0
9,3,2024-02-02,46699.05,0
9,3,2024-02-09,46856.93,1
9,3,2024-02-16,48360.31,0
9,3,2024-02-23,43775.89,0
9,3,2024-03-01,44159.58,0
9,3,2024-03-08,48105.1,0
9,3,2024-03-15,48780.03,0
9,3,2024-03-22,47320.74,0
9,3,2024-03-29,50819.14,0
9,3,2024-04-05,53919.41,0
9,3,2024-04-12,55414.51,0
9,3,2024-04-19,56620.34,0
9,3,2024-04-26,45690.73,0
9,3,2024-05-03,46410.47,0
9,3,2024-05-10,50014.94,0
9,3,2024-05-17,51480.12,0
9,3,2024-05-24,50050.33,0
9,3,2024-05-31,48572.97,0
9,3,2024-06-07,49313.07,0
9,3,2024-06-14,52141.97,0
9,3,2024-06-21,44499.54,0
9,3,2024-06-28,58586.04,0
9,3,2024-07-05,48912.07,0
9,3,2024-07-12,52343.12,0
9,3,2024-07-19,45493.86,0
9,3,2024-07-26,49274.44,0
9,3,2024-08-02,46872.92,0
9,3,2024-08-09,49035.0,0
9,3,2024-08-16,44566.8,0
9,3,2024-08-23,50249.77,0
9,3,2024-08-30,38874.11,0
9,3,2024-09-06,50244.01,1
9,3,2024-09-13,39630.3,0
9,3,2024-09-20,49393.34,0
9,3,2024-09-27,48623.14,0
9,3,2024-10-04,35083.48,0
9,3,2024-10-11,42429.21,0
9,3,2024-10-18,44043.02,0
9,3,2024-10-25,43092.01,0
9,3,2024-11-01,46682.79,0
9,3,2024-11-08,46096.82,0
9,3,2024-11-15,42799.32,0
9,3,2024-11-22,49852.2,0
9,3,2024-11-29,70174.76,1
9,3,2024-12-06,41024.68,0
9,3,2024-12-13,47720.97,0
9,3,2024-12-20,41161.81,0
9,3,2024-12-27,81460.46,1
9,3,2025-01-03,46490.74,0
9,3,2025-01-10,45186.64,0
9,3,2025-01-17,41708.96,0
9,3,2025-01-24,51770.01,0
9,4,2023-02-03,32958.88,0
9,4,2023-02-10,40197.35,1
9,4,2023-02-17,35998.76,0
9,4,2023-02-24,39286.09,0
9,4,2023-03-03,38001.8,0
9,4,2023-03-10,40511.86,0
9,4,2023-03-17,38795.0,0
9,4,2023-03-24,38215.66,0
9,4,2023-03-31,41186.08,0
9,4,2023-04-07,45783.48,0
9,4,2023-04-14,37620.83,0
9,4,2023-04-21,41115.18,0
9,4,2023-04-28,38788.16,0
9,4,2023-05-05,40466.53,0
9,4,2023-05-12,39050.06,0
9,4,2023-05-19,32172.7,0
9,4,2023-05-26,38170.44,0
9,4,2023-06-02,41730.66,0
9,4,2023-06-09,36082.2,0
9,4,2023-06-16,40990.93,0
9,4,2023-06-23,38430.66,0
9,4,2023-06-30,36953.81,0
9,4,2023-07-07,39838.83,0
9,4,2023-07-14,38736.72,0
9,4,2023-07-21,37521.65,0
9,4,2023-07-28,38762.78,0
9,4,2023-08-04,35964.19,0
9,4,2023-08-11,30332.11,0
9,4,2023-08-18,33429.36,0
9,4,2023-08-25,29117.73,0
9,4,2023-09-01,35376.06,0
9,4,2023-09-08,39715.84,1
9,4,2023-09-15,34140.8,0
9,4,2023-09-22,35055.39,0
9,4,2023-09-29,28193.36,0
9,4,2023-10-06,31764.17,0
9,4,2023-10-13,28264.34,0
9,4,2023-10-20,30851.9,0
9,4,2023-10-27,35814.07,0
9,4,2023-11-03,34501.78,0
9,4,2023-11-10,33488.56,0
9,4,2023-11-17,31478.84,0
9,4,2023-11-24,35973.34,1
9,4,2023-12-01,35284.51,0
9,4,2023-12-08,33796.02,0
9,4,2023-12-15,28895.87,0
9,4,2023-12-22,33794.09,0
9,4,2023-12-29,38912.49,1
9,4,2024-01-05,32565.55,0
9,4,2024-01-12,31582.82,0
9,4,2024-01-19,37890.96,0
9,4,2024-01-26,37753.21,0
9,4,2024-02-02,37400.21,0
9,4,2024-02-09,43840.63,1
9,4,2024-02-16,39801.28,0
9,4,2024-02-23,36456.42,0
9,4,2024-03-01,40600.06,0
9,4,2024-03-08,38589.53,0
9,4,2024-03-15,44020.91,0
9,4,2024-03-22,41313.58,0
9,4,2024-03-29,42032.66,0
9,4,2024-04-05,36381.95,0
9,4,2024-04-12,41608.8,0
9,4,2024-04-19,41435.76,0
9,4,2024-04-26,38354.53,0
9,4,2024-05-03,41125.66,0
9,4,2024-05-10,43352.39,0
9,4,2024-05-17,41836.73,0
9,4,2024-05-24,37030.5,0
9,4,2024-05-31,40670.99,0
9,4,2024-06-07,39805.8,0
9,4,2024-06-14,41709.37,0
9,4,2024-06-21,41021.27,0
9,4,2024-06-28,39037.33,0
9,4,2024-07-05,38511.48,0
9,4,2024-07-12,39717.54,0
9,4,2024-07-19,42040.47,0
9,4,2024-07-26,39403.61,0
9,4,2024-08-02,42377.29,0
9,4,2024-08-09,40949.71,0
9,4,2024-08-16,41489.06,0
9,4,2024-08-23,40578.19,0
9,4,2024-08-30,40633.15,0
9,4,2024-09-06,37321.87,1
9,4,2024-09-13,38741.18,0
9,4,2024-09-20,38866.25,0
9,4,2024-09-27,32520.09,0
9,4,2024-10-04,36224.2,0
9,4,2024-10-11,34436.63,0
9,4,2024-10-18,39149.81,0
9,4,2024-10-25,30274.37,0
9,4,2024-11-01,31968.44,0
9,4,2024-11-08,29198.03,0
9,4,2024-11-15,34686.87,0
9,4,2024-11-22,40751.56,0
9,4,2024-11-29,44274.08,1
9,4,2024-12-06,36663.24,0
9,4,2024-12-13,35181.76,0
9,4,2024-12-20,37011.9,0
9,4,2024-12-27,48518.31,1
9,4,2025-01-03,36707.29,0
9,4,2025-01-10,39780.96,0
9,4,2025-01-17,40977.9,0
9,4,2025-01-24,42780.24,0
9,5,2023-02-03,23316.56,0
9,5,2023-02-10,23726.85,1
9,5,2023-02-17,24835.5,0
9,5,2023-02-24,22648.5,0
9,5,2023-03-03,22890.69,0
9,5,2023-03-10,24193.05,0
9,5,2023-03-17,22211.78,0
9,5,2023-03-24,25820.66,0
9,5,2023-03-31,27368.2,0
9,5,2023-04-07,24012.91,0
9,5,2023-04-14,26526.19,0
9,5,2023-04-21,24474.14,0
9,5,2023-04-28,23765.75,0
9,5,2023-05-05,30191.73,0
9,5,2023-05-12,23865.56,0
9,5,2023-05-19,23270.2,0
9,5,2023-05-26,26305.35,0
9,5,2023-06-02,26313.9,0
9,5,2023-06-09,26991.11,0
9,5,2023-06-16,29526.92,0
9,5,2023-06-23,23679.78,0
9,5,2023-06-30,23861.39,0
9,5,2023-07-07,27951.96,0
9,5,2023-07-14,26330.14,0
9,5,2023-07-21,25749.22,0
9,5,2023-07-28,22771.69,0
9,5,2023-08-04,25717.82,0
9,5,2023-08-11,24781.28,0
9,5,2023-08-18,23329.89,0
9,5,2023-08-25,21625.09,0
9,5,2023-09-01,22596.99,0
9,5,2023-09-08,29008.69,1
9,5,2023-09-15,20502.03,0
9,5,2023-09-22,20601.27,0
9,5,2023-09-29,20801.5,0
9,5,2023-10-06,21333.03,0
9,5,2023-10-13,22877.44,0
9,5,2023-10-20,21956.57,0
9,5,2023-10-27,21245.24,0
9,5,2023-11-03,21620.01,0
9,5,2023-11-10,22260.75,0
9,5,2023-11-17,18430.31,0
9,5,2023-11-24,46732.39,1
9,5,2023-12-01,20836.95,0
9,5,2023-12-08,22409.5,0
9,5,2023-12-15,21929.59,0
9,5,2023-12-22,23212.75,0
9,5,2023-12-29,36283.68,1
9,5,2024-01-05,25795.68,0
9,5,2024-01-12,24660.96,0
9,5,2024-01-19,24282.28,0
9,5,2024-01-26,25425.4,0
9,5,2024-02-02,23097.15,0
9,5,2024-02-09,29193.39,1
9,5,2024-02-16,23054.27,0
9,5,2024-02-23,25858.53,0
9,5,2024-03-01,25391.82,0
9,5,2024-03-08,25645.6,0
9,5,2024-03-15,25678.5,0
9,5,2024-03-22,25273.9,0
9,5,2024-03-29,29780.58,0
9,5,2024-04-05,24775.95,0
9,5,2024-04-12,29775.72,0
9,5,2024-04-19,29188.43,0
9,5,2024-04-26,27003.1,0
9,5,2024-05-03,29100.98,0
9,5,2024-05-10,27575.23,0
9,5,2024-05-17,25443.34,0
9,5,2024-05-24,25403.18,0
9,5,2024-05-31,29173.37,0
9,5,2024-06-07,28900.66,0
9,5,2024-06-14,27912.48,0
9,5,2024-06-21,26310.92,0
9,5,2024-06-28,26501.07,0
9,5,2024-07-05,25940.9,0
9,5,2024-07-12,22656.02,0
9,5,2024-07-19,26149.79,0
9,5,2024-07-26,26770.29,0
9,5,2024-08-02,25501.14,0
9,5,2024-08-09,28573.28,0
9,5,2024-08-16,22716.57,0
9,5,2024-08-23,23092.94,0
9,5,2024-08-30,24334.36,0
9,5,2024-09-06,27154.6,1
9,5,2024-09-13,24668.43,0
9,5,2024-09-20,23765.66,0
9,5,2024-09-27,19187.21,0
9,5,2024-10-04,22728.68,0
9,5,2024-10-11,21344.36,0
9,5,2024-10-18,21915.06,0
9,5,2024-10-25,20272.25,0
9,5,2024-11-01,23466.06,0
9,5,2024-11-08,25970.71,0
9,5,2024-11-15,23344.78,0
9,5,2024-11-22,19028.3,0
9,5,2024-11-29,44699.44,1
9,5,2024-12-06,21349.49,0
9,5,2024-12-13,24344.51,0
9,5,2024-12-20,25659.85,0
9,5,2024-12-27,40973.64,1
9,5,2025-01-03,20688.89,0
9,5,2025-01-10,23701.5,0
9,5,2025-01-17,25113.19,0
9,5,2025-01-24,24769.75,0
9,6,2023-02-03,26832.47,0
9,6,2023-02-10,30147.92,1
9,6,2023-02-17,30371.11,0
9,6,2023-02-24,30199.62,0
9,6,2023-03-03,32115.85,0
9,6,2023-03-10,28942.46,0
9,6,2023-03-17,28211.08,0
9,6,2023-03-24,29952.12,0
9,6,2023-03-31,30068.42,0
9,6,2023-04-07,26601.45,0
9,6,2023-04-14,30643.78,0
9,6,2023-04-21,35061.36,0
9,6,2023-04-28,34408.81,0
9,6,2023-05-05,33771.7,0
9,6,2023-05-12,32773.82,0
9,6,2023-05-19,36160.2,0
9,6,2023-05-26,29584.69,0
9,6,2023-06-02,29715.2,0
9,6,2023-06-09,34910.04,0
9,6,2023-06-16,31885.37,0
9,6,2023-06-23,29867.25,0
9,6,2023-06-30,32654.8,0
9,6,2023-07-07,29869.96,0
9,6,2023-07-14,28561.63,0
9,6,2023-07-21,28156.14,0
9,6,2023-07-28,30642.85,0
9,6,2023-08-04,29976.57,0
9,6,2023-08-11,32638.14,0
9,6,2023-08-18,28060.11,0
9,6,2023-08-25,27661.54,0
9,6,2023-09-01,31232.78,0
9,6,2023-09-08,32536.52,1
9,6,2023-09-15,23960.22,0
9,6,2023-09-22,25352.37,0
9,6,2023-09-29,24618.3,0
9,6,2023-10-06,26777.76,0
9,6,2023-10-13,25479.91,0
9,6,2023-10-20,29862.82,0
9,6,2023-10-27,23105.54,0
9,6,2023-11-03,23982.75,0
9,6,2023-11-10,27021.6,0
9,6,2023-11-17,27729.55,0
9,6,2023-11-24,26293.87,1
9,6,2023-12-01,26434.84,0
9,6,2023-12-08,30227.46,0
9,6,2023-12-15,31743.26,0
9,6,2023-12-22,27001.93,0
9,6,2023-12-29,34494.38,1
9,6,2024-01-05,30186.21,0
9,6,2024-01-12,32741.07,0
9,6,2024-01-19,32614.48,0
9,6,2024-01-26,30043.56,0
9,6,2024-02-02,28545.38,0
9,6,2024-02-09,31104.12,1
9,6,2024-02-16,35050.95,0
9,6,2024-02-23,31006.77,0
9,6,2024-03-01,27766.31,0
9,6,2024-03-08,31963.29,0
9,6,2024-03-15,32565.06,0
9,6,2024-03-22,28765.1,0
9,6,2024-03-29,34625.04,0
9,6,2024-04-05,35660.43,0
9,6,2024-04-12,39638.64,0
9,6,2024-04-19,30988.75,0
9,6,2024-04-26,36849.36,0
9,6,2024-05-03,37588.23,0
9,6,2024-05-10,36361.22,0
9,6,2024-05-17,32067.01,0
9,6,2024-05-24,31824.97,0
9,6,2024-05-31,34919.27,0
9,6,2024-06-07,34710.43,0
9,6,2024-06-14,32696.06,0
9,6,2024-06-21,37460.37,0
9,6,2024-06-28,32560.34,0
9,6,2024-07-05,28249.43,0
9,6,2024-07-12,32330.81,0
9,6,2024-07-19,33777.62,0
9,6,2024-07-26,32999.06,0
9,6,2024-08-02,32552.66,0
9,6,2024-08-09,35027.86,0
9,6,2024-08-16,28123.43,0
9,6,2024-08-23,29445.0,0
9,6,2024-08-30,33817.87,0
9,6,2024-09-06,27290.54,1
9,6,2024-09-13,32309.27,0
9,6,2024-09-20,31957.42,0
9,6,2024-09-27,30405.97,0
9,6,2024-10-04,30251.21,0
9,6,2024-10-11,26149.91,0
9,6,2024-10-18,31547.24,0
9,6,2024-10-25,25653.7,0
9,6,2024-11-01,25797.55,0
9,6,2024-11-08,29336.05,0
9,6,2024-11-15,27448.1,0
9,6,2024-11-22,29227.81,0
9,6,2024-11-29,39989.95,1
9,6,2024-12-06,30279.93,0
9,6,2024-12-13,28129.08,0
9,6,2024-12-20,31587.51,0
9,6,2024-12-27,34868.62,1
9,6,2025-01-03,30980.65,0
9,6,2025-01-10,32296.14,0
9,6,2025-01-17,27258.8,0
9,6,2025-01-24,26480.26,0
9,7,2023-02-03,23309.72,0
9,7,2023-02-10,37456.08,1
9,7,2023-02-17,28935.66,0
9,7,2023-02-24,26318.63,0
9,7,2023-03-03,27596.62,0
9,7,2023-03-10,28407.86,0
9,7,2023-03-17,32652.01,0
9,7,2023-03-24,30538.62,0
9,7,2023-03-31,30364.68,0
9,7,2023-04-07,32783.45,0
9,7,2023-04-14,28391.22,0
9,7,2023-04-21,32636.12,0
9,7,2023-04-28,32357.43,0
9,7,2023-05-05,32402.84,0
9,7,2023-05-12,29894.78,0
9,7,2023-05-19,29185.8,0
9,7,2023-05-26,28071.81,0
9,7,2023-06-02,28113.22,0
9,7,2023-06-09,27700.88,0
9,7,2023-06-16,30565.56,0
9,7,2023-06-23,28919.71,0
9,7,2023-06-30,30196.37,0
9,7,2023-07-07,30019.76,0
9,7,2023-07-14,26149.56,0
9,7,2023-07-21,25772.17,0
9,7,2023-07-28,27372.69,0
9,7,2023-08-04,25818.11,0
9,7,2023-08-11,25252.58,0
9,7,2023-08-18,30448.79,0
9,7,2023-08-25,23221.04,0
9,7,2023-09-01,30370.67,0
9,7,2023-09-08,31398.38,1
9,7,2023-09-15,27329.24,0
9,7,2023-09-22,26554.79,0
9,7,2023-09-29,28429.16,0
9,7,2023-10-06,22762.01,0
9,7,2023-10-13,24479.24,0
9,7,2023-10-20,23018.59,0
9,7,2023-10-27,21319.21,0
9,7,2023-11-03,23371.16,0
9,7,2023-11-10,28441.63,0
9,7,2023-11-17,24499.75,0
9,7,2023-11-24,38544.17,1
9,7,2023-12-01,31243.18,0
9,7,2023-12-08,29331.03,0
9,7,2023-12-15,30595.62,0
9,7,2023-12-22,26744.21,0
9,7,2023-12-29,31050.68,1
9,7,2024-01-05,26815.55,0
9,7,2024-01-12,27554.75,0
9,7,2024-01-19,29325.26,0
9,7,2024-01-26,27058.49,0
9,7,2024-02-02,25410.71,0
9,7,2024-02-09,33019.63,1
9,7,2024-02-16,28071.19,0
9,7,2024-02-23,29556.17,0
9,7,2024-03-01,29415.88,0
9,7,2024-03-08,33444.86,0
9,7,2024-03-15,30673.31,0
9,7,2024-03-22,34343.87,0
9,7,2024-03-29,32250.65,0
9,7,2024-04-05,31761.62,0
9,7,2024-04-12,32611.97,0
9,7,2024-04-19,29028.36,0
9,7,2024-04-26,33372.57,0
9,7,2024-05-03,34775.87,0
9,7,2024-05-10,35165.45,0
9,7,2024-05-17,29029.84,0
9,7,2024-05-24,28523.87,0
9,7,2024-05-31,30951.0,0
9,7,2024-06-07,35727.3,0
9,7,2024-06-14,32510.8,0
9,7,2024-06-21,29724.68,0
9,7,2024-06-28,27746.87,0
9,7,2024-07-05,29373.35,0
9,7,2024-07-12,28878.8,0
9,7,2024-07-19,32631.7,0
9,7,2024-07-26,32407.39,0
9,7,2024-08-02,27105.84,0
9,7,2024-08-09,30961.96,0
9,7,2024-08-16,30318.99,0
9,7,2024-08-23,25761.64,0
9,7,2024-08-30,27902.79,0
9,7,2024-09-06,32657.61,1
9,7,2024-09-13,23698.84,0
9,7,2024-09-20,27471.84,0
9,7,2024-09-27,28327.47,0
9,7,2024-10-04,30149.15,0
9,7,2024-10-11,25199.4,0
9,7,2024-10-18,25372.04,0
9,7,2024-10-25,26043.69,0
9,7,2024-11-01,27112.18,0
9,7,2024-11-08,26762.38,0
9,7,2024-11-15,27959.48,0
9,7,2024-11-22,24419.94,0
9,7,2024-11-29,35479.21,1
9,7,2024-12-06,27000.34,0
9,7,2024-12-13,31394.65,0
9,7,2024-12-20,24839.58,0
9,7,2024-12-27,34937.8,1
9,7,2025-01-03,29118.8,0
9,7,2025-01-10,31656.44,0
9,7,2025-01-17,30070.46,0
9,7,2025-01-24,29860.88,0
9,8,2023-02-03,33493.81,0
9,8,2023-02-10,31573.59,1
9,8,2023-02-17,33287.39,0
9,8,2023-02-24,33520.93,0
9,8,2023-03-03,24757.3,0
9,8,2023-03-10,32382.85,0
9,8,2023-03-17,30135.31,0
9,8,2023-03-24,31130.09,0
9,8,2023-03-31,37636.92,0
9,8,2023-04-07,32927.6,0
9,8,2023-04-14,39353.24,0
9,8,2023-04-21,30491.99,0
9,8,2023-04-28,31502.53,0
9,8,2023-05-05,36679.07,0
9,8,2023-05-12,33649.72,0
9,8,2023-05-19,35414.26,0
9,8,2023-05-26,34171.7,0
9,8,2023-06-02,33955.59,0
9,8,2023-06-09,33332.97,0
9,8,2023-06-16,34423.42,0
9,8,2023-06-23,35394.19,0
9,8,2023-06-30,37667.28,0
9,8,2023-07-07,32484.58,0
9,8,2023-07-14,31625.3,0
9,8,2023-07-21,30918.34,0
9,8,2023-07-28,35612.88,0
9,8,2023-08-04,33194.3,0
9,8,2023-08-11,26330.09,0
9,8,2023-08-18,25878.62,0
9,8,2023-08-25,28240.25,0
9,8,2023-09-01,30424.36,0
9,8,2023-09-08,32314.56,1
9,8,2023-09-15,28794.77,0
9,8,2023-09-22,32154.06,0
9,8,2023-09-29,30449.25,0
9,8,2023-10-06,28656.64,0
9,8,2023-10-13,30926.56,0
9,8,2023-10-20,24508.93,0
9,8,2023-10-27,27997.93,0
9,8,2023-11-03,28512.0,0
9,8,2023-11-10,29631.35,0
9,8,2023-11-17,24497.75,0
9,8,2023-11-24,34363.87,1
9,8,2023-12-01,29904.16,0
9,8,2023-12-08,31847.24,0
9,8,2023-12-15,31209.0,0
9,8,2023-12-22,29644.87,0
9,8,2023-12-29,39801.35,1
9,8,2024-01-05,31006.04,0
9,8,2024-01-12,33097.21,0
9,8,2024-01-19,31497.76,0
9,8,2024-01-26,33051.18,0
9,8,2024-02-02,35147.83,0
9,8,2024-02-09,35044.99,1
9,8,2024-02-16,36990.89,0
9,8,2024-02-23,40533.5,0
9,8,2024-03-01,36598.22,0
9,8,2024-03-08,33809.73,0
9,8,2024-03-15,36983.92,0
9,8,2024-03-22,37262.9,0
9,8,2024-03-29,38039.96,0
9,8,2024-04-05,40930.29,0
9,8,2024-04-12,31846.27,0
9,8,2024-04-19,41479.08,0
9,8,2024-04-26,42633.03,0
9,8,2024-05-03,38906.89,0
9,8,2024-05-10,39001.32,0
9,8,2024-05-17,36481.99,0
9,8,2024-05-24,37126.79,0
9,8,2024-05-31,39023.53,0
9,8,2024-06-07,38622.38,0
9,8,2024-06-14,38614.82,0
9,8,2024-06-21,38031.15,0
9,8,2024-06-28,38460.23,0
9,8,2024-07-05,37747.66,0
9,8,2024-07-12,32237.98,0
9,8,2024-07-19,37006.5,0
9,8,2024-07-26,39355.97,0
9,8,2024-08-02,33746.57,0
9,8,2024-08-09,37377.71,0
9,8,2024-08-16,30518.69,0
9,8,2024-08-23,32432.57,0
9,8,2024-08-30,30457.47,0
9,8,2024-09-06,38621.64,1
9,8,2024-09-13,31129.29,0
9,8,2024-09-20,33981.14,0
9,8,2024-09-27,34874.14,0
9,8,2024-10-04,30509.96,0
9,8,2024-10-11,30743.12,0
9,8,2024-10-18,32099.09,0
9,8,2024-10-25,28229.72,0
9,8,2024-11-01,30546.61,0
9,8,2024-11-08,35552.71,0
9,8,2024-11-15,29260.9,0
9,8,2024-11-22,32764.09,0
9,8,2024-11-29,41154.91,1
9,8,2024-12-06,31769.0,0
9,8,2024-12-13,35992.25,0
9,8,2024-12-20,33379.1,0
9,8,2024-12-27,41301.69,1
9,8,2025-01-03,32114.88,0
9,8,2025-01-10,30583.97,0
9,8,2025-01-17,38702.67,0
9,8,2025-01-24,34824.61,0
9,9,2023-02-03,18247.88,0
9,9,2023-02-10,16247.43,1
9,9,2023-02-17,18118.22,0
9,9,2023-02-24,16269.89,0
9,9,2023-03-03,18180.25,0
9,9,2023-03-10,17377.77,0
9,9,2023-03-17,17248.55,0
9,9,2023-03-24,18300.18,0
9,9,2023-03-31,15462.48,0
9,9,2023-04-07,17322.51,0
9,9,2023-04-14,20428.75,0
9,9,2023-04-21,19866.0,0
9,9,2023-04-28,17734.89,0
9,9,2023-05-05,20298.32,0
9,9,2023-05-12,18092.24,0
9,9,2023-05-19,20565.44,0
9,9,2023-05-26,19216.41,0
9,9,2023-06-02,18817.87,0
9,9,2023-06-09,19077.53,0
9,9,2023-06-16,22997.78,0
9,9,2023-06-23,17787.6,0
9,9,2023-06-30,19104.46,0
9,9,2023-07-07,19734.5,0
9,9,2023-07-14,16953.47,0
9,9,2023-07-21,15835.3,0
9,9,2023-07-28,17062.66,0
9,9,2023-08-04,18769.66,0
9,9,2023-08-11,16986.01,0
9,9,2023-08-18,16917.4,0
9,9,2023-08-25,18254.76,0
9,9,2023-09-01,15720.3,0
9,9,2023-09-08,18764.51,1
9,9,2023-09-15,16849.12,0
9,9,2023-09-22,16566.69,0
9,9,2023-09-29,17157.93,0
9,9,2023-10-06,14552.19,0
9,9,2023-10-13,15691.39,0
9,9,2023-10-20,14256.91,0
9,9,2023-10-27,15544.56,0
9,9,2023-11-03,17743.99,0
9,9,2023-11-10,15493.72,0
9,9,2023-11-17,14226.22,0
9,9,2023-11-24,20536.61,1
9,9,2023-12-01,14523.0,0
9,9,2023-12-08,17239.79,0
9,9,2023-12-15,14632.48,0
9,9,2023-12-22,17175.5,0
9,9,2023-12-29,22936.11,1
9,9,2024-01-05,17552.02,0
9,9,2024-01-12,16191.15,0
9,9,2024-01-19,18978.08,0
9,9,2024-01-26,17058.64,0
9,9,2024-02-02,17791.32,0
9,9,2024-02-09,17896.25,1
9,9,2024-02-16,19983.17,0
9,9,2024-02-23,20057.02,0
9,9,2024-03-01,15402.62,0
9,9,2024-03-08,20148.33,0
9,9,2024-03-15,17195.87,0
9,9,2024-03-22,19651.02,0
9,9,2024-03-29,20219.9,0
9,9,2024-04-05,19984.65,0
9,9,2024-04-12,21532.26,0
9,9,2024-04-19,22010.43,0
9,9,2024-04-26,19596.29,0
9,9,2024-05-03,19577.61,0
9,9,2024-05-10,20885.74,0
9,9,2024-05-17,18341.36,0
9,9,2024-05-24,20076.77,0
9,9,2024-05-31,23032.02,0
9,9,2024-06-07,18185.42,0
9,9,2024-06-14,19977.96,0
9,9,2024-06-21,19405.97,0
9,9,2024-06-28,23421.11,0
9,9,2024-07-05,19116.39,0
9,9,2024-07-12,18994.34,0
9,9,2024-07-19,17907.34,0
9,9,2024-07-26,19286.58,0
9,9,2024-08-02,19434.12,0
9,9,2024-08-09,17442.63,0
9,9,2024-08-16,19991.68,0
9,9,2024-08-23,18683.42,0
9,9,2024-08-30,19289.33,0
9,9,2024-09-06,18974.98,1
9,9,2024-09-13,17349.4,0
9,9,2024-09-20,19515.13,0
9,9,2024-09-27,17489.65,0
9,9,2024-10-04,17219.22,0
9,9,2024-10-11,16487.91,0
9,9,2024-10-18,16350.83,0
9,9,2024-10-25,17350.7,0
9,9,2024-11-01,18149.22,0
9,9,2024-11-08,16136.95,0
9,9,2024-11-15,17318.7,0
9,9,2024-11-22,17505.6,0
9,9,2024-11-29,21610.5,1
9,9,2024-12-06,16259.74,0
9,9,2024-12-13,15815.91,0
9,9,2024-12-20,18026.77,0
9,9,2024-12-27,20632.77,1
9,9,2025-01-03,16725.93,0
9,9,2025-01-10,18170.34,0
9,9,2025-01-17,17357.03,0
9,9,2025-01-24,20552.1,0
9,10,2023-02-03,21612.95,0
9,10,2023-02-10,21401.85,1
9,10,2023-02-17,20958.16,0
9,10,2023-02-24,18244.87,0
9,10,2023-03-03,21297.19,0
9,10,2023-03-10,21036.04,0
9,10,2023-03-17,23122.05,0
9,10,2023-03-24,24059.19,0
9,10,2023-03-31,23746.12,0
9,10,2023-04-07,25695.58,0
9,10,2023-04-14,22429.35,0
9,10,2023-04-21,22471.21,0
9,10,2023-04-28,25682.79,0
9,10,2023-05-05,24083.38,0
9,10,2023-05-12,23313.75,0
9,10,2023-05-19,27273.38,0
9,10,2023-05-26,24801.69,0
9,10,2023-06-02,23253.85,0
9,10,2023-06-09,22199.17,0
9,10,2023-06-16,25807.0,0
9,10,2023-06-23,23528.71,0
9,10,2023-06-30,22979.2,0
9,10,2023-07-07,23929.09,0
9,10,2023-07-14,24029.94,0
9,10,2023-07-21,23159.41,0
9,10,2023-07-28,23457.15,0
9,10,2023-08-04,22407.67,0
9,10,2023-08-11,22292.2,0
9,10,2023-08-18,19833.27,0
9,10,2023-08-25,23808.0,0
9,10,2023-09-01,18511.56,0
9,10,2023-09-08,22541.8,1
9,10,2023-09-15,19920.59,0
9,10,2023-09-22,18974.38,0
9,10,2023-09-29,19930.15,0
9,10,2023-10-06,20115.25,0
9,10,2023-10-13,17987.21,0
9,10,2023-10-20,19364.69,0
9,10,2023-10-27,21541.28,0
9,10,2023-11-03,17353.25,0
9,10,2023-11-10,18107.57,0
9,10,2023-11-17,20864.9,0
9,10,2023-11-24,29987.41,1
9,10,2023-12-01,21422.75,0
9,10,2023-12-08,18727.07,0
9,10,2023-12-15,19383.88,0
9,10,2023-12-22,19427.61,0
9,10,2023-12-29,34476.32,1
9,10,2024-01-05,18202.02,0
9,10,2024-01-12,19350.08,0
9,10,2024-01-19,19358.99,0
9,10,2024-01-26,24559.49,0
9,10,2024-02-02,21335.61,0
9,10,2024-02-09,22199.03,1
9,10,2024-02-16,20157.2,0
9,10,2024-02-23,22997.88,0
9,10,2024-03-01,25473.05,0
9,10,2024-03-08,24623.25,0
9,10,2024-03-15,24215.51,0
9,10,2024-03-22,21600.92,0
9,10,2024-03-29,24274.9,0
9,10,2024-04-05,25428.96,0
9,10,2024-04-12,23295.68,0
9,10,2024-04-19,26768.99,0
9,10,2024-04-26,27338.52,0
9,10,2024-05-03,24503.66,0
9,10,2024-05-10,27087.23,0
9,10,2024-05-17,25351.26,0
9,10,2024-05-24,27853.0,0
9,10,2024-05-31,29544.89,0
9,10,2024-06-07,23060.87,0
9,10,2024-06-14,26645.63,0
9,10,2024-06-21,27497.48,0
9,10,2024-06-28,22752.84,0
9,10,2024-07-05,23291.7,0
9,10,2024-07-12,23009.49,0
9,10,2024-07-19,23600.37,0
9,10,2024-07-26,22883.39,0
9,10,2024-08-02,22881.48,0
9,10,2024-08-09,24482.96,0
9,10,2024-08-16,19209.06,0
9,10,2024-08-23,20609.24,0
9,10,2024-08-30,23254.53,0
9,10,2024-09-06,24926.42,1
9,10,2024-09-13,22538.52,0
9,10,2024-09-20,23628.29,0
9,10,2024-09-27,21096.18,0
9,10,2024-10-04,19335.11,0
9,10,2024-10-11,22382.99,0
9,10,2024-10-18,23718.08,0
9,10,2024-10-25,19335.34,0
9,10,2024-11-01,20882.81,0
9,10,2024-11-08,22685.38,0
9,10,2024-11-15,21148.49,0
9,10,2024-11-22,18137.72,0
9,10,2024-11-29,37679.13,1
9,10,2024-12-06,19279.0,0
9,10,2024-12-13,18702.23,0
9,10,2024-12-20,24067.64,0
9,10,2024-12-27,33041.2,1
9,10,2025-01-03,23649.14,0
9,10,2025-01-10,23245.57,0
9,10,2025-01-17,23863.47,0
9,10,2025-01-24,24405.22,0
10,1,2023-02-03,89158.83,0
10,1,2023-02-10,102275.05,1
10,1,2023-02-17,90225.04,0
10,1,2023-02-24,91418.68,0
10,1,2023-03-03,96877.81,0
10,1,2023-03-10,103266.34,0
10,1,2023-03-17,98701.48,0
10,1,2023-03-24,90814.66,0
10,1,2023-03-31,80946.17,0
10,1,2023-04-07,92789.52,0
10,1,2023-04-14,88842.71,0
10,1,2023-04-21,94235.94,0
10,1,2023-04-28,102413.24,0
10,1,2023-05-05,101372.49,0
10,1,2023-05-12,115740.77,0
10,1,2023-05-19,104565.3,0
10,1,2023-05-26,115772.43,0
10,1,2023-06-02,105765.79,0
10,1,2023-06-09,108152.72,0
10,1,2023-06-16,96006.41,0
10,1,2023-06-23,89628.78,0
10,1,2023-06-30,93673.32,0
10,1,2023-07-07,96083.41,0
10,1,2023-07-14,90329.42,0
10,1,2023-07-21,86455.66,0
10,1,2023-07-28,95909.98,0
10,1,2023-08-04,84254.32,0
10,1,2023-08-11,79335.11,0
10,1,2023-08-18,81237.85,0
10,1,2023-08-25,86453.07,0
10,1,2023-09-01,80115.93,0
10,1,2023-09-08,97332.76,1
10,1,2023-09-15,88972.48,0
10,1,2023-09-22,79783.52,0
10,1,2023-09-29,74815.56,0
10,1,2023-10-06,79132.38,0
10,1,2023-10-13,86845.96,0
10,1,2023-10-20,88083.7,0
10,1,2023-10-27,84425.32,0
10,1,2023-11-03,90037.27,0
10,1,2023-11-10,93731.02,0
10,1,2023-11-17,79504.31,0
10,1,2023-11-24,122027.28,1
10,1,2023-12-01,90743.17,0
10,1,2023-12-08,89523.52,0
10,1,2023-12-15,72129.74,0
10,1,2023-12-22,80060.87,0
10,1,2023-12-29,96040.52,1
10,1,2024-01-05,95541.18,0
10,1,2024-01-12,105638.59,0
10,1,2024-01-19,90177.98,0
10,1,2024-01-26,99950.62,0
10,1,2024-02-02,106353.62,0
10,1,2024-02-09,110489.27,1
10,1,2024-02-16,96137.67,0
10,1,2024-02-23,103801.79,0
10,1,2024-03-01,107985.09,0
10,1,2024-03-08,106027.24,0
10,1,2024-03-15,107023.27,0
10,1,2024-03-22,104182.26,0
10,1,2024-03-29,92154.89,0
10,1,2024-04-05,114128.03,0
10,1,2024-04-12,96183.44,0
10,1,2024-04-19,113103.42,0
10,1,2024-04-26,114703.25,0
10,1,2024-05-03,98506.99,0
10,1,2024-05-10,103186.09,0
10,1,2024-05-17,126744.08,0
10,1,2024-05-24,107395.88,0
10,1,2024-05-31,97142.89,0
10,1,2024-06-07,113927.19,0
10,1,2024-06-14,99767.33,0
10,1,2024-06-21,89276.94,0
10,1,2024-06-28,108856.09,0
10,1,2024-07-05,95851.76,0
10,1,2024-07-12,104908.08,0
10,1,2024-07-19,94488.45,0
10,1,2024-07-26,105438.68,0
10,1,2024-08-02,99948.18,0
10,1,2024-08-09,77072.48,0
10,1,2024-08-16,98862.09,0
10,1,2024-08-23,92495.82,0
10,1,2024-08-30,104106.66,0
10,1,2024-09-06,114242.19,1
10,1,2024-09-13,86199.25,0
10,1,2024-09-20,84777.44,0
10,1,2024-09-27,89543.89,0
10,1,2024-10-04,86529.39,0
10,1,2024-10-11,98110.82,0
10,1,2024-10-18,87227.73,0
10,1,2024-10-25,79527.29,0
10,1,2024-11-01,82356.08,0
10,1,2024-11-08,95224.17,0
10,1,2024-11-15,87590.46,0
10,1,2024-11-22,87751.73,0
10,1,2024-11-29,120732.84,1
10,1,2024-12-06,74662.34,0
10,1,2024-12-13,85668.96,0
10,1,2024-12-20,94901.98,0
10,1,2024-12-27,114795.67,1
10,1,2025-01-03,103540.41,0
10,1,2025-01-10,98495.23,0
10,1,2025-01-17,101830.32,0
10,1,2025-01-24,103704.68,0
10,2,2023-02-03,49170.37,0
10,2,2023-02-10,57098.35,1
10,2,2023-02-17,60725.59,0
10,2,2023-02-24,62704.74,0
10,2,2023-03-03,61640.64,0
10,2,2023-03-10,61474.42,0
10,2,2023-03-17,51462.21,0
10,2,2023-03-24,60354.63,0
10,2,2023-03-31,56343.72,0
10,2,2023-04-07,67830.44,0
10,2,2023-04-14,67543.85,0
10,2,2023-04-21,57538.89,0
10,2,2023-04-28,62282.24,0
10,2,2023-05-05,63898.82,0
10,2,2023-05-12,67214.5,0
10,2,2023-05-19,54244.84,0
10,2,2023-05-26,51444.99,0
10,2,2023-06-02,62438.49,0
10,2,2023-06-09,49378.07,0
10,2,2023-06-16,62283.43,0
10,2,2023-06-23,63904.44,0
10,2,2023-06-30,66435.42,0
10,2,2023-07-07,56861.6,0
10,2,2023-07-14,59941.95,0
10,2,2023-07-21,61526.17,0
10,2,2023-07-28,52319.51,0
10,2,2023-08-04,61185.1,0
10,2,2023-08-11,57501.76,0
10,2,2023-08-18,52843.24,0
10,2,2023-08-25,55440.88,0
10,2,2023-09-01,53538.43,0
10,2,2023-09-08,59995.8,1
10,2,2023-09-15,53889.87,0
10,2,2023-09-22,49810.36,0
10,2,2023-09-29,48074.1,0
10,2,2023-10-06,52323.07,0
10,2,2023-10-13,47660.87,0
10,2,2023-10-20,54444.9,0
10,2,2023-10-27,53509.53,0
10,2,2023-11-03,47982.25,0
10,2,2023-11-10,52110.23,0
10,2,2023-11-17,48290.03,0
10,2,2023-11-24,93985.25,1
10,2,2023-12-01,51993.12,0
10,2,2023-12-08,54914.21,0
10,2,2023-12-15,53950.49,0
10,2,2023-12-22,57909.24,0
10,2,2023-12-29,80042.67,1
10,2,2024-01-05,62847.17,0
10,2,2024-01-12,47684.34,0
10,2,2024-01-19,55220.29,0
10,2,2024-01-26,53223.57,0
10,2,2024-02-02,58225.67,0
10,2,2024-02-09,58000.92,1
10,2,2024-02-16,63957.71,0
10,2,2024-02-23,63190.57,0
10,2,2024-03-01,56237.45,0
10,2,2024-03-08,60628.42,0
10,2,2024-03-15,64389.7,0
10,2,2024-03-22,68941.32,0
10,2,2024-03-29,78505.95,0
10,2,2024-04-05,69979.85,0
10,2,2024-04-12,61299.58,0
10,2,2024-04-19,66549.52,0
10,2,2024-04-26,68276.31,0
10,2,2024-05-03,64644.21,0
10,2,2024-05-10,70025.0,0
10,2,2024-05-17,55169.52,0
10,2,2024-05-24,70227.75,0
10,2,2024-05-31,64430.37,0
10,2,2024-06-07,66035.0,0
10,2,2024-06-14,73926.19,0
10,2,2024-06-21,59010.37,0
10,2,2024-06-28,66447.45,0
10,2,2024-07-05,68448.41,0
10,2,2024-07-12,64508.11,0
10,2,2024-07-19,54760.87,0
10,2,2024-07-26,68801.32,0
10,2,2024-08-02,60253.93,0
10,2,2024-08-09,57932.18,0
10,2,2024-08-16,58207.39,0
10,2,2024-08-23,57117.36,0
10,2,2024-08-30,52643.28,0
10,2,2024-09-06,67115.02,1
10,2,2024-09-13,59919.78,0
10,2,2024-09-20,58641.11,0
10,2,2024-09-27,63091.75,0
10,2,2024-10-04,54501.28,0
10,2,2024-10-11,51600.51,0
10,2,2024-10-18,48488.14,0
10,2,2024-10-25,64485.03,0
10,2,2024-11-01,57783.75,0
10,2,2024-11-08,51957.18,0
10,2,2024-11-15,62722.25,0
10,2,2024-11-22,61612.81,0
10,2,2024-11-29,94778.34,1
10,2,2024-12-06,55973.66,0
10,2,2024-12-13,52310.99,0
10,2,2024-12-20,57480.64,0
10,2,2024-12-27,100474.29,1
10,2,2025-01-03,60978.64,0
10,2,2025-01-10,66149.7,0
10,2,2025-01-17,63416.17,0
10,2,2025-01-24,62053.93,0
10,3,2023-02-03,40808.18,0
10,3,2023-02-10,46713.05,1
10,3,2023-02-17,40295.32,0
10,3,2023-02-24,46026.22,0
10,3,2023-03-03,45883.28,0
10,3,2023-03-10,50574.7,0
10,3,2023-03-17,44772.65,0
10,3,2023-03-24,45587.69,0
10,3,2023-03-31,43175.95,0
10,3,2023-04-07,50028.2,0
10,3,2023-04-14,47018.88,0
10,3,2023-04-21,45555.37,0
10,3,2023-04-28,46103.63,0
10,3,2023-05-05,51342.77,0
10,3,2023-05-12,44914.78,0
10,3,2023-05-19,45225.41,0
10,3,2023-05-26,52621.51,0
10,3,2023-06-02,48259.56,0
10,3,2023-06-09,52367.69,0
10,3,2023-06-16,46934.71,0
10,3,2023-06-23,47935.1,0
10,3,2023-06-30,48095.92,0
10,3,2023-07-07,52237.04,0
10,3,2023-07-14,51355.29,0
10,3,2023-07-21,50186.22,0
10,3,2023-07-28,43093.49,0
10,3,2023-08-04,41257.54,0
10,3,2023-08-11,46900.42,0
10,3,2023-08-18,48438.87,0
10,3,2023-08-25,47080.44,0
10,3,2023-09-01,42584.5,0
10,3,2023-09-08,50377.48,1
10,3,2023-09-15,42082.05,0
10,3,2023-09-22,41816.22,0
10,3,2023-09-29,41157.15,0
10,3,2023-10-06,37997.6,0
10,3,2023-10-13,38127.88,0
10,3,2023-10-20,37947.08,0
10,3,2023-10-27,35005.72,0
10,3,2023-11-03,40617.36,0
10,3,2023-11-10,40124.63,0
10,3,2023-11-17,42896.4,0
10,3,2023-11-24,69142.98,1
10,3,2023-12-01,45671.33,0
10,3,2023-12-08,38910.56,0
10,3,2023-12-15,37090.11,0
10,3,2023-12-22,45578.41,0
10,3,2023-12-29,95732.31,1
10,3,2024-01-05,45332.4,0
10,3,2024-01-12,37233.63,0
10,3,2024-01-19,46331.58,0
10,3,2024-01-26,47771.7,0
10,3,2024-02-02,51130.48,0
10,3,2024-02-09,52612.85,1
10,3,2024-02-16,51431.8,0
10,3,2024-02-23,46369.21,0
10,3,2024-03-01,45277.97,0
10,3,2024-03-08,52124.1,0
10,3,2024-03-15,47385.17,0
10,3,2024-03-22,57178.48,0
10,3,2024-03-29,44592.5,0
10,3,2024-04-05,54418.16,0
10,3,2024-04-12,53748.82,0
10,3,2024-04-19,51812.97,0
10,3,2024-04-26,48966.45,0
10,3,2024-05-03,44252.93,0
10,3,2024-05-10,50770.5,0
10,3,2024-05-17,50795.49,0
10,3,2024-05-24,57540.23,0
10,3,2024-05-31,49333.52,0
10,3,2024-06-07,54240.02,0
10,3,2024-06-14,46614.22,0
10,3,2024-06-21,53551.09,0
10,3,2024-06-28,41947.33,0
10,3,2024-07-05,59045.64,0
10,3,2024-07-12,49439.24,0
10,3,2024-07-19,38361.2,0
10,3,2024-07-26,45986.2,0
10,3,2024-08-02,44783.11,0
10,3,2024-08-09,45030.44,0
10,3,2024-08-16,45531.18,0
10,3,2024-08-23,43839.21,0
10,3,2024-08-30,42729.53,0
10,3,2024-09-06,44327.06,1
10,3,2024-09-13,48975.21,0
10,3,2024-09-20,43342.1,0
10,3,2024-09-27,43805.13,0
10,3,2024-10-04,39634.9,0
10,3,2024-10-11,43573.66,0
10,3,2024-10-18,43968.5,0
10,3,2024-10-25,42346.99,0
10,3,2024-11-01,44483.86,0
10,3,2024-11-08,44284.8,0
10,3,2024-11-15,39742.55,0
10,3,2024-11-22,47840.18,0
10,3,2024-11-29,71405.82,1
10,3,2024-12-06,45944.86,0
10,3,2024-12-13,52036.87,0
10,3,2024-12-20,49794.42,0
10,3,2024-12-27,90140.13,1
10,3,2025-01-03,44186.97,0
10,3,2025-01-10,49558.4,0
10,3,2025-01-17,48833.97,0
10,3,2025-01-24,46741.9,0
10,4,2023-02-03,37624.65,0
10,4,2023-02-10,35948.88,1
10,4,2023-02-17,38838.59,0
10,4,2023-02-24,34057.58,0
10,4,2023-03-03,40459.96,0
10,4,2023-03-10,39482.42,0
10,4,2023-03-17,42104.65,0
10,4,2023-03-24,41883.35,0
10,4,2023-03-31,38955.93,0
10,4,2023-04-07,39025.41,0
10,4,2023-04-14,45500.14,0
10,4,2023-04-21,39102.93,0
10,4,2023-04-28,42592.55,0
10,4,2023-05-05,39048.18,0
10,4,2023-05-12,34301.4,0
10,4,2023-05-19,36315.85,0
10,4,2023-05-26,41477.76,0
10,4,2023-06-02,42261.47,0
10,4,2023-06-09,41106.92,0
10,4,2023-06-16,43162.44,0
10,4,2023-06-23,40450.88,0
10,4,2023-06-30,36454.87,0
10,4,2023-07-07,40298.91,0
10,4,2023-07-14,38559.76,0
10,4,2023-07-21,35862.19,0
10,4,2023-07-28,38529.37,0
10,4,2023-08-04,36882.22,0
10,4,2023-08-11,34420.84,0
10,4,2023-08-18,35191.82,0
10,4,2023-08-25,39227.31,0
10,4,2023-09-01,38650.53,0
10,4,2023-09-08,40616.23,1
10,4,2023-09-15,30124.55,0
10,4,2023-09-22,38329.4,0
10,4,2023-09-29,36181.63,0
10,4,2023-10-06,35176.97,0
10,4,2023-10-13,27000.53,0
10,4,2023-10-20,33001.26,0
10,4,2023-10-27,32508.91,0
10,4,2023-11-03,34651.69,0
10,4,2023-11-10,31747.73,0
10,4,2023-11-17,32467.35,0
10,4,2023-11-24,48367.39,1
10,4,2023-12-01,32018.08,0
10,4,2023-12-08,34412.54,0
10,4,2023-12-15,37942.49,0
10,4,2023-12-22,36951.92,0
10,4,2023-12-29,45256.93,1
10,4,2024-01-05,39975.33,0
10,4,2024-01-12,31205.0,0
10,4,2024-01-19,42788.8,0
10,4,2024-01-26,43865.07,0
10,4,2024-02-02,39414.23,0
10,4,2024-02-09,41200.83,1
10,4,2024-02-16,39106.81,0
10,4,2024-02-23,39141.34,0
10,4,2024-03-01,38396.36,0
10,4,2024-03-08,40739.51,0
10,4,2024-03-15,43234.74,0
10,4,2024-03-22,43249.89,0
10,4,2024-03-29,48959.59,0
10,4,2024-04-05,42934.02,0
10,4,2024-04-12,37772.87,0
10,4,2024-04-19,48775.76,0
10,4,2024-04-26,39039.5,0
10,4,2024-05-03,41418.25,0
10,4,2024-05-10,44327.08,0
10,4,2024-05-17,44788.25,0
10,4,2024-05-24,38233.97,0
10,4,2024-05-31,40489.12,0
10,4,2024-06-07,37753.55,0
10,4,2024-06-14,44651.9,0
10,4,2024-06-21,46187.93,0
10,4,2024-06-28,37717.92,0
10,4,2024-07-05,44670.3,0
10,4,2024-07-12,43958.4,0
10,4,2024-07-19,38292.17,0
10,4,2024-07-26,33586.0,0
10,4,2024-08-02,36024.2,0
10,4,2024-08-09,37031.47,0
10,4,2024-08-16,43104.72,0
10,4,2024-08-23,37517.77,0
10,4,2024-08-30,34390.75,0
10,4,2024-09-06,44623.55,1
10,4,2024-09-13,38062.01,0
10,4,2024-09-20,33367.71,0
10,4,2024-09-27,33500.78,0
10,4,2024-10-04,36710.54,0
10,4,2024-10-11,40413.39,0
10,4,2024-10-18,41535.2,0
10,4,2024-10-25,32332.74,0
10,4,2024-11-01,33594.3,0
10,4,2024-11-08,36818.08,0
10,4,2024-11-15,38831.77,0
10,4,2024-11-22,29545.51,0
10,4,2024-11-29,46514.19,1
10,4,2024-12-06,30770.22,0
10,4,2024-12-13,32842.7,0
10,4,2024-12-20,35548.07,0
10,4,2024-12-27,48994.39,1
10,4,2025-01-03,39388.54,0
10,4,2025-01-10,41837.37,0
10,4,2025-01-17,39587.21,0
10,4,2025-01-24,37871.18,0
10,5,2023-02-03,23170.21,0
10,5,2023-02-10,25221.19,1
10,5,2023-02-17,26268.1,0
10,5,2023-02-24,24335.54,0
10,5,2023-03-03,23119.79,0
10,5,2023-03-10,25986.88,0
10,5,2023-03-17,26595.15,0
10,5,2023-03-24,28451.13,0
10,5,2023-03-31,24728.45,0
10,5,2023-04-07,24957.2,0
10,5,2023-04-14,28152.62,0
10,5,2023-04-21,25819.1,0
10,5,2023-04-28,25827.14,0
10,5,2023-05-05,29545.42,0
10,5,2023-05-12,23922.78,0
10,5,2023-05-19,31262.71,0
10,5,2023-05-26,25469.51,0
10,5,2023-06-02,28527.74,0
10,5,2023-06-09,26304.94,0
10,5,2023-06-16,26930.74,0
10,5,2023-06-23,25599.05,0
10,5,2023-06-30,27685.68,0
10,5,2023-07-07,24933.98,0
10,5,2023-07-14,24199.87,0
10,5,2023-07-21,28697.79,0
10,5,2023-07-28,24808.81,0
10,5,2023-08-04,23112.27,0
10,5,2023-08-11,21239.38,0
10,5,2023-08-18,27351.91,0
10,5,2023-08-25,22457.26,0
10,5,2023-09-01,27031.07,0
10,5,2023-09-08,25331.51,1
10,5,2023-09-15,22991.77,0
10,5,2023-09-22,26445.32,0
10,5,2023-09-29,18367.95,0
10,5,2023-10-06,22499.93,0
10,5,2023-10-13,21537.88,0
10,5,2023-10-20,21555.21,0
10,5,2023-10-27,22156.83,0
10,5,2023-11-03,21438.01,0
10,5,2023-11-10,22287.9,0
10,5,2023-11-17,22012.11,0
10,5,2023-11-24,40643.37,1
10,5,2023-12-01,23654.44,0
10,5,2023-12-08,21612.56,0
10,5,2023-12-15,26262.69,0
10,5,2023-12-22,25610.31,0
10,5,2023-12-29,40043.64,1
10,5,2024-01-05,23860.52,0
10,5,2024-01-12,26377.06,0
10,5,2024-01-19,27639.02,0
10,5,2024-01-26,26561.42,0
10,5,2024-02-02,24193.59,0
10,5,2024-02-09,25670.84,1
10,5,2024-02-16,27350.86,0
10,5,2024-02-23,28317.81,0
10,5,2024-03-01,26745.98,0
10,5,2024-03-08,26030.19,0
10,5,2024-03-15,31093.25,0
10,5,2024-03-22,25503.11,0
10,5,2024-03-29,26042.81,0
10,5,2024-04-05,25380.2,0
10,5,2024-04-12,26428.93,0
10,5,2024-04-19,31604.56,0
10,5,2024-04-26,31799.19,0
10,5,2024-05-03,28734.5,0
10,5,2024-05-10,30071.0,0
10,5,2024-05-17,28870.22,0
10,5,2024-05-24,26073.74,0
10,5,2024-05-31,33801.1,0
10,5,2024-06-07,31691.34,0
10,5,2024-06-14,29161.55,0
10,5,2024-06-21,26202.95,0
10,5,2024-06-28,27367.93,0
10,5,2024-07-05,26055.18,0
10,5,2024-07-12,27487.59,0
10,5,2024-07-19,27617.19,0
10,5,2024-07-26,25885.18,0
10,5,2024-08-02,23210.98,0
10,5,2024-08-09,30343.46,0
10,5,2024-08-16,26067.53,0
10,5,2024-08-23,26173.17,0
10,5,2024-08-30,24092.99,0
10,5,2024-09-06,24734.01,1
10,5,2024-09-13,23741.64,0
10,5,2024-09-20,25502.46,0
10,5,2024-09-27,25661.88,0
10,5,2024-10-04,25214.13,0
10,5,2024-10-11,25501.65,0
10,5,2024-10-18,26947.62,0
10,5,2024-10-25,24244.29,0
10,5,2024-11-01,25586.88,0
10,5,2024-11-08,24504.52,0
10,5,2024-11-15,20075.68,0
10,5,2024-11-22,23526.6,0
10,5,2024-11-29,34081.92,1
10,5,2024-12-06,22711.1,0
10,5,2024-12-13,25705.9,0
10,5,2024-12-20,26774.81,0
10,5,2024-12-27,51485.1,1
10,5,2025-01-03,22111.35,0
10,5,2025-01-10,23439.44,0
10,5,2025-01-17,32503.53,0
10,5,2025-01-24,28917.3,0
10,6,2023-02-03,29922.67,0
10,6,2023-02-10,29941.32,1
10,6,2023-02-17,30191.77,0
10,6,2023-02-24,26021.38,0
10,6,2023-03-03,29291.33,0
10,6,2023-03-10,31351.08,0
10,6,2023-03-17,30185.83,0
10,6,2023-03-24,30856.18,0
10,6,2023-03-31,39376.07,0
10,6,2023-04-07,32293.7,0
10,6,2023-04-14,33921.74,0
10,6,2023-04-21,34008.58,0
10,6,2023-04-28,35067.88,0
10,6,2023-05-05,32282.66,0
10,6,2023-05-12,36937.98,0
10,6,2023-05-19,34749.0,0
10,6,2023-05-26,30030.36,0
10,6,2023-06-02,33060.62,0
10,6,2023-06-09,32713.07,0
10,6,2023-06-16,32373.1,0
10,6,2023-06-23,34017.72,0
10,6,2023-06-30,34032.29,0
10,6,2023-07-07,33383.28,0
10,6,2023-07-14,32562.54,0
10,6,2023-07-21,31542.25,0
10,6,2023-07-28,25613.92,0
10,6,2023-08-04,32441.89,0
10,6,2023-08-11,31320.59,0
10,6,2023-08-18,27406.12,0
10,6,2023-08-25,30027.52,0
10,6,2023-09-01,30508.06,0
10,6,2023-09-08,34917.26,1
10,6,2023-09-15,29083.96,0
10,6,2023-09-22,30205.68,0
10,6,2023-09-29,27160.17,0
10,6,2023-10-06,28562.15,0
10,6,2023-10-13,26139.18,0
10,6,2023-10-20,29846.09,0
10,6,2023-10-27,23844.6,0
10,6,2023-11-03,29169.76,0
10,6,2023-11-10,27485.67,0
10,6,2023-11-17,29696.17,0
10,6,2023-11-24,30720.77,1
10,6,2023-12-01,30965.23,0
10,6,2023-12-08,28443.64,0
10,6,2023-12-15,28699.04,0
10,6,2023-12-22,29926.55,0
10,6,2023-12-29,32892.66,1
10,6,2024-01-05,25360.19,0
10,6,2024-01-12,28598.44,0
10,6,2024-01-19,26854.94,0
10,6,2024-01-26,33252.16,0
10,6,2024-02-02,32702.0,0
10,6,2024-02-09,33365.15,1
10,6,2024-02-16,36540.88,0
10,6,2024-02-23,32335.48,0
10,6,2024-03-01,35281.55,0
10,6,2024-03-08,34263.25,0
10,6,2024-03-15,34256.83,0
10,6,2024-03-22,38515.25,0
10,6,2024-03-29,41067.99,0
10,6,2024-04-05,34268.48,0
10,6,2024-04-12,38116.81,0
10,6,2024-04-19,36838.26,0
10,6,2024-04-26,37009.64,0
10,6,2024-05-03,36846.65,0
10,6,2024-05-10,35189.93,0
10,6,2024-05-17,25759.51,0
10,6,2024-05-24,40451.37,0
10,6,2024-05-31,33889.47,0
10,6,2024-06-07,34999.44,0
10,6,2024-06-14,34822.19,0
10,6,2024-06-21,32956.46,0
10,6,2024-06-28,35506.33,0
10,6,2024-07-05,34356.68,0
10,6,2024-07-12,32139.0,0
10,6,2024-07-19,34088.62,0
10,6,2024-07-26,33176.31,0
10,6,2024-08-02,35271.24,0
10,6,2024-08-09,28928.04,0
10,6,2024-08-16,29916.49,0
10,6,2024-08-23,33394.97,0
10,6,2024-08-30,29574.31,0
10,6,2024-09-06,32443.8,1
10,6,2024-09-13,30218.7,0
10,6,2024-09-20,29931.27,0
10,6,2024-09-27,29406.96,0
10,6,2024-10-04,27256.09,0
10,6,2024-10-11,31368.69,0
10,6,2024-10-18,32560.16,0
10,6,2024-10-25,24897.17,0
10,6,2024-11-01,25744.66,0
10,6,2024-11-08,31830.51,0
10,6,2024-11-15,33309.16,0
10,6,2024-11-22,24704.4,0
10,6,2024-11-29,44495.5,1
10,6,2024-12-06,28215.76,0
10,6,2024-12-13,34520.38,0
10,6,2024-12-20,30591.08,0
10,6,2024-12-27,40598.66,1
10,6,2025-01-03,34475.09,0
10,6,2025-01-10,34571.28,0
10,6,2025-01-17,37461.01,0
10,6,2025-01-24,37300.05,0
10,7,2023-02-03,27415.12,0
10,7,2023-02-10,41589.33,1
10,7,2023-02-17,29531.82,0
10,7,2023-02-24,26439.39,0
10,7,2023-03-03,25572.28,0
10,7,2023-03-10,26112.01,0
10,7,2023-03-17,27652.72,0
10,7,2023-03-24,33542.46,0
10,7,2023-03-31,31695.13,0
10,7,2023-04-07,29250.66,0
10,7,2023-04-14,30634.55,0
10,7,2023-04-21,30495.15,0
10,7,2023-04-28,33256.6,0
10,7,2023-05-05,29124.23,0
10,7,2023-05-12,32225.16,0
10,7,2023-05-19,32072.9,0
10,7,2023-05-26,29123.93,0
10,7,2023-06-02,35078.3,0
10,7,2023-06-09,30226.52,0
10,7,2023-06-16,28309.31,0
10,7,2023-06-23,32588.4,0
10,7,2023-06-30,30360.31,0
10,7,2023-07-07,30898.68,0
10,7,2023-07-14,26785.11,0
10,7,2023-07-21,31139.46,0
10,7,2023-07-28,33894.18,0
10,7,2023-08-04,25625.39,0
10,7,2023-08-11,28930.63,0
10,7,2023-08-18,26022.09,0
10,7,2023-08-25,33308.27,0
10,7,2023-09-01,29755.61,0
10,7,2023-09-08,30092.55,1
10,7,2023-09-15,24376.54,0
10,7,2023-09-22,27771.61,0
10,7,2023-09-29,23154.23,0
10,7,2023-10-06,23059.18,0
10,7,2023-10-13,25690.33,0
10,7,2023-10-20,25856.96,0
10,7,2023-10-27,26321.12,0
10,7,2023-11-03,24656.77,0
10,7,2023-11-10,27502.72,0
10,7,2023-11-17,23955.41,0
10,7,2023-11-24,31452.12,1
10,7,2023-12-01,27355.86,0
10,7,2023-12-08,28850.03,0
10,7,2023-12-15,25685.47,0
10,7,2023-12-22,25566.81,0
10,7,2023-12-29,30903.93,1
10,7,2024-01-05,27379.46,0
10,7,2024-01-12,27955.89,0
10,7,2024-01-19,26156.93,0
10,7,2024-01-26,27078.41,0
10,7,2024-02-02,33179.66,0
10,7,2024-02-09,40865.63,1
10,7,2024-02-16,29429.5,0
10,7,2024-02-23,31968.03,0
10,7,2024-03-01,29824.7,0
10,7,2024-03-08,29752.98,0
10,7,2024-03-15,31323.96,0
10,7,2024-03-22,35385.27,0
10,7,2024-03-29,35963.12,0
10,7,2024-04-05,31178.31,0
10,7,2024-04-12,34580.04,0
10,7,2024-04-19,33509.27,0
10,7,2024-04-26,30936.71,0
10,7,2024-05-03,32921.89,0
10,7,2024-05-10,30330.33,0
10,7,2024-05-17,36846.81,0
10,7,2024-05-24,37802.12,0
10,7,2024-05-31,32391.52,0
10,7,2024-06-07,31580.18,0
10,7,2024-06-14,35874.96,0
10,7,2024-06-21,36009.98,0
10,7,2024-06-28,29615.59,0
10,7,2024-07-05,31799.18,0
10,7,2024-07-12,31670.41,0
10,7,2024-07-19,29501.83,0
10,7,2024-07-26,32005.31,0
10,7,2024-08-02,28929.13,0
10,7,2024-08-09,28935.31,0
10,7,2024-08-16,29603.04,0
10,7,2024-08-23,25949.96,0
10,7,2024-08-30,24305.54,0
10,7,2024-09-06,37023.98,1
10,7,2024-09-13,29121.72,0
10,7,2024-09-20,26487.25,0
10,7,2024-09-27,32683.02,0
10,7,2024-10-04,32092.7,0
10,7,2024-10-11,26454.86,0
10,7,2024-10-18,32615.65,0
10,7,2024-10-25,29486.91,0
10,7,2024-11-01,26021.98,0
10,7,2024-11-08,21821.56,0
10,7,2024-11-15,29140.48,0
10,7,2024-11-22,27860.83,0
10,7,2024-11-29,35440.72,1
10,7,2024-12-06,25697.83,0
10,7,2024-12-13,27627.03,0
10,7,2024-12-20,30601.48,0
10,7,2024-12-27,34919.73,1
10,7,2025-01-03,26169.89,0
10,7,2025-01-10,30468.02,0
10,7,2025-01-17,27991.29,0
10,7,2025-01-24,33509.6,0
10,8,2023-02-03,29513.13,0
10,8,2023-02-10,31102.17,1
10,8,2023-02-17,37952.41,0
10,8,2023-02-24,32030.51,0
10,8,2023-03-03,32127.93,0
10,8,2023-03-10,35323.93,0
10,8,2023-03-17,29276.26,0
10,8,2023-03-24,37984.81,0
10,8,2023-03-31,37636.7,0
10,8,2023-04-07,36629.29,0
10,8,2023-04-14,25832.88,0
10,8,2023-04-21,34846.86,0
10,8,2023-04-28,32083.77,0
10,8,2023-05-05,39021.45,0
10,8,2023-05-12,38843.28,0
10,8,2023-05-19,36906.52,0
10,8,2023-05-26,32272.5,0
10,8,2023-06-02,39822.81,0
10,8,2023-06-09,34638.88,0
10,8,2023-06-16,40220.63,0
10,8,2023-06-23,35605.25,0
10,8,2023-06-30,35947.57,0
10,8,2023-07-07,32936.24,0
10,8,2023-07-14,37622.76,0
10,8,2023-07-21,35042.65,0
10,8,2023-07-28,36810.18,0
10,8,2023-08-04,33040.05,0
10,8,2023-08-11,32031.49,0
10,8,2023-08-18,33243.98,0
10,8,2023-08-25,34941.33,0
10,8,2023-09-01,33454.73,0
10,8,2023-09-08,35776.75,1
10,8,2023-09-15,32205.54,0
10,8,2023-09-22,26503.62,0
10,8,2023-09-29,29782.34,0
10,8,2023-10-06,29221.01,0
10,8,2023-10-13,26011.91,0
10,8,2023-10-20,30110.05,0
10,8,2023-10-27,34225.12,0
10,8,2023-11-03,28475.71,0
10,8,2023-11-10,31070.36,0
10,8,2023-11-17,34946.45,0
10,8,2023-11-24,37690.31,1
10,8,2023-12-01,30396.06,0
10,8,2023-12-08,31281.64,0
10,8,2023-12-15,33958.98,0
10,8,2023-12-22,33847.15,0
10,8,2023-12-29,32199.87,1
10,8,2024-01-05,31559.81,0
10,8,2024-01-12,29609.24,0
10,8,2024-01-19,23047.41,0
10,8,2024-01-26,31333.91,0
10,8,2024-02-02,33790.41,0
10,8,2024-02-09,32893.86,1
10,8,2024-02-16,32086.72,0
10,8,2024-02-23,35502.94,0
10,8,2024-03-01,36868.62,0
10,8,2024-03-08,34992.56,0
10,8,2024-03-15,40832.26,0
10,8,2024-03-22,37366.68,0
10,8,2024-03-29,34933.48,0
10,8,2024-04-05,34453.88,0
10,8,2024-04-12,37466.31,0
10,8,2024-04-19,41728.9,0
10,8,2024-04-26,35924.02,0
10,8,2024-05-03,40378.24,0
10,8,2024-05-10,38855.22,0
10,8,2024-05-17,44669.31,0
10,8,2024-05-24,39629.33,0
10,8,2024-05-31,36138.07,0
10,8,2024-06-07,40310.98,0
10,8,2024-06-14,40139.18,0
10,8,2024-06-21,36314.1,0
10,8,2024-06-28,33698.99,0
10,8,2024-07-05,38354.62,0
10,8,2024-07-12,36551.0,0
10,8,2024-07-19,31572.6,0
10,8,2024-07-26,36204.34,0
10,8,2024-08-02,33238.25,0
10,8,2024-08-09,30372.09,0
10,8,2024-08-16,33147.76,0
10,8,2024-08-23,37123.21,0
10,8,2024-08-30,36460.72,0
10,8,2024-09-06,38627.95,1
10,8,2024-09-13,34044.66,0
10,8,2024-09-20,32430.76,0
10,8,2024-09-27,29082.91,0
10,8,2024-10-04,29385.05,0
10,8,2024-10-11,29980.27,0
10,8,2024-10-18,34919.59,0
10,8,2024-10-25,34048.2,0
10,8,2024-11-01,28649.23,0
10,8,2024-11-08,31565.14,0
10,8,2024-11-15,30548.96,0
10,8,2024-11-22,31367.33,0
10,8,2024-11-29,40626.72,1
10,8,2024-12-06,32278.27,0
10,8,2024-12-13,33255.83,0
10,8,2024-12-20,33695.71,0
10,8,2024-12-27,35455.39,1
10,8,2025-01-03,36940.36,0
10,8,2025-01-10,38641.06,0
10,8,2025-01-17,31889.25,0
10,8,2025-01-24,31341.09,0
10,9,2023-02-03,17724.59,0
10,9,2023-02-10,19508.89,1
10,9,2023-02-17,18721.35,0
10,9,2023-02-24,19475.37,0
10,9,2023-03-03,16693.76,0
10,9,2023-03-10,18111.95,0
10,9,2023-03-17,15836.44,0
10,9,2023-03-24,19201.51,0
10,9,2023-03-31,16215.81,0
10,9,2023-04-07,21882.52,0
10,9,2023-04-14,22386.58,0
10,9,2023-04-21,20241.98,0
10,9,2023-04-28,17661.8,0
10,9,2023-05-05,20743.84,0
10,9,2023-05-12,23149.69,0
10,9,2023-05-19,20901.23,0
10,9,2023-05-26,21990.78,0
10,9,2023-06-02,19231.86,0
10,9,2023-06-09,18514.83,0
10,9,2023-06-16,19656.82,0
10,9,2023-06-23,16588.72,0
10,9,2023-06-30,22952.4,0
10,9,2023-07-07,19449.84,0
10,9,2023-07-14,20340.78,0
10,9,2023-07-21,18102.59,0
10,9,2023-07-28,16271.43,0
10,9,2023-08-04,20414.97,0
10,9,2023-08-11,16459.36,0
10,9,2023-08-18,18348.04,0
10,9,2023-08-25,18245.59,0
10,9,2023-09-01,17505.72,0
10,9,2023-09-08,18472.02,1
10,9,2023-09-15,15719.64,0
10,9,2023-09-22,17937.96,0
10,9,2023-09-29,17469.63,0
10,9,2023-10-06,16562.06,0
10,9,2023-10-13,15753.17,0
10,9,2023-10-20,19219.48,0
10,9,2023-10-27,14710.92,0
10,9,2023-11-03,14398.39,0
10,9,2023-11-10,16360.04,0
10,9,2023-11-17,16198.83,0
10,9,2023-11-24,22072.05,1
10,9,2023-12-01,16819.25,0
10,9,2023-12-08,17622.43,0
10,9,2023-12-15,17797.31,0
10,9,2023-12-22,20273.91,0
10,9,2023-12-29,22498.81,1
10,9,2024-01-05,18135.9,0
10,9,2024-01-12,14329.95,0
10,9,2024-01-19,18367.11,0
10,9,2024-01-26,20347.63,0
10,9,2024-02-02,19928.52,0
10,9,2024-02-09,19775.76,1
10,9,2024-02-16,20631.71,0
10,9,2024-02-23,21661.15,0
10,9,2024-03-01,22486.01,0
10,9,2024-03-08,21181.97,0
10,9,2024-03-15,20173.48,0
10,9,2024-03-22,17049.85,0
10,9,2024-03-29,22775.73,0
10,9,2024-04-05,22173.92,0
10,9,2024-04-12,21701.93,0
10,9,2024-04-19,20366.38,0
10,9,2024-04-26,23303.07,0
10,9,2024-05-03,21233.16,0
10,9,2024-05-10,21632.24,0
10,9,2024-05-17,21573.81,0
10,9,2024-05-24,22394.57,0
10,9,2024-05-31,19551.87,0
10,9,2024-06-07,22377.16,0
10,9,2024-06-14,20041.58,0
10,9,2024-06-21,19939.27,0
10,9,2024-06-28,22382.35,0
10,9,2024-07-05,19040.58,0
10,9,2024-07-12,21901.73,0
10,9,2024-07-19,20375.67,0
10,9,2024-07-26,17326.78,0
10,9,2024-08-02,21850.9,0
10,9,2024-08-09,19924.1,0
10,9,2024-08-16,19791.01,0
10,9,2024-08-23,20464.14,0
10,9,2024-08-30,20944.77,0
10,9,2024-09-06,21565.08,1
10,9,2024-09-13,18821.67,0
10,9,2024-09-20,17603.01,0
10,9,2024-09-27,15672.34,0
10,9,2024-10-04,18126.36,0
10,9,2024-10-11,19680.2,0
10,9,2024-10-18,18486.42,0
10,9,2024-10-25,16127.49,0
10,9,2024-11-01,19187.77,0
10,9,2024-11-08,17242.16,0
10,9,2024-11-15,14784.05,0
10,9,2024-11-22,19320.66,0
10,9,2024-11-29,19431.44,1
10,9,2024-12-06,19853.72,0
10,9,2024-12-13,18053.31,0
10,9,2024-12-20,19304.04,0
10,9,2024-12-27,28616.59,1
10,9,2025-01-03,19516.32,0
10,9,2025-01-10,23939.02,0
10,9,2025-01-17,19937.17,0
10,9,2025-01-24,21001.34,0
10,10,2023-02-03,19941.73,0
10,10,2023-02-10,18966.61,1
10,10,2023-02-17,21729.71,0
10,10,2023-02-24,22644.0,0
10,10,2023-03-03,23497.98,0
10,10,2023-03-10,20563.46,0
10,10,2023-03-17,24722.07,0
10,10,2023-03-24,22162.1,0
10,10,2023-03-31,25136.58,0
10,10,2023-04-07,25976.28,0
10,10,2023-04-14,23564.55,0
10,10,2023-04-21,22578.55,0
10,10,2023-04-28,27591.11,0
10,10,2023-05-05,26332.62,0
10,10,2023-05-12,24930.19,0
10,10,2023-05-19,27500.3,0
10,10,2023-05-26,24713.81,0
10,10,2023-06-02,23240.83,0
10,10,2023-06-09,22375.3,0
10,10,2023-06-16,23953.6,0
10,10,2023-06-23,25449.54,0
10,10,2023-06-30,26391.63,0
10,10,2023-07-07,23553.6,0
10,10,2023-07-14,25505.14,0
10,10,2023-07-21,22579.79,0
10,10,2023-07-28,21269.44,0
10,10,2023-08-04,20056.33,0
10,10,2023-08-11,21209.61,0
10,10,2023-08-18,19602.33,0
10,10,2023-08-25,24999.02,0
10,10,2023-09-01,22017.55,0
10,10,2023-09-08,24146.74,1
10,10,2023-09-15,18626.99,0
10,10,2023-09-22,20365.3,0
10,10,2023-09-29,23684.55,0
10,10,2023-10-06,20043.58,0
10,10,2023-10-13,24119.39,0
10,10,2023-10-20,21364.98,0
10,10,2023-10-27,22167.55,0
10,10,2023-11-03,22223.49,0
10,10,2023-11-10,20130.23,0
10,10,2023-11-17,19426.33,0
10,10,2023-11-24,30911.12,1
10,10,2023-12-01,20400.2,0
10,10,2023-12-08,20702.29,0
10,10,2023-12-15,23774.77,0
10,10,2023-12-22,22216.59,0
10,10,2023-12-29,51595.29,1
10,10,2024-01-05,19695.17,0
10,10,2024-01-12,21526.08,0
10,10,2024-01-19,25194.85,0
10,10,2024-01-26,22669.15,0
10,10,2024-02-02,20508.91,0
10,10,2024-02-09,23143.62,1
10,10,2024-02-16,21674.82,0
10,10,2024-02-23,21615.29,0
10,10,2024-03-01,28614.95,0
10,10,2024-03-08,24291.31,0
10,10,2024-03-15,25646.6,0
10,10,2024-03-22,25381.36,0
10,10,2024-03-29,25297.32,0
10,10,2024-04-05,24278.15,0
10,10,2024-04-12,25553.34,0
10,10,2024-04-19,27052.91,0
10,10,2024-04-26,29440.74,0
10,10,2024-05-03,28505.25,0
10,10,2024-05-10,23926.78,0
10,10,2024-05-17,28581.26,0
10,10,2024-05-24,27425.22,0
10,10,2024-05-31,24999.66,0
10,10,2024-06-07,26553.29,0
10,10,2024-06-14,27184.49,0
10,10,2024-06-21,25881.95,0
10,10,2024-06-28,26528.49,0
10,10,2024-07-05,23538.99,0
10,10,2024-07-12,28987.72,0
10,10,2024-07-19,20890.49,0
10,10,2024-07-26,25521.47,0
10,10,2024-08-02,24784.8,0
10,10,2024-08-09,24984.1,0
10,10,2024-08-16,22120.76,0
10,10,2024-08-23,25311.63,0
10,10,2024-08-30,22660.21,0
10,10,2024-09-06,22106.84,1
10,10,2024-09-13,22563.74,0
10,10,2024-09-20,19296.17,0
10,10,2024-09-27,25092.83,0
10,10,2024-10-04,23607.6,0
10,10,2024-10-11,24829.84,0
10,10,2024-10-18,24559.96,0
10,10,2024-10-25,20945.03,0
10,10,2024-11-01,20059.48,0
10,10,2024-11-08,16979.67,0
10,10,2024-11-15,20996.11,0
10,10,2024-11-22,24920.36,0
10,10,2024-11-29,31276.16,1
10,10,2024-12-06,21238.9,0
10,10,2024-12-13,23148.97,0
10,10,2024-12-20,25098.96,0
10,10,2024-12-27,40934.3,1
10,10,2025-01-03,26191.04,0
10,10,2025-01-10,25159.51,0
10,10,2025-01-17,23639.64,0
10,10,2025-01-24,27876.23,0
11,1,2023-02-03,78057.53,0
11,1,2023-02-10,117307.9,1
11,1,2023-02-17,94800.6,0
11,1,2023-02-24,74241.56,0
11,1,2023-03-03,91127.22,0
11,1,2023-03-10,99860.36,0
11,1,2023-03-17,94967.21,0
11,1,2023-03-24,106190.9,0
11,1,2023-03-31,106959.54,0
11,1,2023-04-07,90711.94,0
11,1,2023-04-14,105441.06,0
11,1,2023-04-21,91552.82,0
11,1,2023-04-28,100261.63,0
11,1,2023-05-05,105307.44,0
11,1,2023-05-12,93433.86,0
11,1,2023-05-19,106335.27,0
11,1,2023-05-26,95762.77,0
11,1,2023-06-02,94791.05,0
11,1,2023-06-09,104469.84,0
11,1,2023-06-16,91650.28,0
11,1,2023-06-23,90524.52,0
11,1,2023-06-30,104590.0,0
11,1,2023-07-07,96396.09,0
11,1,2023-07-14,83513.08,0
11,1,2023-07-21,99780.69,0
11,1,2023-07-28,89227.55,0
11,1,2023-08-04,80825.11,0
11,1,2023-08-11,71832.72,0
11,1,2023-08-18,95094.25,0
11,1,2023-08-25,81524.68,0
11,1,2023-09-01,77859.45,0
11,1,2023-09-08,106005.73,1
11,1,2023-09-15,79202.67,0
11,1,2023-09-22,89815.05,0
11,1,2023-09-29,96644.87,0
11,1,2023-10-06,91307.55,0
11,1,2023-10-13,89808.51,0
11,1,2023-10-20,83767.04,0
11,1,2023-10-27,78691.59,0
11,1,2023-11-03,81257.45,0
11,1,2023-11-10,84704.21,0
11,1,2023-11-17,73910.87,0
11,1,2023-11-24,105514.89,1
11,1,2023-12-01,84935.73,0
11,1,2023-12-08,84744.27,0
11,1,2023-12-15,80693.64,0
11,1,2023-12-22,91878.19,0
11,1,2023-12-29,98595.9,1
11,1,2024-01-05,94235.61,0
11,1,2024-01-12,96756.55,0
11,1,2024-01-19,85669.07,0
11,1,2024-01-26,94691.31,0
11,1,2024-02-02,88576.04,0
11,1,2024-02-09,116015.13,1
11,1,2024-02-16,101812.95,0
11,1,2024-02-23,101404.42,0
11,1,2024-03-01,102475.82,0
11,1,2024-03-08,92836.38,0
11,1,2024-03-15,106023.66,0
11,1,2024-03-22,108531.4,0
11,1,2024-03-29,110729.66,0
11,1,2024-04-05,99716.62,0
11,1,2024-04-12,114324.46,0
11,1,2024-04-19,95797.56,0
11,1,2024-04-26,103774.99,0
11,1,2024-05-03,105336.45,0
11,1,2024-05-10,96889.17,0
11,1,2024-05-17,105164.68,0
11,1,2024-05-24,109302.13,0
11,1,2024-05-31,91346.02,0
11,1,2024-06-07,103030.55,0
11,1,2024-06-14,90887.77,0
11,1,2024-06-21,121935.04,0
11,1,2024-06-28,105614.4,0
11,1,2024-07-05,103816.81,0
11,1,2024-07-12,103519.66,0
11,1,2024-07-19,105275.74,0
11,1,2024-07-26,106920.88,0
11,1,2024-08-02,85635.75,0
11,1,2024-08-09,106716.92,0
11,1,2024-08-16,104823.81,0
11,1,2024-08-23,93591.99,0
11,1,2024-08-30,92034.35,0
11,1,2024-09-06,77279.8,1
11,1,2024-09-13,94585.64,0
11,1,2024-09-20,98561.9,0
11,1,2024-09-27,94358.86,0
11,1,2024-10-04,87999.75,0
11,1,2024-10-11,101631.52,0
11,1,2024-10-18,94808.57,0
11,1,2024-10-25,84848.22,0
11,1,2024-11-01,102935.77,0
11,1,2024-11-08,80137.0,0
11,1,2024-11-15,77829.32,0
11,1,2024-11-22,85773.42,0
11,1,2024-11-29,102537.7,1
11,1,2024-12-06,96113.06,0
11,1,2024-12-13,91111.94,0
11,1,2024-12-20,92448.38,0
11,1,2024-12-27,125360.62,1
11,1,2025-01-03,83616.61,0
11,1,2025-01-10,93630.39,0
11,1,2025-01-17,91514.49,0
11,1,2025-01-24,97852.8,0
11,2,2023-02-03,60647.79,0
11,2,2023-02-10,55064.87,1
11,2,2023-02-17,50306.72,0
11,2,2023-02-24,53476.26,0
11,2,2023-03-03,65833.79,0
11,2,2023-03-10,65870.45,0
11,2,2023-03-17,62222.82,0
11,2,2023-03-24,52538.97,0
11,2,2023-03-31,62114.73,0
11,2,2023-04-07,63007.26,0
11,2,2023-04-14,61676.17,0
11,2,2023-04-21,59058.5,0
11,2,2023-04-28,60314.56,0
11,2,2023-05-05,59070.63,0
11,2,2023-05-12,56592.63,0
11,2,2023-05-19,69047.69,0
11,2,2023-05-26,66479.24,0
11,2,2023-06-02,60444.67,0
11,2,2023-06-09,63258.73,0
11,2,2023-06-16,63019.31,0
11,2,2023-06-23,71991.2,0
11,2,2023-06-30,64268.0,0
11,2,2023-07-07,63434.43,0
11,2,2023-07-14,58983.06,0
11,2,2023-07-21,56088.69,0
11,2,2023-07-28,63733.89,0
11,2,2023-08-04,59605.67,0
11,2,2023-08-11,52200.36,0
11,2,2023-08-18,57185.21,0
11,2,2023-08-25,58123.17,0
11,2,2023-09-01,44778.98,0
11,2,2023-09-08,52836.5,1
11,2,2023-09-15,44496.26,0
11,2,2023-09-22,44723.59,0
11,2,2023-09-29,50527.22,0
11,2,2023-10-06,53304.99,0
11,2,2023-10-13,53214.48,0
11,2,2023-10-20,57280.43,0
11,2,2023-10-27,51099.81,0
11,2,2023-11-03,49273.18,0
11,2,2023-11-10,45585.2,0
11,2,2023-11-17,49559.64,0
11,2,2023-11-24,113178.63,1
11,2,2023-12-01,52971.04,0
11,2,2023-12-08,54674.43,0
11,2,2023-12-15,58384.96,0
11,2,2023-12-22,53970.3,0
11,2,2023-12-29,108120.55,1
11,2,2024-01-05,54865.76,0
11,2,2024-01-12,53884.34,0
11,2,2024-01-19,60539.45,0
11,2,2024-01-26,53150.59,0
11,2,2024-02-02,57263.03,0
11,2,2024-02-09,50825.95,1
11,2,2024-02-16,63515.25,0
11,2,2024-02-23,67670.35,0
11,2,2024-03-01,66945.32,0
11,2,2024-03-08,67329.33,0
11,2,2024-03-15,68279.41,0
11,2,2024-03-22,68299.7,0
11,2,2024-03-29,68509.07,0
11,2,2024-04-05,69411.22,0
11,2,2024-04-12,62803.68,0
11,2,2024-04-19,65561.53,0
11,2,2024-04-26,67251.83,0
11,2,2024-05-03,65219.99,0
11,2,2024-05-10,58656.25,0
11,2,2024-05-17,60374.83,0
11,2,2024-05-24,68055.63,0
11,2,2024-05-31,71382.32,0
11,2,2024-06-07,66247.58,0
11,2,2024-06-14,80291.52,0
11,2,2024-06-21,60420.06,0
11,2,2024-06-28,66917.25,0
11,2,2024-07-05,70559.49,0
11,2,2024-07-12,68629.48,0
11,2,2024-07-19,65757.57,0
11,2,2024-07-26,66983.15,0
11,2,2024-08-02,61172.29,0
11,2,2024-08-09,68097.5,0
11,2,2024-08-16,65400.85,0
11,2,2024-08-23,54554.21,0
11,2,2024-08-30,59302.28,0
11,2,2024-09-06,55315.56,1
11,2,2024-09-13,57521.43,0
11,2,2024-09-20,61990.58,0
11,2,2024-09-27,54992.11,0
11,2,2024-10-04,46908.28,0
11,2,2024-10-11,66356.3,0
11,2,2024-10-18,55173.9,0
11,2,2024-10-25,50150.04,0
11,2,2024-11-01,59527.98,0
11,2,2024-11-08,63557.73,0
11,2,2024-11-15,54001.36,0
11,2,2024-11-22,54792.27,0
11,2,2024-11-29,112932.81,1
11,2,2024-12-06,53108.49,0
11,2,2024-12-13,64950.09,0
11,2,2024-12-20,56952.84,0
11,2,2024-12-27,83241.2,1
11,2,2025-01-03,64286.32,0
11,2,2025-01-10,50609.87,0
11,2,2025-01-17,62303.79,0
11,2,2025-01-24,74256.33,0
11,3,2023-02-03,49800.45,0
11,3,2023-02-10,45520.35,1
11,3,2023-02-17,48857.28,0
11,3,2023-02-24,49553.88,0
11,3,2023-03-03,45041.95,0
11,3,2023-03-10,49514.0,0
11,3,2023-03-17,53341.95,0
11,3,2023-03-24,42408.06,0
11,3,2023-03-31,49832.76,0
11,3,2023-04-07,49420.32,0
11,3,2023-04-14,48760.16,0
11,3,2023-04-21,48677.15,0
11,3,2023-04-28,49710.44,0
11,3,2023-05-05,50150.95,0
11,3,2023-05-12,53330.2,0
11,3,2023-05-19,50771.62,0
11,3,2023-05-26,48095.56,0
11,3,2023-06-02,45334.43,0
11,3,2023-06-09,46514.23,0
11,3,2023-06-16,49021.41,0
11,3,2023-06-23,44945.3,0
11,3,2023-06-30,50773.1,0
11,3,2023-07-07,48328.64,0
11,3,2023-07-14,50430.24,0
11,3,2023-07-21,43323.13,0
11,3,2023-07-28,42091.26,0
11,3,2023-08-04,48555.7,0
11,3,2023-08-11,44386.62,0
11,3,2023-08-18,42654.53,0
11,3,2023-08-25,45193.2,0
11,3,2023-09-01,44507.7,0
11,3,2023-09-08,42154.37,1
11,3,2023-09-15,39966.62,0
11,3,2023-09-22,46487.25,0
11,3,2023-09-29,36248.93,0
11,3,2023-10-06,41321.08,0
11,3,2023-10-13,39491.46,0
11,3,2023-10-20,33636.18,0
11,3,2023-10-27,41987.68,0
11,3,2023-11-03,33762.41,0
11,3,2023-11-10,39067.21,0
11,3,2023-11-17,43725.16,0
11,3,2023-11-24,74877.11,1
11,3,2023-12-01,43366.92,0
11,3,2023-12-08,40335.52,0
11,3,2023-12-15,40274.87,0
11,3,2023-12-22,46450.83,0
11,3,2023-12-29,76400.03,1
11,3,2024-01-05,46368.81,0
11,3,2024-01-12,39691.88,0
11,3,2024-01-19,51083.0,0
11,3,2024-01-26,44661.37,0
11,3,2024-02-02,49412.07,0
11,3,2024-02-09,50188.69,1
11,3,2024-02-16,47059.18,0
11,3,2024-02-23,46494.53,0
11,3,2024-03-01,48859.37,0
11,3,2024-03-08,52504.46,0
11,3,2024-03-15,46305.05,0
11,3,2024-03-22,45927.5,0
11,3,2024-03-29,57398.71,0
11,3,2024-04-05,48686.89,0
11,3,2024-04-12,53552.63,0
11,3,2024-04-19,51504.21,0
11,3,2024-04-26,51881.83,0
11,3,2024-05-03,58684.27,0
11,3,2024-05-10,52330.27,0
11,3,2024-05-17,51135.43,0
11,3,2024-05-24,51373.32,0
11,3,2024-05-31,50190.26,0
11,3,2024-06-07,49224.54,0
11,3,2024-06-14,49595.68,0
11,3,2024-06-21,58061.74,0
11,3,2024-06-28,53660.46,0
11,3,2024-07-05,48861.39,0
11,3,2024-07-12,53589.18,0
11,3,2024-07-19,42860.16,0
11,3,2024-07-26,53814.15,0
11,3,2024-08-02,52809.94,0
11,3,2024-08-09,55671.59,0
11,3,2024-08-16,50373.78,0
11,3,2024-08-23,47609.27,0
11,3,2024-08-30,50118.16,0
11,3,2024-09-06,45422.64,1
11,3,2024-09-13,44170.77,0
11,3,2024-09-20,48777.61,0
11,3,2024-09-27,40604.85,0
11,3,2024-10-04,39952.91,0
11,3,2024-10-11,43868.0,0
11,3,2024-10-18,45363.64,0
11,3,2024-10-25,40421.7,0
11,3,2024-11-01,45142.7,0
11,3,2024-11-08,47645.15,0
11,3,2024-11-15,47269.99,0
11,3,2024-11-22,44622.11,0
11,3,2024-11-29,68308.65,1
11,3,2024-12-06,44223.0,0
11,3,2024-12-13,48025.11,0
11,3,2024-12-20,52312.38,0
11,3,2024-12-27,96478.03,1
11,3,2025-01-03,41907.24,0
11,3,2025-01-10,46106.16,0
11,3,2025-01-17,50698.71,0
11,3,2025-01-24,50477.4,0
11,4,2023-02-03,41239.39,0
11,4,2023-02-10,36850.36,1
11,4,2023-02-17,35218.01,0
11,4,2023-02-24,33378.47,0
11,4,2023-03-03,40742.87,0
11,4,2023-03-10,37702.45,0
11,4,2023-03-17,33579.93,0
11,4,2023-03-24,38668.74,0
11,4,2023-03-31,35869.64,0
11,4,2023-04-07,37960.23,0
11,4,2023-04-14,39587.72,0
11,4,2023-04-21,36899.54,0
11,4,2023-04-28,38374.35,0
11,4,2023-05-05,37639.69,0
11,4,2023-05-12,37751.59,0
11,4,2023-05-19,36788.12,0
11,4,2023-05-26,38377.25,0
11,4,2023-06-02,36917.55,0
11,4,2023-06-09,41408.02,0
11,4,2023-06-16,39918.7,0
11,4,2023-06-23,42700.07,0
11,4,2023-06-30,44448.35,0
11,4,2023-07-07,40297.79,0
11,4,2023-07-14,39162.47,0
11,4,2023-07-21,39567.7,0
11,4,2023-07-28,38268.05,0
11,4,2023-08-04,36563.85,0
11,4,2023-08-11,35858.33,0
11,4,2023-08-18,32574.48,0
11,4,2023-08-25,37369.19,0
11,4,2023-09-01,34498.69,0
11,4,2023-09-08,45357.69,1
11,4,2023-09-15,32116.95,0
11,4,2023-09-22,36820.78,0
11,4,2023-09-29,26398.77,0
11,4,2023-10-06,38062.27,0
11,4,2023-10-13,29286.35,0
11,4,2023-10-20,33980.06,0
11,4,2023-10-27,33751.0,0
11,4,2023-11-03,35584.01,0
11,4,2023-11-10,31867.13,0
11,4,2023-11-17,27229.16,0
11,4,2023-11-24,39187.98,1
11,4,2023-12-01,27880.14,0
11,4,2023-12-08,33796.2,0
11,4,2023-12-15,31124.62,0
11,4,2023-12-22,36278.35,0
11,4,2023-12-29,44512.55,1
11,4,2024-01-05,34751.75,0
11,4,2024-01-12,37266.13,0
11,4,2024-01-19,35973.52,0
11,4,2024-01-26,32357.16,0
11,4,2024-02-02,37165.77,0
11,4,2024-02-09,40697.98,1
11,4,2024-02-16,40854.97,0
11,4,2024-02-23,38628.78,0
11,4,2024-03-01,35438.85,0
11,4,2024-03-08,42736.38,0
11,4,2024-03-15,42512.16,0
11,4,2024-03-22,44385.0,0
11,4,2024-03-29,41057.71,0
11,4,2024-04-05,36619.82,0
11,4,2024-04-12,44428.25,0
11,4,2024-04-19,42801.35,0
11,4,2024-04-26,47778.2,0
11,4,2024-05-03,43183.26,0
11,4,2024-05-10,42952.6,0
11,4,2024-05-17,44505.1,0
11,4,2024-05-24,40908.15,0
11,4,2024-05-31,40579.79,0
11,4,2024-06-07,42222.65,0
11,4,2024-06-14,39154.86,0
11,4,2024-06-21,41158.04,0
11,4,2024-06-28,47985.11,0
11,4,2024-07-05,44542.12,0
11,4,2024-07-12,41654.92,0
11,4,2024-07-19,45153.91,0
11,4,2024-07-26,37046.98,0
11,4,2024-08-02,46951.91,0
11,4,2024-08-09,37213.66,0
11,4,2024-08-16,44241.63,0
11,4,2024-08-23,43656.61,0
11,4,2024-08-30,31953.81,0
11,4,2024-09-06,43487.98,1
11,4,2024-09-13,34675.84,0
11,4,2024-09-20,37479.57,0
11,4,2024-09-27,32788.37,0
11,4,2024-10-04,36836.65,0
11,4,2024-10-11,32574.24,0
11,4,2024-10-18,35598.08,0
11,4,2024-10-25,38787.01,0
11,4,2024-11-01,36138.77,0
11,4,2024-11-08,34124.66,0
11,4,2024-11-15,36815.0,0
11,4,2024-11-22,31510.47,0
11,4,2024-11-29,38840.68,1
11,4,2024-12-06,38412.73,0
11,4,2024-12-13,37730.48,0
11,4,2024-12-20,38588.17,0
11,4,2024-12-27,45104.0,1
11,4,2025-01-03,42591.41,0
11,4,2025-01-10,36486.13,0
11,4,2025-01-17,40568.65,0
11,4,2025-01-24,39522.96,0
11,5,2023-02-03,24419.52,0
11,5,2023-02-10,22590.66,1
11,5,2023-02-17,26140.67,0
11,5,2023-02-24,27169.27,0
11,5,2023-03-03,26786.44,0
11,5,2023-03-10,25464.27,0
11,5,2023-03-17,24567.51,0
11,5,2023-03-24,31543.12,0
11,5,2023-03-31,23921.65,0
11,5,2023-04-07,28045.9,0
11,5,2023-04-14,27081.02,0
11,5,2023-04-21,26387.45,0
11,5,2023-04-28,27015.74,0
11,5,2023-05-05,25592.4,0
11,5,2023-05-12,27612.03,0
11,5,2023-05-19,27352.81,0
11,5,2023-05-26,32313.4,0
11,5,2023-06-02,28780.04,0
11,5,2023-06-09,27456.21,0
11,5,2023-06-16,27397.71,0
11,5,2023-06-23,29807.09,0
11,5,2023-06-30,23747.42,0
11,5,2023-07-07,25111.76,0
11,5,2023-07-14,21356.8,0
11,5,2023-07-21,26016.74,0
11,5,2023-07-28,26262.81,0
11,5,2023-08-04,22344.67,0
11,5,2023-08-11,26712.73,0
11,5,2023-08-18,22289.18,0
11,5,2023-08-25,22706.35,0
11,5,2023-09-01,23277.4,0
11,5,2023-09-08,28745.67,1
11,5,2023-09-15,23065.2,0
11,5,2023-09-22,23704.61,0
11,5,2023-09-29,23140.0,0
11,5,2023-10-06,23045.21,0
11,5,2023-10-13,23197.54,0
11,5,2023-10-20,20823.28,0
11,5,2023-10-27,24694.38,0
11,5,2023-11-03,21572.43,0
11,5,2023-11-10,21392.85,0
11,5,2023-11-17,24276.71,0
11,5,2023-11-24,39575.69,1
11,5,2023-12-01,20945.69,0
11,5,2023-12-08,26973.72,0
11,5,2023-12-15,26897.05,0
11,5,2023-12-22,22788.91,0
11,5,2023-12-29,49208.31,1
11,5,2024-01-05,23725.92,0
11,5,2024-01-12,23347.36,0
11,5,2024-01-19,24631.73,0
11,5,2024-01-26,24710.29,0
11,5,2024-02-02,22125.3,0
11,5,2024-02-09,26128.08,1
11,5,2024-02-16,25897.3,0
11,5,2024-02-23,27029.87,0
11,5,2024-03-01,26576.64,0
11,5,2024-03-08,26312.99,0
11,5,2024-03-15,29340.5,0
11,5,2024-03-22,28901.94,0
11,5,2024-03-29,31111.02,0
11,5,2024-04-05,29331.92,0
11,5,2024-04-12,27956.83,0
11,5,2024-04-19,29964.07,0
11,5,2024-04-26,24119.82,0
11,5,2024-05-03,33556.7,0
11,5,2024-05-10,29370.45,0
11,5,2024-05-17,33729.21,0
11,5,2024-05-24,26647.95,0
11,5,2024-05-31,25974.91,0
11,5,2024-06-07,29200.93,0
11,5,2024-06-14,28995.31,0
11,5,2024-06-21,28707.31,0
11,5,2024-06-28,28104.77,0
11,5,2024-07-05,26031.31,0
11,5,2024-07-12,23881.57,0
11,5,2024-07-19,27385.07,0
11,5,2024-07-26,23729.76,0
11,5,2024-08-02,23225.73,0
11,5,2024-08-09,24973.69,0
11,5,2024-08-16,26295.32,0
11,5,2024-08-23,29081.04,0
11,5,2024-08-30,26718.96,0
11,5,2024-09-06,32562.42,1
11,5,2024-09-13,24928.36,0
11,5,2024-09-20,28787.01,0
11,5,2024-09-27,21259.87,0
11,5,2024-10-04,22829.11,0
11,5,2024-10-11,22853.92,0
11,5,2024-10-18,25073.33,0
11,5,2024-10-25,21532.93,0
11,5,2024-11-01,24797.18,0
11,5,2024-11-08,24510.21,0
11,5,2024-11-15,25055.1,0
11,5,2024-11-22,25176.18,0
11,5,2024-11-29,46272.49,1
11,5,2024-12-06,25113.75,0
11,5,2024-12-13,22927.2,0
11,5,2024-12-20,22765.21,0
11,5,2024-12-27,52592.26,1
11,5,2025-01-03,26675.36,0
11,5,2025-01-10,26856.69,0
11,5,2025-01-17,28628.32,0
11,5,2025-01-24,23060.15,0
11,6,2023-02-03,31291.34,0
11,6,2023-02-10,29538.01,1
11,6,2023-02-17,28691.41,0
11,6,2023-02-24,29975.02,0
11,6,2023-03-03,33595.84,0
11,6,2023-03-10,33272.81,0
11,6,2023-03-17,31491.32,0
11,6,2023-03-24,29235.36,0
11,6,2023-03-31,29702.2,0
11,6,2023-04-07,34721.5,0
11,6,2023-04-14,29602.91,0
11,6,2023-04-21,32836.81,0
11,6,2023-04-28,40414.14,0
11,6,2023-05-05,34578.01,0
11,6,2023-05-12,35356.61,0
11,6,2023-05-19,30515.34,0
11,6,2023-05-26,29999.63,0
11,6,2023-06-02,35246.05,0
11,6,2023-06-09,32215.48,0
11,6,2023-06-16,35813.57,0
11,6,2023-06-23,32851.04,0
11,6,2023-06-30,41339.03,0
11,6,2023-07-07,30651.7,0
11,6,2023-07-14,32483.03,0
11,6,2023-07-21,29151.68,0
11,6,2023-07-28,33526.75,0
11,6,2023-08-04,31660.27,0
11,6,2023-08-11,27888.65,0
11,6,2023-08-18,29047.71,0
11,6,2023-08-25,32618.6,0
11,6,2023-09-01,31937.68,0
11,6,2023-09-08,29787.58,1
11,6,2023-09-15,32505.85,0
11,6,2023-09-22,27751.3,0
11,6,2023-09-29,28294.09,0
11,6,2023-10-06,29952.87,0
11,6,2023-10-13,24637.68,0
11,6,2023-10-20,25408.13,0
11,6,2023-10-27,26709.22,0
11,6,2023-11-03,30047.1,0
11,6,2023-11-10,29716.26,0
11,6,2023-11-17,29189.13,0
11,6,2023-11-24,34791.75,1
11,6,2023-12-01,27672.02,0
11,6,2023-12-08,29583.63,0
11,6,2023-12-15,30677.49,0
11,6,2023-12-22,32870.79,0
11,6,2023-12-29,39404.83,1
11,6,2024-01-05,32865.44,0
11,6,2024-01-12,33556.4,0
11,6,2024-01-19,29416.03,0
11,6,2024-01-26,28496.96,0
11,6,2024-02-02,34809.75,0
11,6,2024-02-09,28041.81,1
11,6,2024-02-16,28342.6,0
11,6,2024-02-23,32520.22,0
11,6,2024-03-01,33702.05,0
11,6,2024-03-08,30995.71,0
11,6,2024-03-15,34884.9,0
11,6,2024-03-22,35388.24,0
11,6,2024-03-29,33637.48,0
11,6,2024-04-05,41006.48,0
11,6,2024-04-12,36728.13,0
11,6,2024-04-19,38916.32,0
11,6,2024-04-26,31652.76,0
11,6,2024-05-03,31696.08,0
11,6,2024-05-10,37246.71,0
11,6,2024-05-17,41215.18,0
11,6,2024-05-24,32907.29,0
11,6,2024-05-31,36065.75,0
11,6,2024-06-07,31959.23,0
11,6,2024-06-14,33197.64,0
11,6,2024-06-21,35478.48,0
11,6,2024-06-28,33252.15,0
11,6,2024-07-05,30682.47,0
11,6,2024-07-12,30278.65,0
11,6,2024-07-19,28422.66,0
11,6,2024-07-26,34313.99,0
11,6,2024-08-02,34186.03,0
11,6,2024-08-09,33723.85,0
11,6,2024-08-16,29463.35,0
11,6,2024-08-23,33887.84,0
11,6,2024-08-30,32723.55,0
11,6,2024-09-06,32766.98,1
11,6,2024-09-13,28700.02,0
11,6,2024-09-20,30435.7,0
11,6,2024-09-27,33565.24,0
11,6,2024-10-04,32198.44,0
11,6,2024-10-11,28752.85,0
11,6,2024-10-18,30511.1,0
11,6,2024-10-25,26629.62,0
11,6,2024-11-01,30918.51,0
11,6,2024-11-08,27333.79,0
11,6,2024-11-15,31029.31,0
11,6,2024-11-22,36615.8,0
11,6,2024-11-29,39804.93,1
11,6,2024-12-06,31296.97,0
11,6,2024-12-13,28627.14,0
11,6,2024-12-20,28874.26,0
11,6,2024-12-27,50009.16,1
11,6,2025-01-03,30280.43,0
11,6,2025-01-10,31678.62,0
11,6,2025-01-17,33837.93,0
11,6,2025-01-24,33210.67,0
11,7,2023-02-03,28015.97,0
11,7,2023-02-10,38628.16,1
11,7,2023-02-17,29579.23,0
11,7,2023-02-24,28383.05,0
11,7,2023-03-03,27798.6,0
11,7,2023-03-10,31854.82,0
11,7,2023-03-17,26223.95,0
11,7,2023-03-24,24338.58,0
11,7,2023-03-31,30857.85,0
11,7,2023-04-07,30227.52,0
11,7,2023-04-14,27444.47,0
11,7,2023-04-21,26706.17,0
11,7,2023-04-28,35855.27,0
11,7,2023-05-05,32281.41,0
11,7,2023-05-12,31198.78,0
11,7,2023-05-19,36588.55,0
11,7,2023-05-26,33586.73,0
11,7,2023-06-02,35304.82,0
11,7,2023-06-09,27858.77,0
11,7,2023-06-16,27581.02,0
11,7,2023-06-23,31810.33,0
11,7,2023-06-30,31033.27,0
11,7,2023-07-07,32704.05,0
11,7,2023-07-14,25566.29,0
11,7,2023-07-21,30689.48,0
11,7,2023-07-28,30963.82,0
11,7,2023-08-04,30446.15,0
11,7,2023-08-11,27045.85,0
11,7,2023-08-18,28735.52,0
11,7,2023-08-25,25546.84,0
11,7,2023-09-01,26269.25,0
11,7,2023-09-08,26224.55,1
11,7,2023-09-15,25789.77,0
11,7,2023-09-22,25018.4,0
11,7,2023-09-29,24254.82,0
11,7,2023-10-06,22977.92,0
11,7,2023-10-13,29511.9,0
11,7,2023-10-20,24403.97,0
11,7,2023-10-27,26052.89,0
11,7,2023-11-03,21820.29,0
11,7,2023-11-10,28219.6,0
11,7,2023-11-17,25908.4,0
11,7,2023-11-24,28678.68,1
11,7,2023-12-01,27740.41,0
11,7,2023-12-08,20003.33,0
11,7,2023-12-15,24741.31,0
11,7,2023-12-22,26568.08,0
11,7,2023-12-29,34232.4,1
11,7,2024-01-05,26849.41,0
11,7,2024-01-12,30239.7,0
11,7,2024-01-19,32590.05,0
11,7,2024-01-26,30474.29,0
11,7,2024-02-02,27803.83,0
11,7,2024-02-09,31901.48,1
11,7,2024-02-16,34305.75,0
11,7,2024-02-23,32110.22,0
11,7,2024-03-01,34278.21,0
11,7,2024-03-08,38164.17,0
11,7,2024-03-15,34134.52,0
11,7,2024-03-22,29492.1,0
11,7,2024-03-29,32783.12,0
11,7,2024-04-05,36526.1,0
11,7,2024-04-12,32480.63,0
11,7,2024-04-19,37327.23,0
11,7,2024-04-26,33258.95,0
11,7,2024-05-03,34406.27,0
11,7,2024-05-10,32588.72,0
11,7,2024-05-17,33924.45,0
11,7,2024-05-24,33980.96,0
11,7,2024-05-31,28997.11,0
11,7,2024-06-07,31929.75,0
11,7,2024-06-14,29631.13,0
11,7,2024-06-21,31547.42,0
11,7,2024-06-28,30253.34,0
11,7,2024-07-05,34565.05,0
11,7,2024-07-12,34207.8,0
11,7,2024-07-19,32641.92,0
11,7,2024-07-26,27721.6,0
11,7,2024-08-02,30212.13,0
11,7,2024-08-09,26812.28,0
11,7,2024-08-16,29306.69,0
11,7,2024-08-23,30789.03,0
11,7,2024-08-30,31201.82,0
11,7,2024-09-06,33543.77,1
11,7,2024-09-13,28841.01,0
11,7,2024-09-20,27453.83,0
11,7,2024-09-27,29677.47,0
11,7,2024-10-04,29542.02,0
11,7,2024-10-11,26248.68,0
11,7,2024-10-18,28128.36,0
11,7,2024-10-25,26614.21,0
11,7,2024-11-01,22883.74,0
11,7,2024-11-08,28290.17,0
11,7,2024-11-15,24602.89,0
11,7,2024-11-22,28340.51,0
11,7,2024-11-29,33833.58,1
11,7,2024-12-06,27132.29,0
11,7,2024-12-13,31155.75,0
11,7,2024-12-20,27552.42,0
11,7,2024-12-27,35258.92,1
11,7,2025-01-03,29088.66,0
11,7,2025-01-10,31956.81,0
11,7,2025-01-17,28058.53,0
11,7,2025-01-24,31541.49,0
11,8,2023-02-03,37311.47,0
11,8,2023-02-10,31048.24,1
11,8,2023-02-17,32627.22,0
11,8,2023-02-24,28292.33,0
11,8,2023-03-03,30832.87,0
11,8,2023-03-10,34762.69,0
11,8,2023-03-17,33042.38,0
11,8,2023-03-24,35997.66,0
11,8,2023-03-31,35821.54,0
11,8,2023-04-07,31248.59,0
11,8,2023-04-14,38028.46,0
11,8,2023-04-21,31844.85,0
11,8,2023-04-28,33323.11,0
11,8,2023-05-05,36228.41,0
11,8,2023-05-12,40062.66,0
11,8,2023-05-19,32712.35,0
11,8,2023-05-26,35902.76,0
11,8,2023-06-02,35786.66,0
11,8,2023-06-09,37006.2,0
11,8,2023-06-16,38230.22,0
11,8,2023-06-23,33524.49,0
11,8,2023-06-30,37107.07,0
11,8,2023-07-07,37595.32,0
11,8,2023-07-14,38398.14,0
11,8,2023-07-21,34537.97,0
11,8,2023-07-28,33205.03,0
11,8,2023-08-04,31142.17,0
11,8,2023-08-11,28219.97,0
11,8,2023-08-18,30831.18,0
11,8,2023-08-25,31407.7,0
11,8,2023-09-01,30473.18,0
11,8,2023-09-08,38119.32,1
11,8,2023-09-15,29615.84,0
11,8,2023-09-22,34510.69,0
11,8,2023-09-29,31861.74,0
11,8,2023-10-06,30752.24,0
11,8,2023-10-13,30065.18,0
11,8,2023-10-20,28204.34,0
11,8,2023-10-27,24938.27,0
11,8,2023-11-03,30082.61,0
11,8,2023-11-10,23393.07,0
11,8,2023-11-17,28457.87,0
11,8,2023-11-24,40468.67,1
11,8,2023-12-01,34790.74,0
11,8,2023-12-08,34300.98,0
11,8,2023-12-15,32772.97,0
11,8,2023-12-22,28386.26,0
11,8,2023-12-29,48436.81,1
11,8,2024-01-05,29160.21,0
11,8,2024-01-12,32106.68,0
11,8,2024-01-19,35025.64,0
11,8,2024-01-26,31470.77,0
11,8,2024-02-02,33963.88,0
11,8,2024-02-09,34983.34,1
11,8,2024-02-16,31595.66,0
11,8,2024-02-23,34401.88,0
11,8,2024-03-01,32731.48,0
11,8,2024-03-08,38635.86,0
11,8,2024-03-15,33905.62,0
11,8,2024-03-22,37822.36,0
11,8,2024-03-29,33164.21,0
11,8,2024-04-05,34209.07,0
11,8,2024-04-12,34293.45,0
11,8,2024-04-19,37191.48,0
11,8,2024-04-26,38766.33,0
11,8,2024-05-03,39414.61,0
11,8,2024-05-10,32886.58,0
11,8,2024-05-17,37765.74,0
11,8,2024-05-24,35893.44,0
11,8,2024-05-31,39659.23,0
11,8,2024-06-07,37017.57,0
11,8,2024-06-14,37327.8,0
11,8,2024-06-21,35046.94,0
11,8,2024-06-28,42018.59,0
11,8,2024-07-05,32792.12,0
11,8,2024-07-12,34980.51,0
11,8,2024-07-19,36011.98,0
11,8,2024-07-26,34548.36,0
11,8,2024-08-02,32674.49,0
11,8,2024-08-09,29366.4,0
11,8,2024-08-16,32017.76,0
11,8,2024-08-23,30887.04,0
11,8,2024-08-30,37475.26,0
11,8,2024-09-06,44138.32,1
11,8,2024-09-13,28661.37,0
11,8,2024-09-20,33861.03,0
11,8,2024-09-27,29213.29,0
11,8,2024-10-04,30096.47,0
11,8,2024-10-11,29736.28,0
11,8,2024-10-18,29951.45,0
11,8,2024-10-25,30265.71,0
11,8,2024-11-01,27885.56,0
11,8,2024-11-08,29477.97,0
11,8,2024-11-15,33925.21,0
11,8,2024-11-22,31475.71,0
11,8,2024-11-29,37949.83,1
11,8,2024-12-06,34558.21,0
11,8,2024-12-13,30702.2,0
11,8,2024-12-20,35849.97,0
11,8,2024-12-27,45436.05,1
11,8,2025-01-03,29290.46,0
11,8,2025-01-10,40326.04,0
11,8,2025-01-17,37133.47,0
11,8,2025-01-24,37897.09,0
11,9,2023-02-03,20075.35,0
11,9,2023-02-10,18124.67,1
11,9,2023-02-17,20039.09,0
11,9,2023-02-24,17650.6,0
11,9,2023-03-03,19711.98,0
11,9,2023-03-10,17909.66,0
11,9,2023-03-17,18320.66,0
11,9,2023-03-24,19449.77,0
11,9,2023-03-31,17511.31,0
11,9,2023-04-07,20167.02,0
11,9,2023-04-14,19290.32,0
11,9,2023-04-21,16727.47,0
11,9,2023-04-28,19235.03,0
11,9,2023-05-05,19458.71,0
11,9,2023-05-12,21391.12,0
11,9,2023-05-19,20463.99,0
11,9,2023-05-26,22270.75,0
11,9,2023-06-02,20709.1,0
11,9,2023-06-09,18899.58,0
11,9,2023-06-16,19552.08,0
11,9,2023-06-23,18944.87,0
11,9,2023-06-30,20063.46,0
11,9,2023-07-07,19204.7,0
11,9,2023-07-14,17950.96,0
11,9,2023-07-21,18690.48,0
11,9,2023-07-28,19126.05,0
11,9,2023-08-04,16742.74,0
11,9,2023-08-11,18427.09,0
11,9,2023-08-18,15496.86,0
11,9,2023-08-25,19058.11,0
11,9,2023-09-01,18021.95,0
11,9,2023-09-08,20606.32,1
11,9,2023-09-15,18437.9,0
11,9,2023-09-22,17994.0,0
11,9,2023-09-29,16358.06,0
11,9,2023-10-06,15988.75,0
11,9,2023-10-13,14975.48,0
11,9,2023-10-20,14583.18,0
11,9,2023-10-27,15336.89,0
11,9,2023-11-03,14684.49,0
11,9,2023-11-10,18452.84,0
11,9,2023-11-17,14460.64,0
11,9,2023-11-24,22999.0,1
11,9,2023-12-01,17150.3,0
11,9,2023-12-08,17436.77,0
11,9,2023-12-15,18317.08,0
11,9,2023-12-22,16628.61,0
11,9,2023-12-29,23160.76,1
11,9,2024-01-05,19587.92,0
11,9,2024-01-12,21038.83,0
11,9,2024-01-19,16550.88,0
11,9,2024-01-26,15571.95,0
11,9,2024-02-02,19752.46,0
11,9,2024-02-09,20835.64,1
11,9,2024-02-16,22540.07,0
11,9,2024-02-23,20945.96,0
11,9,2024-03-01,22296.46,0
11,9,2024-03-08,23019.19,0
11,9,2024-03-15,22975.87,0
11,9,2024-03-22,22255.29,0
11,9,2024-03-29,18836.13,0
11,9,2024-04-05,21147.25,0
11,9,2024-04-12,21815.78,0
11,9,2024-04-19,21245.34,0
11,9,2024-04-26,21430.33,0
11,9,2024-05-03,24243.02,0
11,9,2024-05-10,20249.64,0
11,9,2024-05-17,22910.27,0
11,9,2024-05-24,22023.6,0
11,9,2024-05-31,19926.37,0
11,9,2024-06-07,19445.33,0
11,9,2024-06-14,18257.16,0
11,9,2024-06-21,21777.57,0
11,9,2024-06-28,20664.72,0
11,9,2024-07-05,19198.43,0
11,9,2024-07-12,17275.77,0
11,9,2024-07-19,20779.1,0
11,9,2024-07-26,19556.62,0
11,9,2024-08-02,18458.08,0
11,9,2024-08-09,17828.62,0
11,9,2024-08-16,18700.79,0
11,9,2024-08-23,19525.84,0
11,9,2024-08-30,18092.81,0
11,9,2024-09-06,17461.38,1
11,9,2024-09-13,19682.45,0
11,9,2024-09-20,18042.87,0
11,9,2024-09-27,17929.65,0
11,9,2024-10-04,17245.87,0
11,9,2024-10-11,16359.16,0
11,9,2024-10-18,16254.64,0
11,9,2024-10-25,15192.2,0
11,9,2024-11-01,19183.72,0
11,9,2024-11-08,18217.95,0
11,9,2024-11-15,17759.74,0
11,9,2024-11-22,18172.54,0
11,9,2024-11-29,23289.16,1
11,9,2024-12-06,17598.79,0
11,9,2024-12-13,17578.88,0
11,9,2024-12-20,22219.26,0
11,9,2024-12-27,24656.56,1
11,9,2025-01-03,21109.77,0
11,9,2025-01-10,21237.89,0
11,9,2025-01-17,17458.81,0
11,9,2025-01-24,19584.81,0
11,10,2023-02-03,21391.85,0
11,10,2023-02-10,22826.9,1
11,10,2023-02-17,21705.02,0
11,10,2023-02-24,22254.96,0
11,10,2023-03-03,21910.37,0
11,10,2023-03-10,24985.93,0
11,10,2023-03-17,20638.29,0
11,10,2023-03-24,22782.42,0
11,10,2023-03-31,20304.67,0
11,10,2023-04-07,22037.47,0
11,10,2023-04-14,24794.08,0
11,10,2023-04-21,24963.87,0
11,10,2023-04-28,23791.52,0
11,10,2023-05-05,26657.25,0
11,10,2023-05-12,27126.06,0
11,10,2023-05-19,24318.18,0
11,10,2023-05-26,24883.67,0
11,10,2023-06-02,23420.28,0
11,10,2023-06-09,25382.84,0
11,10,2023-06-16,21715.61,0
11,10,2023-06-23,27239.89,0
11,10,2023-06-30,25753.04,0
11,10,2023-07-07,21120.0,0
11,10,2023-07-14,21643.51,0
11,10,2023-07-21,23597.52,0
11,10,2023-07-28,21934.45,0
11,10,2023-08-04,23224.81,0
11,10,2023-08-11,21333.42,0
11,10,2023-08-18,24322.94,0
11,10,2023-08-25,21414.69,0
11,10,2023-09-01,25228.21,0
11,10,2023-09-08,23304.14,1
11,10,2023-09-15,24110.53,0
11,10,2023-09-22,22259.31,0
11,10,2023-09-29,20905.99,0
11,10,2023-10-06,21191.24,0
11,10,2023-10-13,18136.77,0
11,10,2023-10-20,17091.11,0
11,10,2023-10-27,19877.06,0
11,10,2023-11-03,22152.89,0
11,10,2023-11-10,20633.42,0
11,10,2023-11-17,22834.67,0
11,10,2023-11-24,40277.48,1
11,10,2023-12-01,22308.51,0
11,10,2023-12-08,23085.16,0
11,10,2023-12-15,20678.34,0
11,10,2023-12-22,20715.27,0
11,10,2023-12-29,37240.76,1
11,10,2024-01-05,22167.95,0
11,10,2024-01-12,23284.6,0
11,10,2024-01-19,22623.6,0
11,10,2024-01-26,23351.53,0
11,10,2024-02-02,23010.26,0
11,10,2024-02-09,19709.6,1
11,10,2024-02-16,26988.0,0
11,10,2024-02-23,23462.28,0
11,10,2024-03-01,23302.42,0
11,10,2024-03-08,27534.37,0
11,10,2024-03-15,27104.17,0
11,10,2024-03-22,25964.79,0
11,10,2024-03-29,27232.33,0
11,10,2024-04-05,23474.14,0
11,10,2024-04-12,25870.21,0
11,10,2024-04-19,28886.86,0
11,10,2024-04-26,24849.49,0
11,10,2024-05-03,24226.42,0
11,10,2024-05-10,26510.3,0
11,10,2024-05-17,26533.9,0
11,10,2024-05-24,27613.2,0
11,10,2024-05-31,23265.39,0
11,10,2024-06-07,20702.39,0
11,10,2024-06-14,27733.52,0
11,10,2024-06-21,23401.89,0
11,10,2024-06-28,24146.54,0
11,10,2024-07-05,20736.31,0
11,10,2024-07-12,26876.59,0
11,10,2024-07-19,25234.92,0
11,10,2024-07-26,24840.94,0
11,10,2024-08-02,24506.78,0
11,10,2024-08-09,19720.05,0
11,10,2024-08-16,21464.81,0
11,10,2024-08-23,22168.94,0
11,10,2024-08-30,21352.52,0
11,10,2024-09-06,25194.84,1
11,10,2024-09-13,23986.87,0
11,10,2024-09-20,19378.61,0
11,10,2024-09-27,21779.31,0
11,10,2024-10-04,22874.09,0
11,10,2024-10-11,19935.26,0
11,10,2024-10-18,21119.6,0
11,10,2024-10-25,22214.7,0
11,10,2024-11-01,21441.6,0
11,10,2024-11-08,22630.1,0
11,10,2024-11-15,21727.42,0
11,10,2024-11-22,21156.46,0
11,10,2024-11-29,36145.32,1
11,10,2024-12-06,22260.91,0
11,10,2024-12-13,20558.72,0
11,10,2024-12-20,23666.49,0
11,10,2024-12-27,50090.84,1
11,10,2025-01-03,21905.18,0
11,10,2025-01-10,22171.72,0
11,10,2025-01-17,20766.42,0
11,10,2025-01-24,28279.67,0
12,1,2023-02-03,22924.69,0
12,1,2023-02-10,25171.65,1
12,1,2023-02-17,23773.36,0
12,1,2023-02-24,23517.03,0
12,1,2023-03-03,28160.8,0
12,1,2023-03-10,23033.61,0
12,1,2023-03-17,22713.75,0
12,1,2023-03-24,27342.47,0
12,1,2023-03-31,26213.68,0
12,1,2023-04-07,26184.81,0
12,1,2023-04-14,28045.1,0
12,1,2023-04-21,27282.33,0
12,1,2023-04-28,26988.77,0
12,1,2023-05-05,24098.14,0
12,1,2023-05-12,23544.28,0
12,1,2023-05-19,25625.34,0
12,1,2023-05-26,24732.04,0
12,1,2023-06-02,27556.94,0
12,1,2023-06-09,22971.25,0
12,1,2023-06-16,25699.53,0
12,1,2023-06-23,26074.8,0
12,1,2023-06-30,26116.5,0
12,1,2023-07-07,26760.82,0
12,1,2023-07-14,24975.76,0
12,1,2023-07-21,23988.83,0
12,1,2023-07-28,27518.8,0
12,1,2023-08-04,24073.43,0
12,1,2023-08-11,27152.06,0
12,1,2023-08-18,23439.8,0
12,1,2023-08-25,23726.19,0
12,1,2023-09-01,23202.48,0
12,1,2023-09-08,28262.44,1
12,1,2023-09-15,23113.38,0
12,1,2023-09-22,25495.78,0
12,1,2023-09-29,24413.1,0
12,1,2023-10-06,24256.9,0
12,1,2023-10-13,19861.87,0
12,1,2023-10-20,20080.59,0
12,1,2023-10-27,22525.57,0
12,1,2023-11-03,23514.99,0
12,1,2023-11-10,21280.63,0
12,1,2023-11-17,21055.58,0
12,1,2023-11-24,29743.48,1
12,1,2023-12-01,24537.53,0
12,1,2023-12-08,22037.89,0
12,1,2023-12-15,22142.51,0
12,1,2023-12-22,25172.65,0
12,1,2023-12-29,27201.45,1
12,1,2024-01-05,22310.74,0
12,1,2024-01-12,23440.43,0
12,1,2024-01-19,26566.03,0
12,1,2024-01-26,22180.61,0
12,1,2024-02-02,26923.31,0
12,1,2024-02-09,30802.94,1
12,1,2024-02-16,26133.48,0
12,1,2024-02-23,26361.75,0
12,1,2024-03-01,26588.35,0
12,1,2024-03-08,26591.08,0
12,1,2024-03-15,26628.52,0
12,1,2024-03-22,31186.09,0
12,1,2024-03-29,28535.42,0
12,1,2024-04-05,28422.81,0
12,1,2024-04-12,27415.39,0
12,1,2024-04-19,28109.69,0
12,1,2024-04-26,27669.88,0
12,1,2024-05-03,31018.25,0
12,1,2024-05-10,27482.57,0
12,1,2024-05-17,23966.96,0
12,1,2024-05-24,29280.11,0
12,1,2024-05-31,28378.97,0
12,1,2024-06-07,27517.31,0
12,1,2024-06-14,30765.37,0
12,1,2024-06-21,22223.21,0
12,1,2024-06-28,31734.37,0
12,1,2024-07-05,30244.58,0
12,1,2024-07-12,26193.66,0
12,1,2024-07-19,26267.37,0
12,1,2024-07-26,27994.49,0
12,1,2024-08-02,27689.45,0
12,1,2024-08-09,24882.46,0
12,1,2024-08-16,22521.5,0
12,1,2024-08-23,29850.42,0
12,1,2024-08-30,27142.84,0
12,1,2024-09-06,28440.0,1
12,1,2024-09-13,25869.06,0
12,1,2024-09-20,25848.92,0
12,1,2024-09-27,20156.44,0
12,1,2024-10-04,23351.01,0
12,1,2024-10-11,23027.66,0
12,1,2024-10-18,23505.13,0
12,1,2024-10-25,25239.65,0
12,1,2024-11-01,20375.8,0
12,1,2024-11-08,21263.81,0
12,1,2024-11-15,22633.1,0
12,1,2024-11-22,24384.61,0
12,1,2024-11-29,30359.1,1
12,1,2024-12-06,23954.6,0
12,1,2024-12-13,26438.93,0
12,1,2024-12-20,26529.95,0
12,1,2024-12-27,35522.01,1
12,1,2025-01-03,24995.14,0
12,1,2025-01-10,23981.49,0
12,1,2025-01-17,24218.69,0
12,1,2025-01-24,27806.54,0
12,2,2023-02-03,14731.16,0
12,2,2023-02-10,14532.42,1
12,2,2023-02-17,16078.06,0
12,2,2023-02-24,15246.06,0
12,2,2023-03-03,14566.39,0
12,2,2023-03-10,15583.22,0
12,2,2023-03-17,17174.75,0
12,2,2023-03-24,14959.68,0
12,2,2023-03-31,16727.28,0
12,2,2023-04-07,16515.08,0
12,2,2023-04-14,15685.91,0
12,2,2023-04-21,16397.94,0
12,2,2023-04-28,14736.74,0
12,2,2023-05-05,17042.36,0
12,2,2023-05-12,15060.06,0
12,2,2023-05-19,18340.31,0
12,2,2023-05-26,16726.62,0
12,2,2023-06-02,16017.21,0
12,2,2023-06-09,18245.79,0
12,2,2023-06-16,15215.1,0
12,2,2023-06-23,15468.04,0
12,2,2023-06-30,13916.36,0
12,2,2023-07-07,17826.59,0
12,2,2023-07-14,18348.21,0
12,2,2023-07-21,13657.21,0
12,2,2023-07-28,14556.16,0
12,2,2023-08-04,15458.46,0
12,2,2023-08-11,14546.18,0
12,2,2023-08-18,14936.73,0
12,2,2023-08-25,14643.14,0
12,2,2023-09-01,15075.14,0
12,2,2023-09-08,15058.16,1
12,2,2023-09-15,12997.55,0
12,2,2023-09-22,13667.54,0
12,2,2023-09-29,12067.28,0
12,2,2023-10-06,13467.28,0
12,2,2023-10-13,13210.44,0
12,2,2023-10-20,14838.67,0
12,2,2023-10-27,13710.62,0
12,2,2023-11-03,13916.85,0
12,2,2023-11-10,13790.22,0
12,2,2023-11-17,11512.19,0
12,2,2023-11-24,23177.52,1
12,2,2023-12-01,14390.08,0
12,2,2023-12-08,13947.38,0
12,2,2023-12-15,13381.9,0
12,2,2023-12-22,14278.0,0
12,2,2023-12-29,29827.7,1
12,2,2024-01-05,15842.6,0
12,2,2024-01-12,14533.91,0
12,2,2024-01-19,15386.78,0
12,2,2024-01-26,16043.9,0
12,2,2024-02-02,16491.46,0
12,2,2024-02-09,18344.99,1
12,2,2024-02-16,16416.28,0
12,2,2024-02-23,18258.97,0
12,2,2024-03-01,15361.33,0
12,2,2024-03-08,16280.25,0
12,2,2024-03-15,14395.9,0
12,2,2024-03-22,17764.0,0
12,2,2024-03-29,18637.79,0
12,2,2024-04-05,14213.09,0
12,2,2024-04-12,18256.96,0
12,2,2024-04-19,18954.49,0
12,2,2024-04-26,18942.16,0
12,2,2024-05-03,16446.82,0
12,2,2024-05-10,19322.85,0
12,2,2024-05-17,18193.19,0
12,2,2024-05-24,18991.58,0
12,2,2024-05-31,17879.87,0
12,2,2024-06-07,18511.3,0
12,2,2024-06-14,19425.05,0
12,2,2024-06-21,17409.14,0
12,2,2024-06-28,17933.25,0
12,2,2024-07-05,19089.71,0
12,2,2024-07-12,16977.59,0
12,2,2024-07-19,15429.06,0
12,2,2024-07-26,17648.72,0
12,2,2024-08-02,18423.75,0
12,2,2024-08-09,17991.03,0
12,2,2024-08-16,17015.78,0
12,2,2024-08-23,12907.79,0
12,2,2024-08-30,14890.8,0
12,2,2024-09-06,16636.09,1
12,2,2024-09-13,17405.16,0
12,2,2024-09-20,13871.09,0
12,2,2024-09-27,17754.95,0
12,2,2024-10-04,14491.9,0
12,2,2024-10-11,13957.1,0
12,2,2024-10-18,15818.62,0
12,2,2024-10-25,15886.33,0
12,2,2024-11-01,15566.75,0
12,2,2024-11-08,13918.63,0
12,2,2024-11-15,15493.42,0
12,2,2024-11-22,13748.34,0
12,2,2024-11-29,24570.97,1
12,2,2024-12-06,14253.89,0
12,2,2024-12-13,16725.18,0
12,2,2024-12-20,14897.62,0
12,2,2024-12-27,31068.86,1
12,2,2025-01-03,17399.67,0
12,2,2025-01-10,15442.85,0
12,2,2025-01-17,18083.18,0
12,2,2025-01-24,18273.48,0
12,3,2023-02-03,11210.36,0
12,3,2023-02-10,11838.97,1
12,3,2023-02-17,11540.25,0
12,3,2023-02-24,12705.81,0
12,3,2023-03-03,12154.94,0
12,3,2023-03-10,12092.84,0
12,3,2023-03-17,12709.89,0
12,3,2023-03-24,11181.82,0
12,3,2023-03-31,12848.01,0
12,3,2023-04-07,13711.29,0
12,3,2023-04-14,13268.33,0
12,3,2023-04-21,14198.2,0
12,3,2023-04-28,12844.35,0
12,3,2023-05-05,12786.27,0
12,3,2023-05-12,12095.82,0
12,3,2023-05-19,12840.82,0
12,3,2023-05-26,15321.99,0
12,3,2023-06-02,13478.97,0
12,3,2023-06-09,12503.55,0
12,3,2023-06-16,11981.52,0
12,3,2023-06-23,11273.57,0
12,3,2023-06-30,11957.8,0
12,3,2023-07-07,13448.44,0
12,3,2023-07-14,12109.58,0
12,3,2023-07-21,11439.76,0
12,3,2023-07-28,11405.25,0
12,3,2023-08-04,12706.05,0
12,3,2023-08-11,11843.45,0
12,3,2023-08-18,11175.13,0
12,3,2023-08-25,11328.04,0
12,3,2023-09-01,13495.01,0
12,3,2023-09-08,13688.49,1
12,3,2023-09-15,9641.84,0
12,3,2023-09-22,10970.43,0
12,3,2023-09-29,10443.35,0
12,3,2023-10-06,11411.11,0
12,3,2023-10-13,11800.35,0
12,3,2023-10-20,11123.73,0
12,3,2023-10-27,10068.46,0
12,3,2023-11-03,10255.92,0
12,3,2023-11-10,11393.56,0
12,3,2023-11-17,11530.3,0
12,3,2023-11-24,20035.72,1
12,3,2023-12-01,11104.37,0
12,3,2023-12-08,11408.94,0
12,3,2023-12-15,11942.07,0
12,3,2023-12-22,12014.98,0
12,3,2023-12-29,23591.57,1
12,3,2024-01-05,11684.95,0
12,3,2024-01-12,11202.6,0
12,3,2024-01-19,11368.02,0
12,3,2024-01-26,12870.11,0
12,3,2024-02-02,11817.17,0
12,3,2024-02-09,13559.77,1
12,3,2024-02-16,12874.52,0
12,3,2024-02-23,13979.88,0
12,3,2024-03-01,13982.3,0
12,3,2024-03-08,14388.22,0
12,3,2024-03-15,13122.13,0
12,3,2024-03-22,14241.62,0
12,3,2024-03-29,14744.62,0
12,3,2024-04-05,12294.95,0
12,3,2024-04-12,16055.74,0
12,3,2024-04-19,16781.37,0
12,3,2024-04-26,15339.47,0
12,3,2024-05-03,15210.82,0
12,3,2024-05-10,14971.36,0
12,3,2024-05-17,13914.42,0
12,3,2024-05-24,14122.68,0
12,3,2024-05-31,15286.25,0
12,3,2024-06-07,13015.44,0
12,3,2024-06-14,12828.97,0
12,3,2024-06-21,13463.57,0
12,3,2024-06-28,14500.58,0
12,3,2024-07-05,12691.12,0
12,3,2024-07-12,13240.1,0
12,3,2024-07-19,13208.57,0
12,3,2024-07-26,12090.44,0
12,3,2024-08-02,10450.75,0
12,3,2024-08-09,11762.24,0
12,3,2024-08-16,12910.13,0
12,3,2024-08-23,12968.23,0
12,3,2024-08-30,12814.46,0
12,3,2024-09-06,14965.52,1
12,3,2024-09-13,11238.01,0
12,3,2024-09-20,12287.93,0
12,3,2024-09-27,11628.18,0
12,3,2024-10-04,12598.1,0
12,3,2024-10-11,12039.52,0
12,3,2024-10-18,12837.42,0
12,3,2024-10-25,11189.82,0
12,3,2024-11-01,12619.42,0
12,3,2024-11-08,13550.28,0
12,3,2024-11-15,11753.69,0
12,3,2024-11-22,12246.34,0
12,3,2024-11-29,21809.67,1
12,3,2024-12-06,13068.32,0
12,3,2024-12-13,11641.0,0
12,3,2024-12-20,12848.45,0
12,3,2024-12-27,24946.44,1
12,3,2025-01-03,13443.35,0
12,3,2025-01-10,13348.72,0
12,3,2025-01-17,12874.05,0
12,3,2025-01-24,14108.8,0
12,4,2023-02-03,10357.47,0
12,4,2023-02-10,9235.05,1
12,4,2023-02-17,9812.53,0
12,4,2023-02-24,8551.39,0
12,4,2023-03-03,10573.76,0
12,4,2023-03-10,11237.6,0
12,4,2023-03-17,10147.46,0
12,4,2023-03-24,10586.43,0
12,4,2023-03-31,10389.87,0
12,4,2023-04-07,10336.61,0
12,4,2023-04-14,10936.75,0
12,4,2023-04-21,10117.61,0
12,4,2023-04-28,10632.13,0
12,4,2023-05-05,10074.63,0
12,4,2023-05-12,11380.19,0
12,4,2023-05-19,11066.41,0
12,4,2023-05-26,10458.82,0
12,4,2023-06-02,10822.4,0
12,4,2023-06-09,10543.42,0
12,4,2023-06-16,11636.82,0
12,4,2023-06-23,10203.22,0
12,4,2023-06-30,11012.26,0
12,4,2023-07-07,9788.02,0
12,4,2023-07-14,10926.5,0
12,4,2023-07-21,10978.03,0
12,4,2023-07-28,10879.4,0
12,4,2023-08-04,11045.36,0
12,4,2023-08-11,9981.69,0
12,4,2023-08-18,10579.65,0
12,4,2023-08-25,10737.59,0
12,4,2023-09-01,8542.71,0
12,4,2023-09-08,10538.93,1
12,4,2023-09-15,9953.65,0
12,4,2023-09-22,7989.16,0
12,4,2023-09-29,7726.48,0
12,4,2023-10-06,8161.62,0
12,4,2023-10-13,7662.52,0
12,4,2023-10-20,9062.73,0
12,4,2023-10-27,8087.58,0
12,4,2023-11-03,7661.68,0
12,4,2023-11-10,8851.34,0
12,4,2023-11-17,8932.24,0
12,4,2023-11-24,8853.5,1
12,4,2023-12-01,8995.07,0
12,4,2023-12-08,8877.02,0
12,4,2023-12-15,8997.87,0
12,4,2023-12-22,10241.56,0
12,4,2023-12-29,13223.12,1
12,4,2024-01-05,8609.52,0
12,4,2024-01-12,9592.58,0
12,4,2024-01-19,10085.53,0
12,4,2024-01-26,10047.95,0
12,4,2024-02-02,10754.26,0
12,4,2024-02-09,12259.27,1
12,4,2024-02-16,9127.55,0
12,4,2024-02-23,10298.81,0
12,4,2024-03-01,12227.45,0
12,4,2024-03-08,10567.89,0
12,4,2024-03-15,11866.62,0
12,4,2024-03-22,11852.62,0
12,4,2024-03-29,12518.52,0
12,4,2024-04-05,13242.8,0
12,4,2024-04-12,11870.55,0
12,4,2024-04-19,9999.83,0
12,4,2024-04-26,11012.67,0
12,4,2024-05-03,13736.11,0
12,4,2024-05-10,10374.8,0
12,4,2024-05-17,12151.41,0
12,4,2024-05-24,9312.6,0
12,4,2024-05-31,10355.97,0
12,4,2024-06-07,12367.5,0
12,4,2024-06-14,11502.72,0
12,4,2024-06-21,11034.66,0
12,4,2024-06-28,10537.94,0
12,4,2024-07-05,9374.55,0
12,4,2024-07-12,11643.7,0
12,4,2024-07-19,10653.13,0
12,4,2024-07-26,9453.03,0
12,4,2024-08-02,10649.94,0
12,4,2024-08-09,10972.2,0
12,4,2024-08-16,10180.78,0
12,4,2024-08-23,10307.94,0
12,4,2024-08-30,10116.45,0
12,4,2024-09-06,10762.37,1
12,4,2024-09-13,10437.45,0
12,4,2024-09-20,10568.82,0
12,4,2024-09-27,10290.12,0
12,4,2024-10-04,9091.14,0
12,4,2024-10-11,10045.4,0
12,4,2024-10-18,9879.75,0
12,4,2024-10-25,8969.56,0
12,4,2024-11-01,9159.24,0
12,4,2024-11-08,10053.06,0
12,4,2024-11-15,10630.25,0
12,4,2024-11-22,8238.46,0
12,4,2024-11-29,14641.88,1
12,4,2024-12-06,9962.7,0
12,4,2024-12-13,9725.75,0
12,4,2024-12-20,10355.13,0
12,4,2024-12-27,13001.88,1
12,4,2025-01-03,9109.42,0
12,4,2025-01-10,9025.39,0
12,4,2025-01-17,12639.2,0
12,4,2025-01-24,10876.73,0
12,5,2023-02-03,6444.29,0
12,5,2023-02-10,6426.49,1
12,5,2023-02-17,6109.36,0
12,5,2023-02-24,6477.41,0
12,5,2023-03-03,6783.87,0
12,5,2023-03-10,6716.66,0
12,5,2023-03-17,6491.5,0
12,5,2023-03-24,7250.94,0
12,5,2023-03-31,7157.04,0
12,5,2023-04-07,7332.88,0
12,5,2023-04-14,7561.96,0
12,5,2023-04-21,7098.41,0
12,5,2023-04-28,7126.46,0
12,5,2023-05-05,8099.04,0
12,5,2023-05-12,6698.17,0
12,5,2023-05-19,6153.99,0
12,5,2023-05-26,7542.64,0
12,5,2023-06-02,6831.41,0
12,5,2023-06-09,6538.59,0
12,5,2023-06-16,7610.81,0
12,5,2023-06-23,6969.25,0
12,5,2023-06-30,6280.33,0
12,5,2023-07-07,7985.98,0
12,5,2023-07-14,5957.64,0
12,5,2023-07-21,6711.03,0
12,5,2023-07-28,5665.2,0
12,5,2023-08-04,6730.91,0
12,5,2023-08-11,6168.84,0
12,5,2023-08-18,6838.15,0
12,5,2023-08-25,6326.42,0
12,5,2023-09-01,6932.81,0
12,5,2023-09-08,6918.71,1
12,5,2023-09-15,6232.75,0
12,5,2023-09-22,5934.71,0
12,5,2023-09-29,5132.05,0
12,5,2023-10-06,5461.13,0
12,5,2023-10-13,5583.58,0
12,5,2023-10-20,6648.84,0
12,5,2023-10-27,6238.11,0
12,5,2023-11-03,5742.17,0
12,5,2023-11-10,6143.76,0
12,5,2023-11-17,4976.45,0
12,5,2023-11-24,11894.54,1
12,5,2023-12-01,6112.55,0
12,5,2023-12-08,5829.06,0
12,5,2023-12-15,6142.1,0
12,5,2023-12-22,6407.85,0
12,5,2023-12-29,12023.5,1
12,5,2024-01-05,6582.08,0
12,5,2024-01-12,6783.92,0
12,5,2024-01-19,7528.38,0
12,5,2024-01-26,7172.66,0
12,5,2024-02-02,7787.59,0
12,5,2024-02-09,6570.81,1
12,5,2024-02-16,6153.12,0
12,5,2024-02-23,7075.86,0
12,5,2024-03-01,7125.95,0
12,5,2024-03-08,8210.72,0
12,5,2024-03-15,6768.4,0
12,5,2024-03-22,7474.63,0
12,5,2024-03-29,7840.39,0
12,5,2024-04-05,7717.88,0
12,5,2024-04-12,7602.53,0
12,5,2024-04-19,7971.08,0
12,5,2024-04-26,8449.0,0
12,5,2024-05-03,8751.91,0
12,5,2024-05-10,7819.33,0
12,5,2024-05-17,7282.76,0
12,5,2024-05-24,8725.86,0
12,5,2024-05-31,7073.41,0
12,5,2024-06-07,8801.55,0
12,5,2024-06-14,8468.72,0
12,5,2024-06-21,8488.61,0
12,5,2024-06-28,7926.93,0
12,5,2024-07-05,6180.71,0
12,5,2024-07-12,6743.12,0
12,5,2024-07-19,7445.09,0
12,5,2024-07-26,6787.8,0
12,5,2024-08-02,6904.21,0
12,5,2024-08-09,7332.45,0
12,5,2024-08-16,6804.13,0
12,5,2024-08-23,6144.78,0
12,5,2024-08-30,7200.19,0
12,5,2024-09-06,7690.47,1
12,5,2024-09-13,6945.71,0
12,5,2024-09-20,6556.74,0
12,5,2024-09-27,7139.13,0
12,5,2024-10-04,6484.27,0
12,5,2024-10-11,7047.53,0
12,5,2024-10-18,5398.22,0
12,5,2024-10-25,6572.55,0
12,5,2024-11-01,6139.87,0
12,5,2024-11-08,5919.57,0
12,5,2024-11-15,6975.29,0
12,5,2024-11-22,6880.12,0
12,5,2024-11-29,8293.19,1
12,5,2024-12-06,6848.41,0
12,5,2024-12-13,6228.72,0
12,5,2024-12-20,6246.98,0
12,5,2024-12-27,9890.76,1
12,5,2025-01-03,6787.68,0
12,5,2025-01-10,7436.65,0
12,5,2025-01-17,7254.2,0
12,5,2025-01-24,6602.99,0
12,6,2023-02-03,8077.67,0
12,6,2023-02-10,7889.24,1
12,6,2023-02-17,7566.66,0
12,6,2023-02-24,7245.15,0
12,6,2023-03-03,8839.22,0
12,6,2023-03-10,8834.63,0
12,6,2023-03-17,9018.51,0
12,6,2023-03-24,8220.3,0
12,6,2023-03-31,8934.11,0
12,6,2023-04-07,7908.97,0
12,6,2023-04-14,8241.55,0
12,6,2023-04-21,9020.0,0
12,6,2023-04-28,9219.6,0
12,6,2023-05-05,7871.13,0
12,6,2023-05-12,8290.46,0
12,6,2023-05-19,8784.31,0
12,6,2023-05-26,9719.32,0
12,6,2023-06-02,8407.08,0
12,6,2023-06-09,9044.7,0
12,6,2023-06-16,9058.74,0
12,6,2023-06-23,8637.58,0
12,6,2023-06-30,8920.46,0
12,6,2023-07-07,7714.29,0
12,6,2023-07-14,8100.09,0
12,6,2023-07-21,9416.69,0
12,6,2023-07-28,9346.65,0
12,6,2023-08-04,8790.66,0
12,6,2023-08-11,8843.43,0
12,6,2023-08-18,6850.13,0
12,6,2023-08-25,7318.02,0
12,6,2023-09-01,7626.32,0
12,6,2023-09-08,9921.24,1
12,6,2023-09-15,8101.28,0
12,6,2023-09-22,7800.55,0
12,6,2023-09-29,7721.63,0
12,6,2023-10-06,7441.88,0
12,6,2023-10-13,6704.82,0
12,6,2023-10-20,5794.13,0
12,6,2023-10-27,8136.76,0
12,6,2023-11-03,7018.96,0
12,6,2023-11-10,6295.44,0
12,6,2023-11-17,7693.8,0
12,6,2023-11-24,10004.86,1
12,6,2023-12-01,8214.0,0
12,6,2023-12-08,7055.05,0
12,6,2023-12-15,7162.15,0
12,6,2023-12-22,7600.02,0
12,6,2023-12-29,10158.19,1
12,6,2024-01-05,8105.33,0
12,6,2024-01-12,8754.2,0
12,6,2024-01-19,8865.79,0
12,6,2024-01-26,8885.81,0
12,6,2024-02-02,9271.06,0
12,6,2024-02-09,6772.43,1
12,6,2024-02-16,9952.01,0
12,6,2024-02-23,9181.66,0
12,6,2024-03-01,10039.69,0
12,6,2024-03-08,8326.77,0
12,6,2024-03-15,7996.34,0
12,6,2024-03-22,10746.35,0
12,6,2024-03-29,8789.16,0
12,6,2024-04-05,9332.7,0
12,6,2024-04-12,10041.96,0
12,6,2024-04-19,10284.9,0
12,6,2024-04-26,10560.71,0
12,6,2024-05-03,9917.0,0
12,6,2024-05-10,8926.34,0
12,6,2024-05-17,10289.66,0
12,6,2024-05-24,10276.27,0
12,6,2024-05-31,8270.95,0
12,6,2024-06-07,10715.63,0
12,6,2024-06-14,7656.37,0
12,6,2024-06-21,10265.66,0
12,6,2024-06-28,8917.07,0
12,6,2024-07-05,9821.83,0
12,6,2024-07-12,9568.34,0
12,6,2024-07-19,9056.38,0
12,6,2024-07-26,9293.25,0
12,6,2024-08-02,8792.34,0
12,6,2024-08-09,9236.26,0
12,6,2024-08-16,10129.79,0
12,6,2024-08-23,7597.75,0
12,6,2024-08-30,6261.09,0
12,6,2024-09-06,9409.08,1
12,6,2024-09-13,7966.58,0
12,6,2024-09-20,7531.22,0
12,6,2024-09-27,8627.81,0
12,6,2024-10-04,7123.48,0
12,6,2024-10-11,8252.99,0
12,6,2024-10-18,8342.98,0
12,6,2024-10-25,8125.19,0
12,6,2024-11-01,8236.08,0
12,6,2024-11-08,8548.9,0
12,6,2024-11-15,8013.76,0
12,6,2024-11-22,7806.5,0
12,6,2024-11-29,10268.35,1
12,6,2024-12-06,8753.72,0
12,6,2024-12-13,7131.85,0
12,6,2024-12-20,8245.05,0
12,6,2024-12-27,10775.23,1
12,6,2025-01-03,9107.18,0
12,6,2025-01-10,8546.8,0
12,6,2025-01-17,8358.59,0
12,6,2025-01-24,9449.13,0
12,7,2023-02-03,7318.93,0
12,7,2023-02-10,10664.81,1
12,7,2023-02-17,8244.15,0
12,7,2023-02-24,7891.49,0
12,7,2023-03-03,9004.71,0
12,7,2023-03-10,8114.66,0
12,7,2023-03-17,7749.42,0
12,7,2023-03-24,7706.76,0
12,7,2023-03-31,7762.96,0
12,7,2023-04-07,8290.09,0
12,7,2023-04-14,8660.64,0
12,7,2023-04-21,7445.48,0
12,7,2023-04-28,8125.38,0
12,7,2023-05-05,8590.93,0
12,7,2023-05-12,8888.15,0
12,7,2023-05-19,8428.05,0
12,7,2023-05-26,8590.11,0
12,7,2023-06-02,7560.98,0
12,7,2023-06-09,7738.93,0
12,7,2023-06-16,8251.67,0
12,7,2023-06-23,8562.04,0
12,7,2023-06-30,8301.82,0
12,7,2023-07-07,7520.21,0
12,7,2023-07-14,7827.67,0
12,7,2023-07-21,8837.78,0
12,7,2023-07-28,8125.24,0
12,7,2023-08-04,7586.36,0
12,7,2023-08-11,6963.49,0
12,7,2023-08-18,7059.83,0
12,7,2023-08-25,7395.0,0
12,7,2023-09-01,7460.72,0
12,7,2023-09-08,8375.24,1
12,7,2023-09-15,6924.59,0
12,7,2023-09-22,6777.66,0
12,7,2023-09-29,8154.72,0
12,7,2023-10-06,6649.06,0
12,7,2023-10-13,6207.06,0
12,7,2023-10-20,5994.2,0
12,7,2023-10-27,6693.35,0
12,7,2023-11-03,7409.08,0
12,7,2023-11-10,6589.25,0
12,7,2023-11-17,7757.86,0
12,7,2023-11-24,8814.38,1
12,7,2023-12-01,6611.55,0
12,7,2023-12-08,6685.22,0
12,7,2023-12-15,7240.16,0
12,7,2023-12-22,7559.94,0
12,7,2023-12-29,9775.32,1
12,7,2024-01-05,7840.71,0
12,7,2024-01-12,6739.52,0
12,7,2024-01-19,7513.56,0
12,7,2024-01-26,7522.86,0
12,7,2024-02-02,7674.88,0
12,7,2024-02-09,10110.06,1
12,7,2024-02-16,6907.06,0
12,7,2024-02-23,8190.9,0
12,7,2024-03-01,7745.47,0
12,7,2024-03-08,8918.3,0
12,7,2024-03-15,9240.84,0
12,7,2024-03-22,7248.91,0
12,7,2024-03-29,8311.16,0
12,7,2024-04-05,9185.18,0
12,7,2024-04-12,7979.42,0
12,7,2024-04-19,9606.31,0
12,7,2024-04-26,9835.54,0
12,7,2024-05-03,8975.5,0
12,7,2024-05-10,8535.35,0
12,7,2024-05-17,7409.61,0
12,7,2024-05-24,9657.54,0
12,7,2024-05-31,10477.63,0
12,7,2024-06-07,10272.12,0
12,7,2024-06-14,8781.75,0
12,7,2024-06-21,8075.47,0
12,7,2024-06-28,9354.85,0
12,7,2024-07-05,8589.21,0
12,7,2024-07-12,8908.45,0
12,7,2024-07-19,8683.14,0
12,7,2024-07-26,8433.88,0
12,7,2024-08-02,8943.24,0
12,7,2024-08-09,8849.96,0
12,7,2024-08-16,7711.07,0
12,7,2024-08-23,7356.95,0
12,7,2024-08-30,6276.09,0
12,7,2024-09-06,8539.34,1
12,7,2024-09-13,7924.18,0
12,7,2024-09-20,7387.82,0
12,7,2024-09-27,7390.31,0
12,7,2024-10-04,7960.1,0
12,7,2024-10-11,7670.96,0
12,7,2024-10-18,7339.23,0
12,7,2024-10-25,8394.11,0
12,7,2024-11-01,7835.58,0
12,7,2024-11-08,7169.09,0
12,7,2024-11-15,7226.4,0
12,7,2024-11-22,7966.43,0
12,7,2024-11-29,9669.88,1
12,7,2024-12-06,8173.21,0
12,7,2024-12-13,8488.77,0
12,7,2024-12-20,8548.19,0
12,7,2024-12-27,12404.74,1
12,7,2025-01-03,9144.77,0
12,7,2025-01-10,8378.34,0
12,7,2025-01-17,8146.55,0
12,7,2025-01-24,7185.2,0
12,8,2023-02-03,8461.96,0
12,8,2023-02-10,8946.51,1
12,8,2023-02-17,8753.9,0
12,8,2023-02-24,7516.57,0
12,8,2023-03-03,8773.76,0
12,8,2023-03-10,9568.41,0
12,8,2023-03-17,8453.68,0
12,8,2023-03-24,9434.18,0
12,8,2023-03-31,9725.67,0
12,8,2023-04-07,10327.02,0
12,8,2023-04-14,10851.93,0
12,8,2023-04-21,9305.41,0
12,8,2023-04-28,9773.68,0
12,8,2023-05-05,9819.91,0
12,8,2023-05-12,10162.33,0
12,8,2023-05-19,10067.04,0
12,8,2023-05-26,10726.62,0
12,8,2023-06-02,7802.61,0
12,8,2023-06-09,9859.44,0
12,8,2023-06-16,9846.14,0
12,8,2023-06-23,9224.29,0
12,8,2023-06-30,7628.2,0
12,8,2023-07-07,9175.67,0
12,8,2023-07-14,8600.14,0
12,8,2023-07-21,10220.06,0
12,8,2023-07-28,9165.7,0
12,8,2023-08-04,8225.32,0
12,8,2023-08-11,7246.1,0
12,8,2023-08-18,8961.01,0
12,8,2023-08-25,8917.4,0
12,8,2023-09-01,8198.36,0
12,8,2023-09-08,9272.94,1
12,8,2023-09-15,8851.65,0
12,8,2023-09-22,8717.49,0
12,8,2023-09-29,6958.26,0
12,8,2023-10-06,7065.3,0
12,8,2023-10-13,9196.92,0
12,8,2023-10-20,8472.06,0
12,8,2023-10-27,7076.97,0
12,8,2023-11-03,6885.93,0
12,8,2023-11-10,8025.52,0
12,8,2023-11-17,7204.33,0
12,8,2023-11-24,10653.59,1
12,8,2023-12-01,7985.45,0
12,8,2023-12-08,8854.58,0
12,8,2023-12-15,9420.38,0
12,8,2023-12-22,8000.07,0
12,8,2023-12-29,10313.58,1
12,8,2024-01-05,9674.88,0
12,8,2024-01-12,8409.51,0
12,8,2024-01-19,9428.24,0
12,8,2024-01-26,8369.03,0
12,8,2024-02-02,9129.58,0
12,8,2024-02-09,8398.12,1
12,8,2024-02-16,9410.05,0
12,8,2024-02-23,9452.67,0
12,8,2024-03-01,10146.62,0
12,8,2024-03-08,11197.53,0
12,8,2024-03-15,9612.8,0
12,8,2024-03-22,8424.96,0
12,8,2024-03-29,9961.92,0
12,8,2024-04-05,10453.2,0
12,8,2024-04-12,10443.74,0
12,8,2024-04-19,10201.62,0
12,8,2024-04-26,11604.32,0
12,8,2024-05-03,10505.66,0
12,8,2024-05-10,10311.31,0
12,8,2024-05-17,9742.05,0
12,8,2024-05-24,8914.36,0
12,8,2024-05-31,10592.83,0
12,8,2024-06-07,10466.52,0
12,8,2024-06-14,9331.29,0
12,8,2024-06-21,10077.25,0
12,8,2024-06-28,9904.52,0
12,8,2024-07-05,9421.45,0
12,8,2024-07-12,9183.66,0
12,8,2024-07-19,10002.9,0
12,8,2024-07-26,9394.7,0
12,8,2024-08-02,8997.3,0
12,8,2024-08-09,8677.26,0
12,8,2024-08-16,9101.59,0
12,8,2024-08-23,9749.8,0
12,8,2024-08-30,9113.25,0
12,8,2024-09-06,10116.23,1
12,8,2024-09-13,9718.77,0
12,8,2024-09-20,9016.75,0
12,8,2024-09-27,8781.66,0
12,8,2024-10-04,8978.73,0
12,8,2024-10-11,8389.37,0
12,8,2024-10-18,8591.4,0
12,8,2024-10-25,8122.22,0
12,8,2024-11-01,7406.76,0
12,8,2024-11-08,8707.65,0
12,8,2024-11-15,8747.6,0
12,8,2024-11-22,8367.21,0
12,8,2024-11-29,12681.7,1
12,8,2024-12-06,7481.61,0
12,8,2024-12-13,8323.26,0
12,8,2024-12-20,7825.44,0
12,8,2024-12-27,11135.38,1
12,8,2025-01-03,9903.8,0
12,8,2025-01-10,10039.92,0
12,8,2025-01-17,8767.59,0
12,8,2025-01-24,8997.77,0
12,9,2023-02-03,4959.05,0
12,9,2023-02-10,5210.49,1
12,9,2023-02-17,4116.9,0
12,9,2023-02-24,5092.63,0
12,9,2023-03-03,4163.04,0
12,9,2023-03-10,4893.42,0
12,9,2023-03-17,5633.61,0
12,9,2023-03-24,6498.35,0
12,9,2023-03-31,5187.06,0
12,9,2023-04-07,4800.09,0
12,9,2023-04-14,5148.12,0
12,9,2023-04-21,5425.96,0
12,9,2023-04-28,5127.53,0
12,9,2023-05-05,5028.51,0
12,9,2023-05-12,5248.45,0
12,9,2023-05-19,5601.11,0
12,9,2023-05-26,5342.86,0
12,9,2023-06-02,5014.68,0
12,9,2023-06-09,5078.8,0
12,9,2023-06-16,5154.11,0
12,9,2023-06-23,4865.37,0
12,9,2023-06-30,4943.49,0
12,9,2023-07-07,5453.69,0
12,9,2023-07-14,5034.63,0
12,9,2023-07-21,4357.42,0
12,9,2023-07-28,5415.85,0
12,9,2023-08-04,5105.92,0
12,9,2023-08-11,4337.14,0
12,9,2023-08-18,4672.46,0
12,9,2023-08-25,4450.33,0
12,9,2023-09-01,4946.7,0
12,9,2023-09-08,4818.0,1
12,9,2023-09-15,4517.96,0
12,9,2023-09-22,4004.9,0
12,9,2023-09-29,5011.11,0
12,9,2023-10-06,4710.59,0
12,9,2023-10-13,4184.04,0
12,9,2023-10-20,4502.88,0
12,9,2023-10-27,4773.05,0
12,9,2023-11-03,4449.61,0
12,9,2023-11-10,4993.57,0
12,9,2023-11-17,5501.11,0
12,9,2023-11-24,5575.76,1
12,9,2023-12-01,4166.42,0
12,9,2023-12-08,3759.84,0
12,9,2023-12-15,5082.12,0
12,9,2023-12-22,4546.99,0
12,9,2023-12-29,6620.94,1
12,9,2024-01-05,4397.54,0
12,9,2024-01-12,4524.04,0
12,9,2024-01-19,5658.65,0
12,9,2024-01-26,5017.2,0
12,9,2024-02-02,4855.86,0
12,9,2024-02-09,4772.59,1
12,9,2024-02-16,5228.72,0
12,9,2024-02-23,6014.58,0
12,9,2024-03-01,5741.14,0
12,9,2024-03-08,5594.42,0
12,9,2024-03-15,6290.05,0
12,9,2024-03-22,6271.52,0
12,9,2024-03-29,5847.91,0
12,9,2024-04-05,7017.75,0
12,9,2024-04-12,5666.8,0
12,9,2024-04-19,6322.11,0
12,9,2024-04-26,5649.79,0
12,9,2024-05-03,6267.96,0
12,9,2024-05-10,5732.92,0
12,9,2024-05-17,6059.14,0
12,9,2024-05-24,6943.37,0
12,9,2024-05-31,6247.64,0
12,9,2024-06-07,5994.32,0
12,9,2024-06-14,5379.44,0
12,9,2024-06-21,5774.31,0
12,9,2024-06-28,5181.66,0
12,9,2024-07-05,5974.08,0
12,9,2024-07-12,5896.19,0
12,9,2024-07-19,5371.69,0
12,9,2024-07-26,6097.96,0
12,9,2024-08-02,5959.33,0
12,9,2024-08-09,5305.09,0
12,9,2024-08-16,5407.49,0
12,9,2024-08-23,4866.18,0
12,9,2024-08-30,4933.04,0
12,9,2024-09-06,4982.7,1
12,9,2024-09-13,4887.66,0
12,9,2024-09-20,4232.18,0
12,9,2024-09-27,5062.25,0
12,9,2024-10-04,5197.99,0
12,9,2024-10-11,4776.41,0
12,9,2024-10-18,3734.88,0
12,9,2024-10-25,4658.5,0
12,9,2024-11-01,4226.1,0
12,9,2024-11-08,4534.8,0
12,9,2024-11-15,5343.86,0
12,9,2024-11-22,3879.2,0
12,9,2024-11-29,5354.52,1
12,9,2024-12-06,4627.91,0
12,9,2024-12-13,4649.58,0
12,9,2024-12-20,5837.08,0
12,9,2024-12-27,6475.09,1
12,9,2025-01-03,5368.45,0
12,9,2025-01-10,5311.01,0
12,9,2025-01-17,5864.44,0
12,9,2025-01-24,6235.86,0
12,10,2023-02-03,5029.71,0
12,10,2023-02-10,5888.78,1
12,10,2023-02-17,5976.68,0
12,10,2023-02-24,5878.11,0
12,10,2023-03-03,6658.04,0
12,10,2023-03-10,6383.89,0
12,10,2023-03-17,7306.85,0
12,10,2023-03-24,6964.59,0
12,10,2023-03-31,7168.85,0
12,10,2023-04-07,5891.77,0
12,10,2023-04-14,6138.55,0
12,10,2023-04-21,6214.94,0
12,10,2023-04-28,7323.0,0
12,10,2023-05-05,6123.47,0
12,10,2023-05-12,6143.22,0
12,10,2023-05-19,6040.52,0
12,10,2023-05-26,8077.86,0
12,10,2023-06-02,6519.09,0
12,10,2023-06-09,6837.06,0
12,10,2023-06-16,5920.67,0
12,10,2023-06-23,6959.33,0
12,10,2023-06-30,5495.62,0
12,10,2023-07-07,5842.72,0
12,10,2023-07-14,5902.16,0
12,10,2023-07-21,6303.2,0
12,10,2023-07-28,5729.59,0
12,10,2023-08-04,6775.54,0
12,10,2023-08-11,6200.43,0
12,10,2023-08-18,5558.2,0
12,10,2023-08-25,6270.77,0
12,10,2023-09-01,5554.93,0
12,10,2023-09-08,6422.6,1
12,10,2023-09-15,4506.61,0
12,10,2023-09-22,5878.73,0
12,10,2023-09-29,5191.59,0
12,10,2023-10-06,5155.09,0
12,10,2023-10-13,6291.06,0
12,10,2023-10-20,5189.97,0
12,10,2023-10-27,5825.84,0
12,10,2023-11-03,5535.22,0
12,10,2023-11-10,5593.62,0
12,10,2023-11-17,5341.87,0
12,10,2023-11-24,9577.11,1
12,10,2023-12-01,5941.65,0
12,10,2023-12-08,5361.02,0
12,10,2023-12-15,5175.03,0
12,10,2023-12-22,5451.75,0
12,10,2023-12-29,11070.13,1
12,10,2024-01-05,6144.77,0
12,10,2024-01-12,5201.53,0
12,10,2024-01-19,6435.02,0
12,10,2024-01-26,6809.8,0
12,10,2024-02-02,6352.92,0
12,10,2024-02-09,7373.58,1
12,10,2024-02-16,5780.73,0
12,10,2024-02-23,6919.2,0
12,10,2024-03-01,6109.24,0
12,10,2024-03-08,7310.36,0
12,10,2024-03-15,7155.44,0
12,10,2024-03-22,7888.92,0
12,10,2024-03-29,7239.67,0
12,10,2024-04-05,6791.67,0
12,10,2024-04-12,6788.36,0
12,10,2024-04-19,6960.91,0
12,10,2024-04-26,6838.15,0
12,10,2024-05-03,7914.77,0
12,10,2024-05-10,7878.52,0
12,10,2024-05-17,6286.93,0
12,10,2024-05-24,7145.99,0
12,10,2024-05-31,7131.15,0
12,10,2024-06-07,6616.07,0
12,10,2024-06-14,7255.02,0
12,10,2024-06-21,7765.35,0
12,10,2024-06-28,7380.1,0
12,10,2024-07-05,7552.6,0
12,10,2024-07-12,6354.13,0
12,10,2024-07-19,6680.58,0
12,10,2024-07-26,6174.79,0
12,10,2024-08-02,6616.98,0
12,10,2024-08-09,6576.17,0
12,10,2024-08-16,6808.63,0
12,10,2024-08-23,6897.22,0
12,10,2024-08-30,6503.19,0
12,10,2024-09-06,6680.91,1
12,10,2024-09-13,6274.73,0
12,10,2024-09-20,6681.04,0
12,10,2024-09-27,5902.55,0
12,10,2024-10-04,5155.26,0
12,10,2024-10-11,6815.79,0
12,10,2024-10-18,6048.77,0
12,10,2024-10-25,5890.91,0
12,10,2024-11-01,5270.07,0
12,10,2024-11-08,5834.26,0
12,10,2024-11-15,6173.24,0
12,10,2024-11-22,6124.92,0
12,10,2024-11-29,10575.04,1
12,10,2024-12-06,5697.53,0
12,10,2024-12-13,6867.03,0
12,10,2024-12-20,6575.78,0
12,10,2024-12-27,11129.11,1
12,10,2025-01-03,6451.94,0
12,10,2025-01-10,6155.69,0
12,10,2025-01-17,6291.57,0
12,10,2025-01-24,6012.9,0
13,1,2023-02-03,40592.41,0
13,1,2023-02-10,51606.96,1
13,1,2023-02-17,54672.08,0
13,1,2023-02-24,48451.44,0
13,1,2023-03-03,42586.8,0
13,1,2023-03-10,41691.36,0
13,1,2023-03-17,49642.09,0
13,1,2023-03-24,47094.2,0
13,1,2023-03-31,54341.19,0
13,1,2023-04-07,50635.04,0
13,1,2023-04-14,41950.72,0
13,1,2023-04-21,46037.62,0
13,1,2023-04-28,47598.72,0
13,1,2023-05-05,52213.88,0
13,1,2023-05-12,46215.06,0
13,1,2023-05-19,51037.85,0
13,1,2023-05-26,44923.71,0
13,1,2023-06-02,50129.54,0
13,1,2023-06-09,51313.31,0
13,1,2023-06-16,55292.99,0
13,1,2023-06-23,50075.75,0
13,1,2023-06-30,45483.2,0
13,1,2023-07-07,53920.93,0
13,1,2023-07-14,46935.9,0
13,1,2023-07-21,49982.93,0
13,1,2023-07-28,44205.78,0
13,1,2023-08-04,46221.73,0
13,1,2023-08-11,42386.86,0
13,1,2023-08-18,45851.73,0
13,1,2023-08-25,46963.67,0
13,1,2023-09-01,41854.59,0
13,1,2023-09-08,48033.21,1
13,1,2023-09-15,39790.94,0
13,1,2023-09-22,37065.58,0
13,1,2023-09-29,43016.33,0
13,1,2023-10-06,41187.55,0
13,1,2023-10-13,40901.82,0
13,1,2023-10-20,42902.55,0
13,1,2023-10-27,43296.02,0
13,1,2023-11-03,40609.86,0
13,1,2023-11-10,37535.18,0
13,1,2023-11-17,39303.81,0
13,1,2023-11-24,57081.36,1
13,1,2023-12-01,40171.14,0
13,1,2023-12-08,39768.73,0
13,1,2023-12-15,45033.36,0
13,1,2023-12-22,42685.88,0
13,1,2023-12-29,62086.75,1
13,1,2024-01-05,43586.77,0
13,1,2024-01-12,48843.41,0
13,1,2024-01-19,46625.59,0
13,1,2024-01-26,47860.7,0
13,1,2024-02-02,39274.27,0
13,1,2024-02-09,54158.57,1
13,1,2024-02-16,47862.49,0
13,1,2024-02-23,50300.1,0
13,1,2024-03-01,51173.61,0
13,1,2024-03-08,52380.96,0
13,1,2024-03-15,48988.72,0
13,1,2024-03-22,55290.62,0
13,1,2024-03-29,60551.47,0
13,1,2024-04-05,51822.02,0
13,1,2024-04-12,50839.23,0
13,1,2024-04-19,51012.8,0
13,1,2024-04-26,54542.7,0
13,1,2024-05-03,52005.4,0
13,1,2024-05-10,46801.18,0
13,1,2024-05-17,47943.39,0
13,1,2024-05-24,58549.89,0
13,1,2024-05-31,59444.45,0
13,1,2024-06-07,60486.45,0
13,1,2024-06-14,54223.44,0
13,1,2024-06-21,48642.03,0
13,1,2024-06-28,50508.4,0
13,1,2024-07-05,45623.93,0
13,1,2024-07-12,44955.93,0
13,1,2024-07-19,51647.46,0
13,1,2024-07-26,52134.97,0
13,1,2024-08-02,57062.48,0
13,1,2024-08-09,48361.5,0
13,1,2024-08-16,42826.35,0
13,1,2024-08-23,46961.89,0
13,1,2024-08-30,45774.21,0
13,1,2024-09-06,52708.88,1
13,1,2024-09-13,41326.33,0
13,1,2024-09-20,45798.31,0
13,1,2024-09-27,47281.45,0
13,1,2024-10-04,49692.8,0
13,1,2024-10-11,45488.39,0
13,1,2024-10-18,47920.18,0
13,1,2024-10-25,42588.78,0
13,1,2024-11-01,43096.03,0
13,1,2024-11-08,49047.49,0
13,1,2024-11-15,39584.56,0
13,1,2024-11-22,43296.27,0
13,1,2024-11-29,65945.82,1
13,1,2024-12-06,44495.65,0
13,1,2024-12-13,45070.46,0
13,1,2024-12-20,47064.27,0
13,1,2024-12-27,64628.55,1
13,1,2025-01-03,48002.41,0
13,1,2025-01-10,52948.38,0
13,1,2025-01-17,50813.42,0
13,1,2025-01-24,53705.92,0
13,2,2023-02-03,25220.21,0
13,2,2023-02-10,31803.67,1
13,2,2023-02-17,28854.61,0
13,2,2023-02-24,22451.81,0
13,2,2023-03-03,33062.7,0
13,2,2023-03-10,29586.51,0
13,2,2023-03-17,28987.75,0
13,2,2023-03-24,28797.49,0
13,2,2023-03-31,31631.79,0
13,2,2023-04-07,28621.67,0
13,2,2023-04-14,29591.18,0
13,2,2023-04-21,29809.73,0
13,2,2023-04-28,30576.35,0
13,2,2023-05-05,30085.64,0
13,2,2023-05-12,33542.91,0
13,2,2023-05-19,32053.67,0
13,2,2023-05-26,32282.15,0
13,2,2023-06-02,32699.19,0
13,2,2023-06-09,30779.36,0
13,2,2023-06-16,28288.72,0
13,2,2023-06-23,34970.88,0
13,2,2023-06-30,32525.84,0
13,2,2023-07-07,33838.1,0
13,2,2023-07-14,32091.9,0
13,2,2023-07-21,28209.33,0
13,2,2023-07-28,23490.98,0
13,2,2023-08-04,25745.29,0
13,2,2023-08-11,29615.45,0
13,2,2023-08-18,27586.53,0
13,2,2023-08-25,26534.03,0
13,2,2023-09-01,21702.62,0
13,2,2023-09-08,30840.89,1
13,2,2023-09-15,24972.22,0
13,2,2023-09-22,28036.08,0
13,2,2023-09-29,23887.11,0
13,2,2023-10-06,23919.62,0
13,2,2023-10-13,26096.89,0
13,2,2023-10-20,27415.12,0
13,2,2023-10-27,24762.87,0
13,2,2023-11-03,28602.69,0
13,2,2023-11-10,23034.99,0
13,2,2023-11-17,22774.38,0
13,2,2023-11-24,35718.12,1
13,2,2023-12-01,26849.2,0
13,2,2023-12-08,24336.49,0
13,2,2023-12-15,23688.75,0
13,2,2023-12-22,27861.14,0
13,2,2023-12-29,59976.64,1
13,2,2024-01-05,29764.64,0
13,2,2024-01-12,26170.99,0
13,2,2024-01-19,29327.53,0
13,2,2024-01-26,30314.38,0
13,2,2024-02-02,28499.13,0
13,2,2024-02-09,30491.57,1
13,2,2024-02-16,27500.18,0
13,2,2024-02-23,29456.96,0
13,2,2024-03-01,32386.18,0
13,2,2024-03-08,35707.12,0
13,2,2024-03-15,35219.59,0
13,2,2024-03-22,34323.5,0
13,2,2024-03-29,33122.45,0
13,2,2024-04-05,32983.05,0
13,2,2024-04-12,29538.2,0
13,2,2024-04-19,31337.84,0
13,2,2024-04-26,31542.25,0
13,2,2024-05-03,35332.94,0
13,2,2024-05-10,36354.57,0
13,2,2024-05-17,35756.33,0
13,2,2024-05-24,36868.85,0
13,2,2024-05-31,33741.49,0
13,2,2024-06-07,30741.84,0
13,2,2024-06-14,33006.69,0
13,2,2024-06-21,30965.85,0
13,2,2024-06-28,34282.75,0
13,2,2024-07-05,31308.12,0
13,2,2024-07-12,31622.39,0
13,2,2024-07-19,33240.62,0
13,2,2024-07-26,29254.78,0
13,2,2024-08-02,33063.6,0
13,2,2024-08-09,27027.16,0
13,2,2024-08-16,30628.04,0
13,2,2024-08-23,29293.96,0
13,2,2024-08-30,31068.92,0
13,2,2024-09-06,30574.34,1
13,2,2024-09-13,30190.33,0
13,2,2024-09-20,27319.82,0
13,2,2024-09-27,27758.92,0
13,2,2024-10-04,26300.79,0
13,2,2024-10-11,29634.93,0
13,2,2024-10-18,28179.2,0
13,2,2024-10-25,28004.37,0
13,2,2024-11-01,24912.66,0
13,2,2024-11-08,28653.24,0
13,2,2024-11-15,25470.05,0
13,2,2024-11-22,26371.1,0
13,2,2024-11-29,41559.71,1
13,2,2024-12-06,30746.38,0
13,2,2024-12-13,29171.65,0
13,2,2024-12-20,27987.06,0
13,2,2024-12-27,51628.65,1
13,2,2025-01-03,29998.54,0
13,2,2025-01-10,30727.72,0
13,2,2025-01-17,28215.2,0
13,2,2025-01-24,31534.48,0
13,3,2023-02-03,18560.28,0
13,3,2023-02-10,22947.66,1
13,3,2023-02-17,20313.54,0
13,3,2023-02-24,24742.64,0
13,3,2023-03-03,18447.01,0
13,3,2023-03-10,26349.85,0
13,3,2023-03-17,20435.87,0
13,3,2023-03-24,21496.15,0
13,3,2023-03-31,24583.79,0
13,3,2023-04-07,25407.29,0
13,3,2023-04-14,23822.58,0
13,3,2023-04-21,26255.75,0
13,3,2023-04-28,23031.83,0
13,3,2023-05-05,23866.56,0
13,3,2023-05-12,24075.67,0
13,3,2023-05-19,23588.74,0
13,3,2023-05-26,20786.2,0
13,3,2023-06-02,24447.32,0
13,3,2023-06-09,24141.07,0
13,3,2023-06-16,26289.93,0
13,3,2023-06-23,21539.76,0
13,3,2023-06-30,22573.73,0
13,3,2023-07-07,25815.93,0
13,3,2023-07-14,23834.11,0
13,3,2023-07-21,24023.38,0
13,3,2023-07-28,23550.39,0
13,3,2023-08-04,23256.13,0
13,3,2023-08-11,25367.49,0
13,3,2023-08-18,22013.05,0
13,3,2023-08-25,19827.36,0
13,3,2023-09-01,22394.4,0
13,3,2023-09-08,23761.89,1
13,3,2023-09-15,21444.83,0
13,3,2023-09-22,19270.36,0
13,3,2023-09-29,19617.37,0
13,3,2023-10-06,21084.33,0
13,3,2023-10-13,19317.91,0
13,3,2023-10-20,21703.18,0
13,3,2023-10-27,18518.16,0
13,3,2023-11-03,18520.6,0
13,3,2023-11-10,23235.58,0
13,3,2023-11-17,17770.76,0
13,3,2023-11-24,36345.54,1
13,3,2023-12-01,20495.72,0
13,3,2023-12-08,22979.22,0
13,3,2023-12-15,22074.47,0
13,3,2023-12-22,21233.14,0
13,3,2023-12-29,44667.77,1
13,3,2024-01-05,21298.12,0
13,3,2024-01-12,22605.25,0
13,3,2024-01-19,22962.93,0
13,3,2024-01-26,27426.87,0
13,3,2024-02-02,23799.64,0
13,3,2024-02-09,24838.03,1
13,3,2024-02-16,26249.36,0
13,3,2024-02-23,25421.92,0
13,3,2024-03-01,24541.18,0
13,3,2024-03-08,24873.54,0
13,3,2024-03-15,24627.67,0
13,3,2024-03-22,26524.52,0
13,3,2024-03-29,25507.54,0
13,3,2024-04-05,27375.64,0
13,3,2024-04-12,24129.4,0
13,3,2024-04-19,26696.24,0
13,3,2024-04-26,29772.66,0
13,3,2024-05-03,26064.27,0
13,3,2024-05-10,30472.25,0
13,3,2024-05-17,26878.29,0
13,3,2024-05-24,26344.85,0
13,3,2024-05-31,26604.72,0
13,3,2024-06-07,25562.63,0
13,3,2024-06-14,21912.29,0
13,3,2024-06-21,27646.65,0
13,3,2024-06-28,30078.56,0
13,3,2024-07-05,26300.22,0
13,3,2024-07-12,26128.1,0
13,3,2024-07-19,24383.1,0
13,3,2024-07-26,26697.77,0
13,3,2024-08-02,24042.79,0
13,3,2024-08-09,24310.44,0
13,3,2024-08-16,20547.63,0
13,3,2024-08-23,22203.45,0
13,3,2024-08-30,23568.75,0
13,3,2024-09-06,27942.07,1
13,3,2024-09-13,19551.06,0
13,3,2024-09-20,19538.92,0
13,3,2024-09-27,22996.87,0
13,3,2024-10-04,20512.96,0
13,3,2024-10-11,23252.97,0
13,3,2024-10-18,18803.24,0
13,3,2024-10-25,21417.84,0
13,3,2024-11-01,21535.71,0
13,3,2024-11-08,22476.83,0
13,3,2024-11-15,19944.46,0
13,3,2024-11-22,18431.04,0
13,3,2024-11-29,39282.42,1
13,3,2024-12-06,24056.32,0
13,3,2024-12-13,21866.56,0
13,3,2024-12-20,24210.12,0
13,3,2024-12-27,39395.53,1
13,3,2025-01-03,23342.46,0
13,3,2025-01-10,20511.0,0
13,3,2025-01-17,24050.04,0
13,3,2025-01-24,24741.54,0
13,4,2023-02-03,18398.77,0
13,4,2023-02-10,15748.03,1
13,4,2023-02-17,17773.22,0
13,4,2023-02-24,19785.9,0
13,4,2023-03-03,18607.27,0
13,4,2023-03-10,18547.19,0
13,4,2023-03-17,22178.65,0
13,4,2023-03-24,17789.99,0
13,4,2023-03-31,21581.96,0
13,4,2023-04-07,21425.64,0
13,4,2023-04-14,19584.09,0
13,4,2023-04-21,19997.47,0
13,4,2023-04-28,20068.08,0
13,4,2023-05-05,20465.83,0
13,4,2023-05-12,19225.98,0
13,4,2023-05-19,19477.76,0
13,4,2023-05-26,19548.4,0
13,4,2023-06-02,19523.54,0
13,4,2023-06-09,19439.6,0
13,4,2023-06-16,16252.12,0
13,4,2023-06-23,19797.83,0
13,4,2023-06-30,18643.73,0
13,4,2023-07-07,16389.66,0
13,4,2023-07-14,18520.0,0
13,4,2023-07-21,18254.18,0
13,4,2023-07-28,20490.96,0
13,4,2023-08-04,17563.57,0
13,4,2023-08-11,19083.82,0
13,4,2023-08-18,19857.68,0
13,4,2023-08-25,16763.58,0
13,4,2023-09-01,17365.62,0
13,4,2023-09-08,22109.78,1
13,4,2023-09-15,17550.64,0
13,4,2023-09-22,16325.71,0
13,4,2023-09-29,17653.46,0
13,4,2023-10-06,16565.49,0
13,4,2023-10-13,14108.2,0
13,4,2023-10-20,16006.1,0
13,4,2023-10-27,14891.96,0
13,4,2023-11-03,16603.66,0
13,4,2023-11-10,15285.7,0
13,4,2023-11-17,17201.66,0
13,4,2023-11-24,21815.16,1
13,4,2023-12-01,16145.4,0
13,4,2023-12-08,17815.13,0
13,4,2023-12-15,18741.37,0
13,4,2023-12-22,16127.67,0
13,4,2023-12-29,20453.09,1
13,4,2024-01-05,17868.27,0
13,4,2024-01-12,18290.75,0
13,4,2024-01-19,17354.88,0
13,4,2024-01-26,19065.5,0
13,4,2024-02-02,21657.41,0
13,4,2024-02-09,19740.42,1
13,4,2024-02-16,21319.58,0
13,4,2024-02-23,19983.88,0
13,4,2024-03-01,18559.13,0
13,4,2024-03-08,19364.48,0
13,4,2024-03-15,18877.58,0
13,4,2024-03-22,21322.26,0
13,4,2024-03-29,23229.71,0
13,4,2024-04-05,21606.54,0
13,4,2024-04-12,20947.13,0
13,4,2024-04-19,20224.97,0
13,4,2024-04-26,22285.09,0
13,4,2024-05-03,19564.6,0
13,4,2024-05-10,19756.87,0
13,4,2024-05-17,23270.3,0
13,4,2024-05-24,21171.66,0
13,4,2024-05-31,21053.1,0
13,4,2024-06-07,21159.16,0
13,4,2024-06-14,22540.79,0
13,4,2024-06-21,21411.79,0
13,4,2024-06-28,19692.39,0
13,4,2024-07-05,19549.74,0
13,4,2024-07-12,20170.36,0
13,4,2024-07-19,20735.04,0
13,4,2024-07-26,19935.12,0
13,4,2024-08-02,19536.84,0
13,4,2024-08-09,19546.16,0
13,4,2024-08-16,19162.45,0
13,4,2024-08-23,17785.48,0
13,4,2024-08-30,20392.06,0
13,4,2024-09-06,20047.6,1
13,4,2024-09-13,15291.55,0
13,4,2024-09-20,17817.64,0
13,4,2024-09-27,16394.34,0
13,4,2024-10-04,16451.74,0
13,4,2024-10-11,21194.89,0
13,4,2024-10-18,18044.87,0
13,4,2024-10-25,19395.14,0
13,4,2024-11-01,18877.48,0
13,4,2024-11-08,19102.44,0
13,4,2024-11-15,17502.11,0
13,4,2024-11-22,20195.48,0
13,4,2024-11-29,22175.71,1
13,4,2024-12-06,18598.08,0
13,4,2024-12-13,18217.68,0
13,4,2024-12-20,18728.85,0
13,4,2024-12-27,23632.81,1
13,4,2025-01-03,21853.67,0
13,4,2025-01-10,17599.28,0
13,4,2025-01-17,21592.46,0
13,4,2025-01-24,19508.7,0
13,5,2023-02-03,12973.89,0
13,5,2023-02-10,11646.68,1
13,5,2023-02-17,12553.44,0
13,5,2023-02-24,12177.29,0
13,5,2023-03-03,10777.17,0
13,5,2023-03-10,14438.1,0
13,5,2023-03-17,11861.65,0
13,5,2023-03-24,13057.29,0
13,5,2023-03-31,11993.42,0
13,5,2023-04-07,11792.52,0
13,5,2023-04-14,13077.57,0
13,5,2023-04-21,12732.15,0
13,5,2023-04-28,12163.22,0
13,5,2023-05-05,13410.01,0
13,5,2023-05-12,11861.99,0
13,5,2023-05-19,13580.68,0
13,5,2023-05-26,13276.82,0
13,5,2023-06-02,10709.96,0
13,5,2023-06-09,12733.96,0
13,5,2023-06-16,13695.98,0
13,5,2023-06-23,11981.97,0
13,5,2023-06-30,13508.05,0
13,5,2023-07-07,13289.35,0
13,5,2023-07-14,11668.19,0
13,5,2023-07-21,12539.66,0
13,5,2023-07-28,13214.13,0
13,5,2023-08-04,11378.95,0
13,5,2023-08-11,11878.49,0
13,5,2023-08-18,13016.68,0
13,5,2023-08-25,10959.62,0
13,5,2023-09-01,12048.12,0
13,5,2023-09-08,11702.77,1
13,5,2023-09-15,11766.75,0
13,5,2023-09-22,9086.21,0
13,5,2023-09-29,10678.94,0
13,5,2023-10-06,11459.32,0
13,5,2023-10-13,11219.88,0
13,5,2023-10-20,10523.88,0
13,5,2023-10-27,9996.92,0
13,5,2023-11-03,11522.17,0
13,5,2023-11-10,10713.43,0
13,5,2023-11-17,11527.17,0
13,5,2023-11-24,19252.86,1
13,5,2023-12-01,12166.57,0
13,5,2023-12-08,10777.08,0
13,5,2023-12-15,12533.12,0
13,5,2023-12-22,12813.32,0
13,5,2023-12-29,22340.63,1
13,5,2024-01-05,14350.7,0
13,5,2024-01-12,12252.3,0
13,5,2024-01-19,12534.47,0
13,5,2024-01-26,12473.15,0
13,5,2024-02-02,11548.75,0
13,5,2024-02-09,14234.11,1
13,5,2024-02-16,12497.46,0
13,5,2024-02-23,14269.63,0
13,5,2024-03-01,14729.25,0
13,5,2024-03-08,14315.2,0
13,5,2024-03-15,13055.89,0
13,5,2024-03-22,13590.19,0
13,5,2024-03-29,11084.5,0
13,5,2024-04-05,14088.68,0
13,5,2024-04-12,15236.69,0
13,5,2024-04-19,14119.04,0
13,5,2024-04-26,13764.0,0
13,5,2024-05-03,14132.19,0
13,5,2024-05-10,15893.9,0
13,5,2024-05-17,14408.46,0
13,5,2024-05-24,16580.72,0
13,5,2024-05-31,13721.07,0
13,5,2024-06-07,14548.01,0
13,5,2024-06-14,13710.03,0
13,5,2024-06-21,16426.03,0
13,5,2024-06-28,14158.68,0
13,5,2024-07-05,16166.5,0
13,5,2024-07-12,13201.01,0
13,5,2024-07-19,15146.45,0
13,5,2024-07-26,13453.76,0
13,5,2024-08-02,14036.11,0
13,5,2024-08-09,11715.89,0
13,5,2024-08-16,13169.21,0
13,5,2024-08-23,11564.87,0
13,5,2024-08-30,12745.52,0
13,5,2024-09-06,12004.61,1
13,5,2024-09-13,13276.16,0
13,5,2024-09-20,12615.93,0
13,5,2024-09-27,10800.75,0
13,5,2024-10-04,10092.6,0
13,5,2024-10-11,12306.9,0
13,5,2024-10-18,13286.42,0
13,5,2024-10-25,10867.11,0
13,5,2024-11-01,13755.44,0
13,5,2024-11-08,11800.15,0
13,5,2024-11-15,9998.98,0
13,5,2024-11-22,10440.68,0
13,5,2024-11-29,22169.85,1
13,5,2024-12-06,13582.83,0
13,5,2024-12-13,11102.46,0
13,5,2024-12-20,12551.81,0
13,5,2024-12-27,18968.34,1
13,5,2025-01-03,12397.47,0
13,5,2025-01-10,12608.05,0
13,5,2025-01-17,13373.88,0
13,5,2025-01-24,13724.94,0
13,6,2023-02-03,15019.47,0
13,6,2023-02-10,16400.42,1
13,6,2023-02-17,13730.4,0
13,6,2023-02-24,13182.99,0
13,6,2023-03-03,16908.38,0
13,6,2023-03-10,14647.61,0
13,6,2023-03-17,15549.7,0
13,6,2023-03-24,15418.91,0
13,6,2023-03-31,15540.38,0
13,6,2023-04-07,14580.52,0
13,6,2023-04-14,15862.23,0
13,6,2023-04-21,17576.47,0
13,6,2023-04-28,16767.05,0
13,6,2023-05-05,17488.64,0
13,6,2023-05-12,16154.15,0
13,6,2023-05-19,18021.09,0
13,6,2023-05-26,16084.92,0
13,6,2023-06-02,13884.28,0
13,6,2023-06-09,17033.46,0
13,6,2023-06-16,17514.66,0
13,6,2023-06-23,15637.91,0
13,6,2023-06-30,17777.1,0
13,6,2023-07-07,14963.23,0
13,6,2023-07-14,16729.96,0
13,6,2023-07-21,17880.04,0
13,6,2023-07-28,15540.54,0
13,6,2023-08-04,15019.01,0
13,6,2023-08-11,14969.05,0
13,6,2023-08-18,16840.68,0
13,6,2023-08-25,15182.65,0
13,6,2023-09-01,17018.38,0
13,6,2023-09-08,16894.38,1
13,6,2023-09-15,13538.02,0
13,6,2023-09-22,14132.24,0
13,6,2023-09-29,11667.5,0
13,6,2023-10-06,13322.27,0
13,6,2023-10-13,13276.93,0
13,6,2023-10-20,13991.92,0
13,6,2023-10-27,15836.82,0
13,6,2023-11-03,13773.39,0
13,6,2023-11-10,11631.97,0
13,6,2023-11-17,12797.17,0
13,6,2023-11-24,19456.01,1
13,6,2023-12-01,15826.61,0
13,6,2023-12-08,15230.11,0
13,6,2023-12-15,15368.49,0
13,6,2023-12-22,14233.86,0
13,6,2023-12-29,21305.28,1
13,6,2024-01-05,16056.23,0
13,6,2024-01-12,14789.69,0
13,6,2024-01-19,13591.01,0
13,6,2024-01-26,16360.26,0
13,6,2024-02-02,17644.67,0
13,6,2024-02-09,15597.85,1
13,6,2024-02-16,18418.29,0
13,6,2024-02-23,14413.67,0
13,6,2024-03-01,15235.47,0
13,6,2024-03-08,16869.73,0
13,6,2024-03-15,16763.8,0
13,6,2024-03-22,16532.19,0
13,6,2024-03-29,17820.31,0
13,6,2024-04-05,17024.76,0
13,6,2024-04-12,17382.65,0
13,6,2024-04-19,18391.35,0
13,6,2024-04-26,17093.11,0
13,6,2024-05-03,17942.8,0
13,6,2024-05-10,17171.76,0
13,6,2024-05-17,16344.55,0
13,6,2024-05-24,19146.39,0
13,6,2024-05-31,20427.3,0
13,6,2024-06-07,19396.67,0
13,6,2024-06-14,18224.19,0
13,6,2024-06-21,16706.21,0
13,6,2024-06-28,17047.03,0
13,6,2024-07-05,18728.51,0
13,6,2024-07-12,13958.62,0
13,6,2024-07-19,16381.0,0
13,6,2024-07-26,17638.36,0
13,6,2024-08-02,14947.0,0
13,6,2024-08-09,16778.05,0
13,6,2024-08-16,16498.12,0
13,6,2024-08-23,13968.92,0
13,6,2024-08-30,15719.45,0
13,6,2024-09-06,16023.71,1
13,6,2024-09-13,16075.43,0
13,6,2024-09-20,15590.28,0
13,6,2024-09-27,15066.66,0
13,6,2024-10-04,15218.55,0
13,6,2024-10-11,13403.39,0
13,6,2024-10-18,14706.82,0
13,6,2024-10-25,13781.08,0
13,6,2024-11-01,15938.82,0
13,6,2024-11-08,15564.51,0
13,6,2024-11-15,15627.87,0
13,6,2024-11-22,16957.33,0
13,6,2024-11-29,19883.82,1
13,6,2024-12-06,14749.31,0
13,6,2024-12-13,13381.84,0
13,6,2024-12-20,13648.01,0
13,6,2024-12-27,20394.05,1
13,6,2025-01-03,14611.45,0
13,6,2025-01-10,16098.93,0
13,6,2025-01-17,15943.28,0
13,6,2025-01-24,17937.53,0
13,7,2023-02-03,13806.99,0
13,7,2023-02-10,16845.58,1
13,7,2023-02-17,15004.14,0
13,7,2023-02-24,12765.4,0
13,7,2023-03-03,14888.36,0
13,7,2023-03-10,13941.35,0
13,7,2023-03-17,14079.64,0
13,7,2023-03-24,17395.11,0
13,7,2023-03-31,15430.59,0
13,7,2023-04-07,15137.63,0
13,7,2023-04-14,15616.9,0
13,7,2023-04-21,16685.29,0
13,7,2023-04-28,14775.53,0
13,7,2023-05-05,15023.19,0
13,7,2023-05-12,16525.1,0
13,7,2023-05-19,13783.7,0
13,7,2023-05-26,16889.39,0
13,7,2023-06-02,13586.4,0
13,7,2023-06-09,15200.3,0
13,7,2023-06-16,13431.55,0
13,7,2023-06-23,13987.88,0
13,7,2023-06-30,16711.21,0
13,7,2023-07-07,16237.66,0
13,7,2023-07-14,16184.41,0
13,7,2023-07-21,12946.48,0
13,7,2023-07-28,13245.97,0
13,7,2023-08-04,14664.59,0
13,7,2023-08-11,14896.55,0
13,7,2023-08-18,13016.99,0
13,7,2023-08-25,13092.32,0
13,7,2023-09-01,12331.0,0
13,7,2023-09-08,16173.86,1
13,7,2023-09-15,13287.38,0
13,7,2023-09-22,13213.23,0
13,7,2023-09-29,14166.29,0
13,7,2023-10-06,11940.39,0
13,7,2023-10-13,14059.23,0
13,7,2023-10-20,11502.56,0
13,7,2023-10-27,13986.7,0
13,7,2023-11-03,11042.7,0
13,7,2023-11-10,12722.6,0
13,7,2023-11-17,14561.82,0
13,7,2023-11-24,18490.91,1
13,7,2023-12-01,11976.19,0
13,7,2023-12-08,12424.86,0
13,7,2023-12-15,14786.39,0
13,7,2023-12-22,14030.66,0
13,7,2023-12-29,18288.97,1
13,7,2024-01-05,13594.94,0
13,7,2024-01-12,14988.98,0
13,7,2024-01-19,14644.55,0
13,7,2024-01-26,14379.52,0
13,7,2024-02-02,13136.72,0
13,7,2024-02-09,20749.04,1
13,7,2024-02-16,14538.98,0
13,7,2024-02-23,16970.0,0
13,7,2024-03-01,16032.09,0
13,7,2024-03-08,16267.81,0
13,7,2024-03-15,17264.67,0
13,7,2024-03-22,17171.98,0
13,7,2024-03-29,16842.92,0
13,7,2024-04-05,16341.07,0
13,7,2024-04-12,19354.23,0
13,7,2024-04-19,15805.54,0
13,7,2024-04-26,17859.39,0
13,7,2024-05-03,16776.55,0
13,7,2024-05-10,17514.5,0
13,7,2024-05-17,18549.24,0
13,7,2024-05-24,16421.25,0
13,7,2024-05-31,17581.39,0
13,7,2024-06-07,17037.18,0
13,7,2024-06-14,15719.45,0
13,7,2024-06-21,18090.25,0
13,7,2024-06-28,17210.85,0
13,7,2024-07-05,15556.76,0
13,7,2024-07-12,17343.84,0
13,7,2024-07-19,14699.18,0
13,7,2024-07-26,15513.28,0
13,7,2024-08-02,14821.15,0
13,7,2024-08-09,16056.87,0
13,7,2024-08-16,14373.84,0
13,7,2024-08-23,15649.54,0
13,7,2024-08-30,15263.01,0
13,7,2024-09-06,15872.3,1
13,7,2024-09-13,13391.66,0
13,7,2024-09-20,12511.43,0
13,7,2024-09-27,14938.55,0
13,7,2024-10-04,11495.9,0
13,7,2024-10-11,15457.11,0
13,7,2024-10-18,13872.23,0
13,7,2024-10-25,12169.41,0
13,7,2024-11-01,12699.46,0
13,7,2024-11-08,11973.37,0
13,7,2024-11-15,14256.77,0
13,7,2024-11-22,12441.32,0
13,7,2024-11-29,18690.5,1
13,7,2024-12-06,13628.03,0
13,7,2024-12-13,14909.77,0
13,7,2024-12-20,15229.85,0
13,7,2024-12-27,20648.32,1
13,7,2025-01-03,14884.83,0
13,7,2025-01-10,14378.98,0
13,7,2025-01-17,15588.5,0
13,7,2025-01-24,14660.57,0
13,8,2023-02-03,15170.68,0
13,8,2023-02-10,15419.71,1
13,8,2023-02-17,16583.16,0
13,8,2023-02-24,16449.25,0
13,8,2023-03-03,17354.23,0
13,8,2023-03-10,16755.08,0
13,8,2023-03-17,16312.28,0
13,8,2023-03-24,17558.31,0
13,8,2023-03-31,16180.14,0
13,8,2023-04-07,18408.23,0
13,8,2023-04-14,17322.56,0
13,8,2023-04-21,18114.02,0
13,8,2023-04-28,18205.38,0
13,8,2023-05-05,20228.21,0
13,8,2023-05-12,18490.95,0
13,8,2023-05-19,18032.63,0
13,8,2023-05-26,16893.97,0
13,8,2023-06-02,18958.58,0
13,8,2023-06-09,17337.13,0
13,8,2023-06-16,15453.63,0
13,8,2023-06-23,17189.13,0
13,8,2023-06-30,17567.37,0
13,8,2023-07-07,16004.87,0
13,8,2023-07-14,16776.39,0
13,8,2023-07-21,16640.29,0
13,8,2023-07-28,16454.08,0
13,8,2023-08-04,17927.45,0
13,8,2023-08-11,14413.5,0
13,8,2023-08-18,18478.98,0
13,8,2023-08-25,15648.06,0
13,8,2023-09-01,16214.21,0
13,8,2023-09-08,16519.43,1
13,8,2023-09-15,13867.28,0
13,8,2023-09-22,14371.31,0
13,8,2023-09-29,16056.89,0
13,8,2023-10-06,13135.83,0
13,8,2023-10-13,13688.39,0
13,8,2023-10-20,14836.93,0
13,8,2023-10-27,15174.36,0
13,8,2023-11-03,15145.54,0
13,8,2023-11-10,13508.5,0
13,8,2023-11-17,12844.35,0
13,8,2023-11-24,19670.11,1
13,8,2023-12-01,14527.44,0
13,8,2023-12-08,13705.13,0
13,8,2023-12-15,14733.02,0
13,8,2023-12-22,15938.28,0
13,8,2023-12-29,19498.41,1
13,8,2024-01-05,17071.55,0
13,8,2024-01-12,16378.36,0
13,8,2024-01-19,13832.92,0
13,8,2024-01-26,15737.6,0
13,8,2024-02-02,16186.17,0
13,8,2024-02-09,16169.92,1
13,8,2024-02-16,17729.53,0
13,8,2024-02-23,18022.13,0
13,8,2024-03-01,15564.95,0
13,8,2024-03-08,19380.13,0
13,8,2024-03-15,18451.75,0
13,8,2024-03-22,19161.55,0
13,8,2024-03-29,19927.85,0
13,8,2024-04-05,17798.14,0
13,8,2024-04-12,21012.28,0
13,8,2024-04-19,18972.32,0
13,8,2024-04-26,21591.95,0
13,8,2024-05-03,17922.28,0
13,8,2024-05-10,21536.25,0
13,8,2024-05-17,17899.8,0
13,8,2024-05-24,23171.39,0
13,8,2024-05-31,17710.3,0
13,8,2024-06-07,20677.6,0
13,8,2024-06-14,18387.61,0
13,8,2024-06-21,19858.47,0
13,8,2024-06-28,18550.35,0
13,8,2024-07-05,16811.5,0
13,8,2024-07-12,14138.3,0
13,8,2024-07-19,21606.17,0
13,8,2024-07-26,17874.41,0
13,8,2024-08-02,13410.23,0
13,8,2024-08-09,17729.33,0
13,8,2024-08-16,18025.2,0
13,8,2024-08-23,15897.41,0
13,8,2024-08-30,15707.93,0
13,8,2024-09-06,19325.39,1
13,8,2024-09-13,16405.2,0
13,8,2024-09-20,18001.74,0
13,8,2024-09-27,17424.31,0
13,8,2024-10-04,15576.05,0
13,8,2024-10-11,13798.93,0
13,8,2024-10-18,15440.79,0
13,8,2024-10-25,16361.49,0
13,8,2024-11-01,15780.6,0
13,8,2024-11-08,16540.67,0
13,8,2024-11-15,16901.2,0
13,8,2024-11-22,16582.82,0
13,8,2024-11-29,18672.99,1
13,8,2024-12-06,19086.11,0
13,8,2024-12-13,14421.13,0
13,8,2024-12-20,17224.87,0
13,8,2024-12-27,23170.02,1
13,8,2025-01-03,18417.55,0
13,8,2025-01-10,18884.72,0
13,8,2025-01-17,15508.37,0
13,8,2025-01-24,18885.66,0
13,9,2023-02-03,8641.47,0
13,9,2023-02-10,8931.01,1
13,9,2023-02-17,8877.2,0
13,9,2023-02-24,10221.96,0
13,9,2023-03-03,9297.6,0
13,9,2023-03-10,9153.76,0
13,9,2023-03-17,9278.32,0
13,9,2023-03-24,9462.33,0
13,9,2023-03-31,8973.76,0
13,9,2023-04-07,9529.62,0
13,9,2023-04-14,10065.54,0
13,9,2023-04-21,10349.43,0
13,9,2023-04-28,11032.73,0
13,9,2023-05-05,10280.54,0
13,9,2023-05-12,9709.94,0
13,9,2023-05-19,9268.64,0
13,9,2023-05-26,10297.09,0
13,9,2023-06-02,9926.86,0
13,9,2023-06-09,9900.36,0
13,9,2023-06-16,10108.91,0
13,9,2023-06-23,10230.31,0
13,9,2023-06-30,9942.57,0
13,9,2023-07-07,9502.13,0
13,9,2023-07-14,8916.02,0
13,9,2023-07-21,8952.5,0
13,9,2023-07-28,9927.91,0
13,9,2023-08-04,8866.69,0
13,9,2023-08-11,8082.61,0
13,9,2023-08-18,9769.19,0
13,9,2023-08-25,8159.88,0
13,9,2023-09-01,8740.5,0
13,9,2023-09-08,10575.51,1
13,9,2023-09-15,6831.35,0
13,9,2023-09-22,8701.35,0
13,9,2023-09-29,9254.72,0
13,9,2023-10-06,8831.93,0
13,9,2023-10-13,6861.09,0
13,9,2023-10-20,9638.93,0
13,9,2023-10-27,7352.11,0
13,9,2023-11-03,7518.09,0
13,9,2023-11-10,8763.7,0
13,9,2023-11-17,8584.07,0
13,9,2023-11-24,10254.11,1
13,9,2023-12-01,9298.58,0
13,9,2023-12-08,8459.57,0
13,9,2023-12-15,7507.39,0
13,9,2023-12-22,9548.11,0
13,9,2023-12-29,11097.4,1
13,9,2024-01-05,9350.66,0
13,9,2024-01-12,10816.01,0
13,9,2024-01-19,8994.29,0
13,9,2024-01-26,9383.46,0
13,9,2024-02-02,10070.54,0
13,9,2024-02-09,9438.27,1
13,9,2024-02-16,10453.65,0
13,9,2024-02-23,7618.24,0
13,9,2024-03-01,10050.3,0
13,9,2024-03-08,10157.67,0
13,9,2024-03-15,10250.29,0
13,9,2024-03-22,9743.45,0
13,9,2024-03-29,11345.92,0
13,9,2024-04-05,10235.46,0
13,9,2024-04-12,10910.01,0
13,9,2024-04-19,10762.29,0
13,9,2024-04-26,11268.15,0
13,9,2024-05-03,12100.73,0
13,9,2024-05-10,11033.69,0
13,9,2024-05-17,11584.12,0
13,9,2024-05-24,10951.85,0
13,9,2024-05-31,10346.64,0
13,9,2024-06-07,10603.18,0
13,9,2024-06-14,10410.22,0
13,9,2024-06-21,11046.25,0
13,9,2024-06-28,10557.83,0
13,9,2024-07-05,9702.62,0
13,9,2024-07-12,10063.17,0
13,9,2024-07-19,8887.05,0
13,9,2024-07-26,9848.34,0
13,9,2024-08-02,9867.72,0
13,9,2024-08-09,11145.74,0
13,9,2024-08-16,10645.66,0
13,9,2024-08-23,8700.24,0
13,9,2024-08-30,9517.68,0
13,9,2024-09-06,10803.38,1
13,9,2024-09-13,9032.64,0
13,9,2024-09-20,8808.18,0
13,9,2024-09-27,10334.32,0
13,9,2024-10-04,8627.73,0
13,9,2024-10-11,9119.38,0
13,9,2024-10-18,7056.14,0
13,9,2024-10-25,9413.23,0
13,9,2024-11-01,9671.22,0
13,9,2024-11-08,8109.48,0
13,9,2024-11-15,8528.51,0
13,9,2024-11-22,9271.03,0
13,9,2024-11-29,12152.01,1
13,9,2024-12-06,8897.94,0
13,9,2024-12-13,10582.37,0
13,9,2024-12-20,8825.8,0
13,9,2024-12-27,14139.22,1
13,9,2025-01-03,10230.2,0
13,9,2025-01-10,8927.98,0
13,9,2025-01-17,10612.1,0
13,9,2025-01-24,10536.01,0
13,10,2023-02-03,8965.45,0
13,10,2023-02-10,9736.19,1
13,10,2023-02-17,11458.2,0
13,10,2023-02-24,11185.62,0
13,10,2023-03-03,10992.81,0
13,10,2023-03-10,12621.44,0
13,10,2023-03-17,10928.66,0
13,10,2023-03-24,11456.39,0
13,10,2023-03-31,11383.3,0
13,10,2023-04-07,12598.54,0
13,10,2023-04-14,10511.11,0
13,10,2023-04-21,11765.08,0
13,10,2023-04-28,10604.54,0
13,10,2023-05-05,12018.9,0
13,10,2023-05-12,13049.51,0
13,10,2023-05-19,13055.78,0
13,10,2023-05-26,11579.96,0
13,10,2023-06-02,12770.39,0
13,10,2023-06-09,12002.16,0
13,10,2023-06-16,13418.84,0
13,10,2023-06-23,11880.07,0
13,10,2023-06-30,9066.11,0
13,10,2023-07-07,12617.08,0
13,10,2023-07-14,11216.2,0
13,10,2023-07-21,11253.6,0
13,10,2023-07-28,11668.37,0
13,10,2023-08-04,9938.69,0
13,10,2023-08-11,11137.01,0
13,10,2023-08-18,11393.72,0
13,10,2023-08-25,11100.53,0
13,10,2023-09-01,10142.38,0
13,10,2023-09-08,13110.57,1
13,10,2023-09-15,9892.88,0
13,10,2023-09-22,10200.61,0
13,10,2023-09-29,10467.87,0
13,10,2023-10-06,9891.89,0
13,10,2023-10-13,11095.3,0
13,10,2023-10-20,10305.44,0
13,10,2023-10-27,10112.96,0
13,10,2023-11-03,10265.66,0
13,10,2023-11-10,10671.7,0
13,10,2023-11-17,10319.87,0
13,10,2023-11-24,16863.98,1
13,10,2023-12-01,10369.69,0
13,10,2023-12-08,10940.37,0
13,10,2023-12-15,10149.04,0
13,10,2023-12-22,9070.32,0
13,10,2023-12-29,17653.9,1
13,10,2024-01-05,11380.28,0
13,10,2024-01-12,12248.64,0
13,10,2024-01-19,11544.87,0
13,10,2024-01-26,10489.76,0
13,10,2024-02-02,10908.17,0
13,10,2024-02-09,13110.08,1
13,10,2024-02-16,10746.82,0
13,10,2024-02-23,14232.78,0
13,10,2024-03-01,14210.02,0
13,10,2024-03-08,14655.88,0
13,10,2024-03-15,13055.09,0
13,10,2024-03-22,12457.22,0
13,10,2024-03-29,13298.55,0
13,10,2024-04-05,13983.63,0
13,10,2024-04-12,12440.9,0
13,10,2024-04-19,12030.86,0
13,10,2024-04-26,12941.32,0
13,10,2024-05-03,12450.69,0
13,10,2024-05-10,14596.52,0
13,10,2024-05-17,12611.28,0
13,10,2024-05-24,13333.49,0
13,10,2024-05-31,14215.87,0
13,10,2024-06-07,14449.97,0
13,10,2024-06-14,13236.14,0
13,10,2024-06-21,13311.02,0
13,10,2024-06-28,11753.87,0
13,10,2024-07-05,13699.83,0
13,10,2024-07-12,13787.51,0
13,10,2024-07-19,10521.04,0
13,10,2024-07-26,13940.36,0
13,10,2024-08-02,11383.32,0
13,10,2024-08-09,12466.94,0
13,10,2024-08-16,11817.3,0
13,10,2024-08-23,11536.65,0
13,10,2024-08-30,11258.8,0
13,10,2024-09-06,11003.23,1
13,10,2024-09-13,10933.05,0
13,10,2024-09-20,9918.68,0
13,10,2024-09-27,10075.52,0
13,10,2024-10-04,9780.33,0
13,10,2024-10-11,10394.63,0
13,10,2024-10-18,11231.17,0
13,10,2024-10-25,10179.84,0
13,10,2024-11-01,11640.01,0
13,10,2024-11-08,10719.21,0
13,10,2024-11-15,10617.19,0
13,10,2024-11-22,10950.91,0
13,10,2024-11-29,25512.64,1
13,10,2024-12-06,12606.0,0
13,10,2024-12-13,12120.77,0
13,10,2024-12-20,11378.03,0
13,10,2024-12-27,20164.21,1
13,10,2025-01-03,11991.1,0
13,10,2025-01-10,11387.2,0
13,10,2025-01-17,13025.27,0
13,10,2025-01-24,11588.82,0
14,1,2023-02-03,16823.88,0
14,1,2023-02-10,22505.88,1
14,1,2023-02-17,16285.52,0
14,1,2023-02-24,18757.33,0
14,1,2023-03-03,16532.86,0
14,1,2023-03-10,15052.74,0
14,1,2023-03-17,17300.47,0
14,1,2023-03-24,19846.23,0
14,1,2023-03-31,18766.03,0
14,1,2023-04-07,18129.93,0
14,1,2023-04-14,19155.23,0
14,1,2023-04-21,19207.16,0
14,1,2023-04-28,20203.54,0
14,1,2023-05-05,16802.33,0
14,1,2023-05-12,19144.68,0
14,1,2023-05-19,19477.72,0
14,1,2023-05-26,17138.15,0
14,1,2023-06-02,17050.45,0
14,1,2023-06-09,18506.62,0
14,1,2023-06-16,18948.3,0
14,1,2023-06-23,18802.81,0
14,1,2023-06-30,17784.85,0
14,1,2023-07-07,17543.53,0
14,1,2023-07-14,17643.77,0
14,1,2023-07-21,18434.03,0
14,1,2023-07-28,19550.69,0
14,1,2023-08-04,14434.32,0
14,1,2023-08-11,18186.62,0
14,1,2023-08-18,16945.27,0
14,1,2023-08-25,17587.89,0
14,1,2023-09-01,18249.97,0
14,1,2023-09-08,17976.74,1
14,1,2023-09-15,14660.57,0
14,1,2023-09-22,16301.76,0
14,1,2023-09-29,15690.97,0
14,1,2023-10-06,15949.8,0
14,1,2023-10-13,14556.97,0
14,1,2023-10-20,16303.94,0
14,1,2023-10-27,17725.16,0
14,1,2023-11-03,14512.34,0
14,1,2023-11-10,16013.05,0
14,1,2023-11-17,16927.66,0
14,1,2023-11-24,21114.75,1
14,1,2023-12-01,15519.67,0
14,1,2023-12-08,16078.8,0
14,1,2023-12-15,15109.68,0
14,1,2023-12-22,16790.24,0
14,1,2023-12-29,20646.25,1
14,1,2024-01-05,16229.39,0
14,1,2024-01-12,16415.93,0
14,1,2024-01-19,18291.4,0
14,1,2024-01-26,19925.9,0
14,1,2024-02-02,19127.37,0
14,1,2024-02-09,25284.27,1
14,1,2024-02-16,19566.53,0
14,1,2024-02-23,20101.22,0
14,1,2024-03-01,21635.29,0
14,1,2024-03-08,21527.01,0
14,1,2024-03-15,18103.7,0
14,1,2024-03-22,21323.52,0
14,1,2024-03-29,20661.7,0
14,1,2024-04-05,20081.63,0
14,1,2024-04-12,17623.39,0
14,1,2024-04-19,18100.4,0
14,1,2024-04-26,20116.5,0
14,1,2024-05-03,18332.24,0
14,1,2024-05-10,20205.99,0
14,1,2024-05-17,21943.4,0
14,1,2024-05-24,19742.91,0
14,1,2024-05-31,20760.23,0
14,1,2024-06-07,18754.99,0
14,1,2024-06-14,20858.32,0
14,1,2024-06-21,21028.68,0
14,1,2024-06-28,17741.73,0
14,1,2024-07-05,18623.22,0
14,1,2024-07-12,17607.25,0
14,1,2024-07-19,20148.24,0
14,1,2024-07-26,19367.88,0
14,1,2024-08-02,18794.77,0
14,1,2024-08-09,18430.74,0
14,1,2024-08-16,18851.76,0
14,1,2024-08-23,18637.18,0
14,1,2024-08-30,17203.02,0
14,1,2024-09-06,18602.64,1
14,1,2024-09-13,17242.44,0
14,1,2024-09-20,20194.33,0
14,1,2024-09-27,16661.07,0
14,1,2024-10-04,17464.17,0
14,1,2024-10-11,17610.38,0
14,1,2024-10-18,18812.97,0
14,1,2024-10-25,15793.74,0
14,1,2024-11-01,18706.03,0
14,1,2024-11-08,16734.76,0
14,1,2024-11-15,20410.29,0
14,1,2024-11-22,17608.94,0
14,1,2024-11-29,19890.99,1
14,1,2024-12-06,19279.28,0
14,1,2024-12-13,17728.01,0
14,1,2024-12-20,17749.65,0
14,1,2024-12-27,22205.29,1
14,1,2025-01-03,18034.64,0
14,1,2025-01-10,17217.32,0
14,1,2025-01-17,21535.16,0
14,1,2025-01-24,17341.21,0
14,2,2023-02-03,10653.89,0
14,2,2023-02-10,11089.41,1
14,2,2023-02-17,10833.85,0
14,2,2023-02-24,9903.79,0
14,2,2023-03-03,10272.13,0
14,2,2023-03-10,11785.0,0
14,2,2023-03-17,10735.59,0
14,2,2023-03-24,9656.99,0
14,2,2023-03-31,12049.91,0
14,2,2023-04-07,10962.65,0
14,2,2023-04-14,12465.36,0
14,2,2023-04-21,11737.32,0
14,2,2023-04-28,11735.97,0
14,2,2023-05-05,12052.48,0
14,2,2023-05-12,10916.67,0
14,2,2023-05-19,11207.72,0
14,2,2023-05-26,11722.43,0
14,2,2023-06-02,10833.11,0
14,2,2023-06-09,12538.65,0
14,2,2023-06-16,11492.29,0
14,2,2023-06-23,10332.95,0
14,2,2023-06-30,11063.65,0
14,2,2023-07-07,11556.61,0
14,2,2023-07-14,10932.17,0
14,2,2023-07-21,11560.84,0
14,2,2023-07-28,11571.37,0
14,2,2023-08-04,13019.71,0
14,2,2023-08-11,11771.11,0
14,2,2023-08-18,9245.66,0
14,2,2023-08-25,10199.24,0
14,2,2023-09-01,10150.59,0
14,2,2023-09-08,11607.22,1
14,2,2023-09-15,9708.42,0
14,2,2023-09-22,9041.23,0
14,2,2023-09-29,9476.73,0
14,2,2023-10-06,9440.82,0
14,2,2023-10-13,9589.62,0
14,2,2023-10-20,8871.66,0
14,2,2023-10-27,10555.88,0
14,2,2023-11-03,10161.03,0
14,2,2023-11-10,8677.18,0
14,2,2023-11-17,9878.29,0
14,2,2023-11-24,15424.18,1
14,2,2023-12-01,11291.79,0
14,2,2023-12-08,10053.51,0
14,2,2023-12-15,9516.38,0
14,2,2023-12-22,9792.9,0
14,2,2023-12-29,15996.37,1
14,2,2024-01-05,11806.34,0
14,2,2024-01-12,11629.74,0
14,2,2024-01-19,11827.8,0
14,2,2024-01-26,11304.02,0
14,2,2024-02-02,10285.52,0
14,2,2024-02-09,10802.03,1
14,2,2024-02-16,11745.91,0
14,2,2024-02-23,10722.89,0
14,2,2024-03-01,12322.32,0
14,2,2024-03-08,12972.93,0
14,2,2024-03-15,12873.24,0
14,2,2024-03-22,12973.3,0
14,2,2024-03-29,10709.36,0
14,2,2024-04-05,14046.12,0
14,2,2024-04-12,11175.78,0
14,2,2024-04-19,12688.19,0
14,2,2024-04-26,13530.84,0
14,2,2024-05-03,13291.26,0
14,2,2024-05-10,11606.54,0
14,2,2024-05-17,11780.74,0
14,2,2024-05-24,13179.12,0
14,2,2024-05-31,13356.2,0
14,2,2024-06-07,11631.74,0
14,2,2024-06-14,13073.65,0
14,2,2024-06-21,11049.22,0
14,2,2024-06-28,13079.64,0
14,2,2024-07-05,11457.62,0
14,2,2024-07-12,12270.05,0
14,2,2024-07-19,11961.74,0
14,2,2024-07-26,12999.54,0
14,2,2024-08-02,11968.65,0
14,2,2024-08-09,11031.59,0
14,2,2024-08-16,11763.61,0
14,2,2024-08-23,13221.38,0
14,2,2024-08-30,11805.95,0
14,2,2024-09-06,12678.65,1
14,2,2024-09-13,10356.71,0
14,2,2024-09-20,11373.87,0
14,2,2024-09-27,9937.44,0
14,2,2024-10-04,10622.77,0
14,2,2024-10-11,11778.75,0
14,2,2024-10-18,10653.09,0
14,2,2024-10-25,9601.95,0
14,2,2024-11-01,12344.24,0
14,2,2024-11-08,12022.66,0
14,2,2024-11-15,11006.45,0
14,2,2024-11-22,11734.52,0
14,2,2024-11-29,21931.27,1
14,2,2024-12-06,10470.25,0
14,2,2024-12-13,9770.92,0
14,2,2024-12-20,13398.2,0
14,2,2024-12-27,19100.3,1
14,2,2025-01-03,11675.02,0
14,2,2025-01-10,12067.2,0
14,2,2025-01-17,11687.12,0
14,2,2025-01-24,11884.04,0
14,3,2023-02-03,8350.4,0
14,3,2023-02-10,8713.1,1
14,3,2023-02-17,8520.38,0
14,3,2023-02-24,8601.83,0
14,3,2023-03-03,7844.75,0
14,3,2023-03-10,10319.93,0
14,3,2023-03-17,9381.94,0
14,3,2023-03-24,9247.29,0
14,3,2023-03-31,8724.7,0
14,3,2023-04-07,8516.38,0
14,3,2023-04-14,9964.84,0
14,3,2023-04-21,9253.5,0
14,3,2023-04-28,9876.66,0
14,3,2023-05-05,8410.29,0
14,3,2023-05-12,10604.69,0
14,3,2023-05-19,10108.6,0
14,3,2023-05-26,9345.07,0
14,3,2023-06-02,9719.99,0
14,3,2023-06-09,9872.07,0
14,3,2023-06-16,8267.15,0
14,3,2023-06-23,10416.32,0
14,3,2023-06-30,9451.64,0
14,3,2023-07-07,8499.9,0
14,3,2023-07-14,8126.02,0
14,3,2023-07-21,9497.06,0
14,3,2023-07-28,8839.44,0
14,3,2023-08-04,8912.34,0
14,3,2023-08-11,8487.2,0
14,3,2023-08-18,7688.15,0
14,3,2023-08-25,8587.23,0
14,3,2023-09-01,8020.52,0
14,3,2023-09-08,9014.37,1
14,3,2023-09-15,8520.51,0
14,3,2023-09-22,8474.13,0
14,3,2023-09-29,9525.51,0
14,3,2023-10-06,8007.94,0
14,3,2023-10-13,7802.23,0
14,3,2023-10-20,7283.16,0
14,3,2023-10-27,7411.38,0
14,3,2023-11-03,6433.17,0
14,3,2023-11-10,8199.24,0
14,3,2023-11-17,6960.39,0
14,3,2023-11-24,15052.65,1
14,3,2023-12-01,7937.99,0
14,3,2023-12-08,7907.67,0
14,3,2023-12-15,8914.33,0
14,3,2023-12-22,8912.52,0
14,3,2023-12-29,15117.8,1
14,3,2024-01-05,8977.74,0
14,3,2024-01-12,7826.88,0
14,3,2024-01-19,7550.74,0
14,3,2024-01-26,9111.49,0
14,3,2024-02-02,9771.02,0
14,3,2024-02-09,8751.39,1
14,3,2024-02-16,9481.53,0
14,3,2024-02-23,9010.79,0
14,3,2024-03-01,9997.9,0
14,3,2024-03-08,10415.12,0
14,3,2024-03-15,9488.04,0
14,3,2024-03-22,8991.92,0
14,3,2024-03-29,8738.34,0
14,3,2024-04-05,10711.0,0
14,3,2024-04-12,9127.0,0
14,3,2024-04-19,10393.0,0
14,3,2024-04-26,10760.12,0
14,3,2024-05-03,9744.76,0
14,3,2024-05-10,10022.76,0
14,3,2024-05-17,10959.01,0
14,3,2024-05-24,9468.07,0
14,3,2024-05-31,9348.38,0
14,3,2024-06-07,9839.39,0
14,3,2024-06-14,10977.53,0
14,3,2024-06-21,11152.1,0
14,3,2024-06-28,9710.59,0
14,3,2024-07-05,9135.5,0
14,3,2024-07-12,10394.51,0
14,3,2024-07-19,8200.74,0
14,3,2024-07-26,9531.25,0
14,3,2024-08-02,9192.83,0
14,3,2024-08-09,10046.34,0
14,3,2024-08-16,9987.05,0
14,3,2024-08-23,8199.58,0
14,3,2024-08-30,8875.05,0
14,3,2024-09-06,9305.52,1
14,3,2024-09-13,8982.33,0
14,3,2024-09-20,8248.48,0
14,3,2024-09-27,8533.87,0
14,3,2024-10-04,8983.72,0
14,3,2024-10-11,9306.22,0
14,3,2024-10-18,8461.79,0
14,3,2024-10-25,8335.03,0
14,3,2024-11-01,7528.25,0
14,3,2024-11-08,9329.38,0
14,3,2024-11-15,8644.28,0
14,3,2024-11-22,8457.3,0
14,3,2024-11-29,14121.86,1
14,3,2024-12-06,9040.9,0
14,3,2024-12-13,9227.77,0
14,3,2024-12-20,9842.79,0
14,3,2024-12-27,18812.36,1
14,3,2025-01-03,9726.99,0
14,3,2025-01-10,9061.69,0
14,3,2025-01-17,8015.36,0
14,3,2025-01-24,9461.36,0
14,4,2023-02-03,7599.81,0
14,4,2023-02-10,6439.55,1
14,4,2023-02-17,7018.23,0
14,4,2023-02-24,7170.1,0
14,4,2023-03-03,7717.89,0
14,4,2023-03-10,7046.47,0
14,4,2023-03-17,6848.75,0
14,4,2023-03-24,7780.93,0
14,4,2023-03-31,7066.91,0
14,4,2023-04-07,6463.74,0
14,4,2023-04-14,8751.34,0
14,4,2023-04-21,8237.88,0
14,4,2023-04-28,8858.33,0
14,4,2023-05-05,8255.27,0
14,4,2023-05-12,8141.35,0
14,4,2023-05-19,7942.45,0
14,4,2023-05-26,7581.34,0
14,4,2023-06-02,7980.0,0
14,4,2023-06-09,7287.65,0
14,4,2023-06-16,6926.27,0
14,4,2023-06-23,7314.18,0
14,4,2023-06-30,8214.56,0
14,4,2023-07-07,6643.0,0
14,4,2023-07-14,6578.64,0
14,4,2023-07-21,7542.3,0
14,4,2023-07-28,6875.96,0
14,4,2023-08-04,7293.54,0
14,4,2023-08-11,7478.01,0
14,4,2023-08-18,7091.43,0
14,4,2023-08-25,6409.74,0
14,4,2023-09-01,7351.94,0
14,4,2023-09-08,7346.05,1
14,4,2023-09-15,6206.49,0
14,4,2023-09-22,6443.67,0
14,4,2023-09-29,6592.07,0
14,4,2023-10-06,6197.74,0
14,4,2023-10-13,5497.95,0
14,4,2023-10-20,6679.5,0
14,4,2023-10-27,6639.31,0
14,4,2023-11-03,5135.62,0
14,4,2023-11-10,6567.26,0
14,4,2023-11-17,7227.65,0
14,4,2023-11-24,6873.07,1
14,4,2023-12-01,6335.26,0
14,4,2023-12-08,7354.26,0
14,4,2023-12-15,7154.29,0
14,4,2023-12-22,6181.53,0
14,4,2023-12-29,8597.92,1
14,4,2024-01-05,6498.05,0
14,4,2024-01-12,6939.11,0
14,4,2024-01-19,7345.35,0
14,4,2024-01-26,6819.16,0
14,4,2024-02-02,8311.9,0
14,4,2024-02-09,7120.22,1
14,4,2024-02-16,6679.41,0
14,4,2024-02-23,7305.78,0
14,4,2024-03-01,8137.43,0
14,4,2024-03-08,7334.79,0
14,4,2024-03-15,8121.41,0
14,4,2024-03-22,8376.76,0
14,4,2024-03-29,7310.18,0
14,4,2024-04-05,7791.36,0
14,4,2024-04-12,8443.77,0
14,4,2024-04-19,8721.62,0
14,4,2024-04-26,7931.02,0
14,4,2024-05-03,8406.95,0
14,4,2024-05-10,8122.17,0
14,4,2024-05-17,8786.33,0
14,4,2024-05-24,8626.23,0
14,4,2024-05-31,8002.54,0
14,4,2024-06-07,8518.27,0
14,4,2024-06-14,7879.6,0
14,4,2024-06-21,8378.64,0
14,4,2024-06-28,8310.26,0
14,4,2024-07-05,9429.49,0
14,4,2024-07-12,7626.57,0
14,4,2024-07-19,7656.32,0
14,4,2024-07-26,7250.88,0
14,4,2024-08-02,6924.27,0
14,4,2024-08-09,7176.74,0
14,4,2024-08-16,7741.98,0
14,4,2024-08-23,7683.93,0
14,4,2024-08-30,7334.78,0
14,4,2024-09-06,8240.96,1
14,4,2024-09-13,6489.61,0
14,4,2024-09-20,6625.6,0
14,4,2024-09-27,6163.21,0
14,4,2024-10-04,7569.11,0
14,4,2024-10-11,7789.11,0
14,4,2024-10-18,5719.0,0
14,4,2024-10-25,6912.26,0
14,4,2024-11-01,6905.56,0
14,4,2024-11-08,6886.93,0
14,4,2024-11-15,6480.23,0
14,4,2024-11-22,7404.94,0
14,4,2024-11-29,9425.83,1
14,4,2024-12-06,6555.88,0
14,4,2024-12-13,6265.66,0
14,4,2024-12-20,7382.1,0
14,4,2024-12-27,8782.53,1
14,4,2025-01-03,6089.22,0
14,4,2025-01-10,7170.7,0
14,4,2025-01-17,7194.57,0
14,4,2025-01-24,7484.05,0
14,5,2023-02-03,4598.98,0
14,5,2023-02-10,4721.98,1
14,5,2023-02-17,4886.04,0
14,5,2023-02-24,5002.65,0
14,5,2023-03-03,4718.98,0
14,5,2023-03-10,5665.91,0
14,5,2023-03-17,5451.65,0
14,5,2023-03-24,4837.24,0
14,5,2023-03-31,4954.32,0
14,5,2023-04-07,4916.25,0
14,5,2023-04-14,5233.3,0
14,5,2023-04-21,4715.21,0
14,5,2023-04-28,4808.1,0
14,5,2023-05-05,4251.96,0
14,5,2023-05-12,4983.23,0
14,5,2023-05-19,5581.0,0
14,5,2023-05-26,5068.16,0
14,5,2023-06-02,5071.31,0
14,5,2023-06-09,5196.54,0
14,5,2023-06-16,4644.58,0
14,5,2023-06-23,5019.39,0
14,5,2023-06-30,5317.08,0
14,5,2023-07-07,5033.55,0
14,5,2023-07-14,5238.81,0
14,5,2023-07-21,5286.62,0
14,5,2023-07-28,4992.75,0
14,5,2023-08-04,4413.45,0
14,5,2023-08-11,4492.35,0
14,5,2023-08-18,5263.78,0
14,5,2023-08-25,4613.93,0
14,5,2023-09-01,4509.42,0
14,5,2023-09-08,4297.82,1
14,5,2023-09-15,4594.47,0
14,5,2023-09-22,4308.32,0
14,5,2023-09-29,4089.75,0
14,5,2023-10-06,4140.17,0
14,5,2023-10-13,4617.31,0
14,5,2023-10-20,4425.32,0
14,5,2023-10-27,4373.62,0
14,5,2023-11-03,4344.21,0
14,5,2023-11-10,3808.23,0
14,5,2023-11-17,4316.82,0
14,5,2023-11-24,8353.58,1
14,5,2023-12-01,4621.04,0
14,5,2023-12-08,4516.72,0
14,5,2023-12-15,4666.83,0
14,5,2023-12-22,4450.57,0
14,5,2023-12-29,9996.56,1
14,5,2024-01-05,4572.01,0
14,5,2024-01-12,4894.32,0
14,5,2024-01-19,4815.17,0
14,5,2024-01-26,5198.27,0
14,5,2024-02-02,4795.23,0
14,5,2024-02-09,4717.3,1
14,5,2024-02-16,4352.73,0
14,5,2024-02-23,4973.02,0
14,5,2024-03-01,5368.8,0
14,5,2024-03-08,5541.39,0
14,5,2024-03-15,4694.73,0
14,5,2024-03-22,5846.48,0
14,5,2024-03-29,4974.67,0
14,5,2024-04-05,5386.82,0
14,5,2024-04-12,5227.1,0
14,5,2024-04-19,5688.83,0
14,5,2024-04-26,5567.1,0
14,5,2024-05-03,5837.73,0
14,5,2024-05-10,6357.9,0
14,5,2024-05-17,5711.42,0
14,5,2024-05-24,5266.66,0
14,5,2024-05-31,5702.19,0
14,5,2024-06-07,6320.61,0
14,5,2024-06-14,5717.62,0
14,5,2024-06-21,5796.27,0
14,5,2024-06-28,4658.25,0
14,5,2024-07-05,5447.57,0
14,5,2024-07-12,5112.91,0
14,5,2024-07-19,4881.66,0
14,5,2024-07-26,5088.78,0
14,5,2024-08-02,5075.68,0
14,5,2024-08-09,4717.78,0
14,5,2024-08-16,4974.46,0
14,5,2024-08-23,4770.1,0
14,5,2024-08-30,5045.29,0
14,5,2024-09-06,5073.14,1
14,5,2024-09-13,5034.66,0
14,5,2024-09-20,4828.27,0
14,5,2024-09-27,4581.49,0
14,5,2024-10-04,3791.72,0
14,5,2024-10-11,4713.41,0
14,5,2024-10-18,4182.21,0
14,5,2024-10-25,4472.87,0
14,5,2024-11-01,4639.16,0
14,5,2024-11-08,4997.43,0
14,5,2024-11-15,5203.64,0
14,5,2024-11-22,4227.04,0
14,5,2024-11-29,6242.38,1
14,5,2024-12-06,4734.7,0
14,5,2024-12-13,4245.23,0
14,5,2024-12-20,4749.61,0
14,5,2024-12-27,9739.8,1
14,5,2025-01-03,4502.49,0
14,5,2025-01-10,4710.69,0
14,5,2025-01-17,4959.29,0
14,5,2025-01-24,5410.22,0
14,6,2023-02-03,5484.02,0
14,6,2023-02-10,5746.44,1
14,6,2023-02-17,6854.25,0
14,6,2023-02-24,5445.98,0
14,6,2023-03-03,5668.37,0
14,6,2023-03-10,6388.81,0
14,6,2023-03-17,6618.75,0
14,6,2023-03-24,6407.12,0
14,6,2023-03-31,7167.61,0
14,6,2023-04-07,6473.87,0
14,6,2023-04-14,5351.92,0
14,6,2023-04-21,6440.53,0
14,6,2023-04-28,6122.3,0
14,6,2023-05-05,7141.63,0
14,6,2023-05-12,6930.78,0
14,6,2023-05-19,5611.09,0
14,6,2023-05-26,7106.02,0
14,6,2023-06-02,6868.36,0
14,6,2023-06-09,6189.33,0
14,6,2023-06-16,6272.19,0
14,6,2023-06-23,6958.95,0
14,6,2023-06-30,5225.86,0
14,6,2023-07-07,6360.14,0
14,6,2023-07-14,6604.5,0
14,6,2023-07-21,5958.76,0
14,6,2023-07-28,6233.97,0
14,6,2023-08-04,5899.0,0
14,6,2023-08-11,5412.22,0
14,6,2023-08-18,5330.24,0
14,6,2023-08-25,5946.44,0
14,6,2023-09-01,5273.76,0
14,6,2023-09-08,5705.28,1
14,6,2023-09-15,5208.84,0
14,6,2023-09-22,4863.01,0
14,6,2023-09-29,5364.42,0
14,6,2023-10-06,5622.13,0
14,6,2023-10-13,5277.73,0
14,6,2023-10-20,4803.2,0
14,6,2023-10-27,5445.12,0
14,6,2023-11-03,5679.63,0
14,6,2023-11-10,6188.79,0
14,6,2023-11-17,5890.11,0
14,6,2023-11-24,6832.83,1
14,6,2023-12-01,5467.33,0
14,6,2023-12-08,4911.31,0
14,6,2023-12-15,5595.48,0
14,6,2023-12-22,6391.09,0
14,6,2023-12-29,8322.59,1
14,6,2024-01-05,5706.16,0
14,6,2024-01-12,6015.41,0
14,6,2024-01-19,5065.9,0
14,6,2024-01-26,5163.89,0
14,6,2024-02-02,6145.42,0
14,6,2024-02-09,6249.42,1
14,6,2024-02-16,5340.85,0
14,6,2024-02-23,6552.3,0
14,6,2024-03-01,7004.92,0
14,6,2024-03-08,6415.21,0
14,6,2024-03-15,6639.7,0
14,6,2024-03-22,6985.37,0
14,6,2024-03-29,6980.93,0
14,6,2024-04-05,5891.77,0
14,6,2024-04-12,6349.7,0
14,6,2024-04-19,6663.42,0
14,6,2024-04-26,6431.24,0
14,6,2024-05-03,7734.07,0
14,6,2024-05-10,7277.33,0
14,6,2024-05-17,6304.8,0
14,6,2024-05-24,6783.4,0
14,6,2024-05-31,7495.82,0
14,6,2024-06-07,6483.41,0
14,6,2024-06-14,7253.08,0
14,6,2024-06-21,7481.09,0
14,6,2024-06-28,7322.88,0
14,6,2024-07-05,6700.36,0
14,6,2024-07-12,7184.83,0
14,6,2024-07-19,6183.59,0
14,6,2024-07-26,7639.62,0
14,6,2024-08-02,6411.13,0
14,6,2024-08-09,6776.76,0
14,6,2024-08-16,5948.31,0
14,6,2024-08-23,6288.13,0
14,6,2024-08-30,6230.68,0
14,6,2024-09-06,6242.67,1
14,6,2024-09-13,5740.59,0
14,6,2024-09-20,6289.78,0
14,6,2024-09-27,4890.18,0
14,6,2024-10-04,5524.39,0
14,6,2024-10-11,6252.21,0
14,6,2024-10-18,5083.31,0
14,6,2024-10-25,6194.68,0
14,6,2024-11-01,5123.66,0
14,6,2024-11-08,5230.92,0
14,6,2024-11-15,5602.25,0
14,6,2024-11-22,6559.1,0
14,6,2024-11-29,6744.87,1
14,6,2024-12-06,5154.63,0
14,6,2024-12-13,6308.76,0
14,6,2024-12-20,5300.6,0
14,6,2024-12-27,9047.87,1
14,6,2025-01-03,6098.85,0
14,6,2025-01-10,6355.95,0
14,6,2025-01-17,5902.14,0
14,6,2025-01-24,6477.74,0
14,7,2023-02-03,4754.06,0
14,7,2023-02-10,7612.93,1
14,7,2023-02-17,5613.24,0
14,7,2023-02-24,5048.37,0
14,7,2023-03-03,5343.97,0
14,7,2023-03-10,5486.91,0
14,7,2023-03-17,7090.43,0
14,7,2023-03-24,5781.22,0
14,7,2023-03-31,5459.95,0
14,7,2023-04-07,5683.06,0
14,7,2023-04-14,5218.89,0
14,7,2023-04-21,5887.19,0
14,7,2023-04-28,6874.34,0
14,7,2023-05-05,6162.49,0
14,7,2023-05-12,6439.31,0
14,7,2023-05-19,5563.3,0
14,7,2023-05-26,5888.31,0
14,7,2023-06-02,6059.66,0
14,7,2023-06-09,5586.53,0
14,7,2023-06-16,6079.52,0
14,7,2023-06-23,6131.86,0
14,7,2023-06-30,6042.28,0
14,7,2023-07-07,5662.62,0
14,7,2023-07-14,6163.07,0
14,7,2023-07-21,5485.83,0
14,7,2023-07-28,5377.29,0
14,7,2023-08-04,6090.41,0
14,7,2023-08-11,4912.17,0
14,7,2023-08-18,4594.49,0
14,7,2023-08-25,4886.4,0
14,7,2023-09-01,5346.57,0
14,7,2023-09-08,6619.29,1
14,7,2023-09-15,5805.72,0
14,7,2023-09-22,5031.33,0
14,7,2023-09-29,4932.21,0
14,7,2023-10-06,4607.7,0
14,7,2023-10-13,5685.69,0
14,7,2023-10-20,4842.12,0
14,7,2023-10-27,4372.05,0
14,7,2023-11-03,5858.11,0
14,7,2023-11-10,5061.94,0
14,7,2023-11-17,5243.89,0
14,7,2023-11-24,7069.82,1
14,7,2023-12-01,5390.2,0
14,7,2023-12-08,5071.21,0
14,7,2023-12-15,5406.26,0
14,7,2023-12-22,5157.13,0
14,7,2023-12-29,6685.68,1
14,7,2024-01-05,5151.03,0
14,7,2024-01-12,5619.87,0
14,7,2024-01-19,5707.93,0
14,7,2024-01-26,5941.21,0
14,7,2024-02-02,5955.54,0
14,7,2024-02-09,7822.21,1
14,7,2024-02-16,5747.66,0
14,7,2024-02-23,6146.37,0
14,7,2024-03-01,6694.66,0
14,7,2024-03-08,5630.83,0
14,7,2024-03-15,7161.38,0
14,7,2024-03-22,5848.3,0
14,7,2024-03-29,6747.8,0
14,7,2024-04-05,6349.48,0
14,7,2024-04-12,6362.98,0
14,7,2024-04-19,5753.14,0
14,7,2024-04-26,6914.44,0
14,7,2024-05-03,5794.44,0
14,7,2024-05-10,5717.98,0
14,7,2024-05-17,7056.92,0
14,7,2024-05-24,7363.86,0
14,7,2024-05-31,6073.42,0
14,7,2024-06-07,6893.16,0
14,7,2024-06-14,6741.63,0
14,7,2024-06-21,6240.67,0
14,7,2024-06-28,6894.32,0
14,7,2024-07-05,6084.01,0
14,7,2024-07-12,6348.14,0
14,7,2024-07-19,5418.87,0
14,7,2024-07-26,5371.32,0
14,7,2024-08-02,6419.65,0
14,7,2024-08-09,6048.94,0
14,7,2024-08-16,5652.17,0
14,7,2024-08-23,6504.79,0
14,7,2024-08-30,6418.9,0
14,7,2024-09-06,6168.3,1
14,7,2024-09-13,5398.36,0
14,7,2024-09-20,5034.29,0
14,7,2024-09-27,5385.97,0
14,7,2024-10-04,4912.49,0
14,7,2024-10-11,4776.44,0
14,7,2024-10-18,4310.53,0
14,7,2024-10-25,5324.92,0
14,7,2024-11-01,4289.68,0
14,7,2024-11-08,5133.52,0
14,7,2024-11-15,5585.01,0
14,7,2024-11-22,5016.35,0
14,7,2024-11-29,6405.83,1
14,7,2024-12-06,5059.53,0
14,7,2024-12-13,5561.02,0
14,7,2024-12-20,5090.12,0
14,7,2024-12-27,6736.48,1
14,7,2025-01-03,5701.73,0
14,7,2025-01-10,6552.38,0
14,7,2025-01-17,5979.87,0
14,7,2025-01-24,6221.26,0
14,8,2023-02-03,5706.28,0
14,8,2023-02-10,6211.52,1
14,8,2023-02-17,6061.29,0
14,8,2023-02-24,6305.2,0
14,8,2023-03-03,6710.72,0
14,8,2023-03-10,6205.39,0
14,8,2023-03-17,6334.49,0
14,8,2023-03-24,6357.35,0
14,8,2023-03-31,6408.68,0
14,8,2023-04-07,6827.76,0
14,8,2023-04-14,6583.21,0
14,8,2023-04-21,7633.92,0
14,8,2023-04-28,8309.72,0
14,8,2023-05-05,6546.85,0
14,8,2023-05-12,7024.62,0
14,8,2023-05-19,7426.66,0
14,8,2023-05-26,6695.34,0
14,8,2023-06-02,6272.09,0
14,8,2023-06-09,7720.38,0
14,8,2023-06-16,7102.15,0
14,8,2023-06-23,6849.29,0
14,8,2023-06-30,7386.03,0
14,8,2023-07-07,6954.39,0
14,8,2023-07-14,6453.3,0
14,8,2023-07-21,5901.3,0
14,8,2023-07-28,6072.39,0
14,8,2023-08-04,6842.28,0
14,8,2023-08-11,6495.47,0
14,8,2023-08-18,5988.26,0
14,8,2023-08-25,6849.18,0
14,8,2023-09-01,5852.22,0
14,8,2023-09-08,6784.75,1
14,8,2023-09-15,6689.86,0
14,8,2023-09-22,6083.27,0
14,8,2023-09-29,5710.4,0
14,8,2023-10-06,5569.3,0
14,8,2023-10-13,5613.61,0
14,8,2023-10-20,5276.14,0
14,8,2023-10-27,4981.1,0
14,8,2023-11-03,5733.13,0
14,8,2023-11-10,5369.06,0
14,8,2023-11-17,5391.41,0
14,8,2023-11-24,7707.9,1
14,8,2023-12-01,5717.91,0
14,8,2023-12-08,6573.07,0
14,8,2023-12-15,6145.27,0
14,8,2023-12-22,6906.59,0
14,8,2023-12-29,7655.26,1
14,8,2024-01-05,5893.41,0
14,8,2024-01-12,5896.47,0
14,8,2024-01-19,7348.04,0
14,8,2024-01-26,5980.88,0
14,8,2024-02-02,5318.97,0
14,8,2024-02-09,6205.27,1
14,8,2024-02-16,5606.33,0
14,8,2024-02-23,6262.82,0
14,8,2024-03-01,6401.95,0
14,8,2024-03-08,6984.18,0
14,8,2024-03-15,5892.88,0
14,8,2024-03-22,7807.07,0
14,8,2024-03-29,6114.18,0
14,8,2024-04-05,7178.6,0
14,8,2024-04-12,7112.38,0
14,8,2024-04-19,7824.74,0
14,8,2024-04-26,7574.54,0
14,8,2024-05-03,8084.23,0
14,8,2024-05-10,7173.89,0
14,8,2024-05-17,7105.93,0
14,8,2024-05-24,7604.97,0
14,8,2024-05-31,7936.18,0
14,8,2024-06-07,7774.02,0
14,8,2024-06-14,7429.65,0
14,8,2024-06-21,7318.53,0
14,8,2024-06-28,7097.84,0
14,8,2024-07-05,7276.42,0
14,8,2024-07-12,8100.71,0
14,8,2024-07-19,6749.83,0
14,8,2024-07-26,6598.97,0
14,8,2024-08-02,6472.53,0
14,8,2024-08-09,6827.35,0
14,8,2024-08-16,5425.0,0
14,8,2024-08-23,6379.96,0
14,8,2024-08-30,6817.86,0
14,8,2024-09-06,6586.58,1
14,8,2024-09-13,7275.61,0
14,8,2024-09-20,6327.56,0
14,8,2024-09-27,5016.81,0
14,8,2024-10-04,5384.34,0
14,8,2024-10-11,5915.25,0
14,8,2024-10-18,5628.3,0
14,8,2024-10-25,6054.93,0
14,8,2024-11-01,5865.66,0
14,8,2024-11-08,6582.82,0
14,8,2024-11-15,5519.01,0
14,8,2024-11-22,5983.45,0
14,8,2024-11-29,8221.86,1
14,8,2024-12-06,6265.56,0
14,8,2024-12-13,5054.41,0
14,8,2024-12-20,6383.49,0
14,8,2024-12-27,8761.77,1
14,8,2025-01-03,6899.51,0
14,8,2025-01-10,6749.77,0
14,8,2025-01-17,6895.14,0
14,8,2025-01-24,7573.61,0
14,9,2023-02-03,3689.58,0
14,9,2023-02-10,3508.28,1
14,9,2023-02-17,4084.45,0
14,9,2023-02-24,3360.46,0
14,9,2023-03-03,3248.16,0
14,9,2023-03-10,3632.89,0
14,9,2023-03-17,3570.28,0
14,9,2023-03-24,2986.96,0
14,9,2023-03-31,3560.8,0
14,9,2023-04-07,3892.24,0
14,9,2023-04-14,3796.41,0
14,9,2023-04-21,3596.37,0
14,9,2023-04-28,3862.24,0
14,9,2023-05-05,3895.87,0
14,9,2023-05-12,4081.39,0
14,9,2023-05-19,3659.24,0
14,9,2023-05-26,4116.94,0
14,9,2023-06-02,3498.54,0
14,9,2023-06-09,3659.03,0
14,9,2023-06-16,4301.81,0
14,9,2023-06-23,3449.21,0
14,9,2023-06-30,3526.47,0
14,9,2023-07-07,3315.39,0
14,9,2023-07-14,3402.79,0
14,9,2023-07-21,3640.67,0
14,9,2023-07-28,3757.06,0
14,9,2023-08-04,3505.19,0
14,9,2023-08-11,3374.65,0
14,9,2023-08-18,3079.49,0
14,9,2023-08-25,3179.25,0
14,9,2023-09-01,2921.47,0
14,9,2023-09-08,4014.99,1
14,9,2023-09-15,3248.53,0
14,9,2023-09-22,3341.39,0
14,9,2023-09-29,3424.62,0
14,9,2023-10-06,3203.93,0
14,9,2023-10-13,3514.02,0
14,9,2023-10-20,2892.62,0
14,9,2023-10-27,3058.07,0
14,9,2023-11-03,3029.39,0
14,9,2023-11-10,3318.1,0
14,9,2023-11-17,2805.04,0
14,9,2023-11-24,4568.71,1
14,9,2023-12-01,3664.53,0
14,9,2023-12-08,3235.42,0
14,9,2023-12-15,3138.23,0
14,9,2023-12-22,3499.14,0
14,9,2023-12-29,4478.63,1
14,9,2024-01-05,2873.41,0
14,9,2024-01-12,2965.29,0
14,9,2024-01-19,3601.52,0
14,9,2024-01-26,4026.19,0
14,9,2024-02-02,3263.16,0
14,9,2024-02-09,3619.4,1
14,9,2024-02-16,3652.48,0
14,9,2024-02-23,4398.88,0
14,9,2024-03-01,4565.41,0
14,9,2024-03-08,4050.57,0
14,9,2024-03-15,4249.68,0
14,9,2024-03-22,4287.03,0
14,9,2024-03-29,3631.98,0
14,9,2024-04-05,4307.63,0
14,9,2024-04-12,3772.2,0
14,9,2024-04-19,4072.14,0
14,9,2024-04-26,4521.99,0
14,9,2024-05-03,4179.94,0
14,9,2024-05-10,4521.99,0
14,9,2024-05-17,4582.94,0
14,9,2024-05-24,3559.0,0
14,9,2024-05-31,3405.95,0
14,9,2024-06-07,4483.49,0
14,9,2024-06-14,4466.2,0
14,9,2024-06-21,4124.41,0
14,9,2024-06-28,4129.8,0
14,9,2024-07-05,4246.16,0
14,9,2024-07-12,4192.83,0
14,9,2024-07-19,3777.69,0
14,9,2024-07-26,4115.78,0
14,9,2024-08-02,3669.36,0
14,9,2024-08-09,3796.94,0
14,9,2024-08-16,3734.24,0
14,9,2024-08-23,3378.49,0
14,9,2024-08-30,3369.69,0
14,9,2024-09-06,4575.21,1
14,9,2024-09-13,3605.28,0
14,9,2024-09-20,3628.1,0
14,9,2024-09-27,3422.88,0
14,9,2024-10-04,3597.11,0
14,9,2024-10-11,3484.88,0
14,9,2024-10-18,3147.94,0
14,9,2024-10-25,3523.03,0
14,9,2024-11-01,3231.82,0
14,9,2024-11-08,3858.53,0
14,9,2024-11-15,3518.18,0
14,9,2024-11-22,3230.8,0
14,9,2024-11-29,4291.53,1
14,9,2024-12-06,3555.31,0
14,9,2024-12-13,3459.02,0
14,9,2024-12-20,3330.99,0
14,9,2024-12-27,4721.93,1
14,9,2025-01-03,3879.43,0
14,9,2025-01-10,3752.21,0
14,9,2025-01-17,3653.04,0
14,9,2025-01-24,3658.21,0
14,10,2023-02-03,4285.13,0
14,10,2023-02-10,3981.18,1
14,10,2023-02-17,3887.69,0
14,10,2023-02-24,4313.35,0
14,10,2023-03-03,4371.9,0
14,10,2023-03-10,4295.79,0
14,10,2023-03-17,4177.46,0
14,10,2023-03-24,4405.4,0
14,10,2023-03-31,4419.22,0
14,10,2023-04-07,4404.59,0
14,10,2023-04-14,4764.82,0
14,10,2023-04-21,5521.38,0
14,10,2023-04-28,5205.81,0
14,10,2023-05-05,5447.72,0
14,10,2023-05-12,4504.16,0
14,10,2023-05-19,5345.95,0
14,10,2023-05-26,4788.55,0
14,10,2023-06-02,5054.41,0
14,10,2023-06-09,4830.42,0
14,10,2023-06-16,4501.54,0
14,10,2023-06-23,4856.12,0
14,10,2023-06-30,4726.43,0
14,10,2023-07-07,3866.57,0
14,10,2023-07-14,4409.5,0
14,10,2023-07-21,4708.15,0
14,10,2023-07-28,4442.76,0
14,10,2023-08-04,4451.66,0
14,10,2023-08-11,3980.01,0
14,10,2023-08-18,4265.0,0
14,10,2023-08-25,4093.94,0
14,10,2023-09-01,4008.33,0
14,10,2023-09-08,4189.29,1
14,10,2023-09-15,4093.4,0
14,10,2023-09-22,4021.78,0
14,10,2023-09-29,4553.18,0
14,10,2023-10-06,4031.7,0
14,10,2023-10-13,4235.22,0
14,10,2023-10-20,3934.9,0
14,10,2023-10-27,3736.26,0
14,10,2023-11-03,3520.6,0
14,10,2023-11-10,3930.26,0
14,10,2023-11-17,3047.52,0
14,10,2023-11-24,7980.29,1
14,10,2023-12-01,3860.37,0
14,10,2023-12-08,3937.97,0
14,10,2023-12-15,3610.66,0
14,10,2023-12-22,4513.52,0
14,10,2023-12-29,7710.71,1
14,10,2024-01-05,4362.06,0
14,10,2024-01-12,4281.96,0
14,10,2024-01-19,4188.1,0
14,10,2024-01-26,4218.44,0
14,10,2024-02-02,4449.56,0
14,10,2024-02-09,5009.13,1
14,10,2024-02-16,4764.65,0
14,10,2024-02-23,4647.54,0
14,10,2024-03-01,5048.27,0
14,10,2024-03-08,4798.65,0
14,10,2024-03-15,5001.6,0
14,10,2024-03-22,4957.9,0
14,10,2024-03-29,5179.0,0
14,10,2024-04-05,4809.08,0
14,10,2024-04-12,4562.38,0
14,10,2024-04-19,5412.41,0
14,10,2024-04-26,5674.85,0
14,10,2024-05-03,4632.56,0
14,10,2024-05-10,5151.76,0
14,10,2024-05-17,4891.77,0
14,10,2024-05-24,5418.96,0
14,10,2024-05-31,5140.53,0
14,10,2024-06-07,6348.35,0
14,10,2024-06-14,4859.6,0
14,10,2024-06-21,5547.03,0
14,10,2024-06-28,5533.96,0
14,10,2024-07-05,5050.46,0
14,10,2024-07-12,4803.74,0
14,10,2024-07-19,4768.25,0
14,10,2024-07-26,4676.87,0
14,10,2024-08-02,5030.82,0
14,10,2024-08-09,4234.23,0
14,10,2024-08-16,4434.34,0
14,10,2024-08-23,4334.03,0
14,10,2024-08-30,3774.09,0
14,10,2024-09-06,4899.83,1
14,10,2024-09-13,4062.64,0
14,10,2024-09-20,4587.01,0
14,10,2024-09-27,3669.42,0
14,10,2024-10-04,4180.33,0
14,10,2024-10-11,4108.15,0
14,10,2024-10-18,4164.42,0
14,10,2024-10-25,4155.88,0
14,10,2024-11-01,4104.51,0
14,10,2024-11-08,4011.12,0
14,10,2024-11-15,4121.13,0
14,10,2024-11-22,4639.26,0
14,10,2024-11-29,7489.91,1
14,10,2024-12-06,4041.23,0
14,10,2024-12-13,4388.11,0
14,10,2024-12-20,4558.82,0
14,10,2024-12-27,8285.5,1
14,10,2025-01-03,4679.64,0
14,10,2025-01-10,4478.12,0
14,10,2025-01-17,5131.87,0
14,10,2025-01-24,4316.81,0
15,1,2023-02-03,76108.23,0
15,1,2023-02-10,101501.27,1
15,1,2023-02-17,84372.49,0
15,1,2023-02-24,82630.99,0
15,1,2023-03-03,82961.7,0
15,1,2023-03-10,93551.73,0
15,1,2023-03-17,88502.1,0
15,1,2023-03-24,81660.97,0
15,1,2023-03-31,82043.92,0
15,1,2023-04-07,100196.17,0
15,1,2023-04-14,84813.98,0
15,1,2023-04-21,92444.64,0
15,1,2023-04-28,100630.91,0
15,1,2023-05-05,94968.55,0
15,1,2023-05-12,85563.09,0
15,1,2023-05-19,83610.08,0
15,1,2023-05-26,104367.15,0
15,1,2023-06-02,82900.68,0
15,1,2023-06-09,85970.29,0
15,1,2023-06-16,92013.05,0
15,1,2023-06-23,87087.29,0
15,1,2023-06-30,91862.34,0
15,1,2023-07-07,76728.79,0
15,1,2023-07-14,84526.53,0
15,1,2023-07-21,89561.65,0
15,1,2023-07-28,88471.32,0
15,1,2023-08-04,79030.27,0
15,1,2023-08-11,75061.7,0
15,1,2023-08-18,82056.37,0
15,1,2023-08-25,71280.16,0
15,1,2023-09-01,86737.35,0
15,1,2023-09-08,83198.98,1
15,1,2023-09-15,70406.27,0
15,1,2023-09-22,72289.43,0
15,1,2023-09-29,66071.1,0
15,1,2023-10-06,77952.77,0
15,1,2023-10-13,69801.02,0
15,1,2023-10-20,76712.1,0
15,1,2023-10-27,77412.64,0
15,1,2023-11-03,79990.58,0
15,1,2023-11-10,75931.16,0
15,1,2023-11-17,81487.49,0
15,1,2023-11-24,107780.83,1
15,1,2023-12-01,77772.19,0
15,1,2023-12-08,73168.07,0
15,1,2023-12-15,71332.31,0
15,1,2023-12-22,86478.4,0
15,1,2023-12-29,102257.49,1
15,1,2024-01-05,76875.29,0
15,1,2024-01-12,92576.14,0
15,1,2024-01-19,81709.83,0
15,1,2024-01-26,79146.31,0
15,1,2024-02-02,81988.37,0
15,1,2024-02-09,124678.97,1
15,1,2024-02-16,83319.21,0
15,1,2024-02-23,110823.37,0
15,1,2024-03-01,98097.26,0
15,1,2024-03-08,87008.12,0
15,1,2024-03-15,85451.58,0
15,1,2024-03-22,81908.85,0
15,1,2024-03-29,96211.38,0
15,1,2024-04-05,101859.26,0
15,1,2024-04-12,108677.94,0
15,1,2024-04-19,82653.01,0
15,1,2024-04-26,87407.5,0
15,1,2024-05-03,97047.82,0
15,1,2024-05-10,119906.97,0
15,1,2024-05-17,104888.6,0
15,1,2024-05-24,100615.54,0
15,1,2024-05-31,87775.59,0
15,1,2024-06-07,80369.1,0
15,1,2024-06-14,96425.35,0
15,1,2024-06-21,94593.88,0
15,1,2024-06-28,92448.08,0
15,1,2024-07-05,90655.87,0
15,1,2024-07-12,86920.76,0
15,1,2024-07-19,84207.28,0
15,1,2024-07-26,100235.15,0
15,1,2024-08-02,82726.0,0
15,1,2024-08-09,85929.68,0
15,1,2024-08-16,86445.1,0
15,1,2024-08-23,90431.87,0
15,1,2024-08-30,78766.86,0
15,1,2024-09-06,103505.14,1
15,1,2024-09-13,81545.9,0
15,1,2024-09-20,92558.13,0
15,1,2024-09-27,74820.49,0
15,1,2024-10-04,85186.8,0
15,1,2024-10-11,86550.48,0
15,1,2024-10-18,81807.69,0
15,1,2024-10-25,78948.55,0
15,1,2024-11-01,93281.54,0
15,1,2024-11-08,79820.06,0
15,1,2024-11-15,81561.35,0
15,1,2024-11-22,78574.97,0
15,1,2024-11-29,106420.47,1
15,1,2024-12-06,80377.08,0
15,1,2024-12-13,69091.65,0
15,1,2024-12-20,87614.34,0
15,1,2024-12-27,94106.65,1
15,1,2025-01-03,86550.17,0
15,1,2025-01-10,94516.01,0
15,1,2025-01-17,82498.44,0
15,1,2025-01-24,86815.59,0
15,2,2023-02-03,48250.81,0
15,2,2023-02-10,44417.26,1
15,2,2023-02-17,55727.94,0
15,2,2023-02-24,45188.99,0
15,2,2023-03-03,57304.85,0
15,2,2023-03-10,55190.86,0
15,2,2023-03-17,53169.34,0
15,2,2023-03-24,56130.89,0
15,2,2023-03-31,56554.37,0
15,2,2023-04-07,53829.61,0
15,2,2023-04-14,57328.32,0
15,2,2023-04-21,59585.72,0
15,2,2023-04-28,52237.28,0
15,2,2023-05-05,58203.9,0
15,2,2023-05-12,44766.74,0
15,2,2023-05-19,47884.05,0
15,2,2023-05-26,59040.44,0
15,2,2023-06-02,54388.63,0
15,2,2023-06-09,52148.59,0
15,2,2023-06-16,55359.95,0
15,2,2023-06-23,53406.35,0
15,2,2023-06-30,50327.91,0
15,2,2023-07-07,47001.15,0
15,2,2023-07-14,45071.82,0
15,2,2023-07-21,55985.65,0
15,2,2023-07-28,50439.91,0
15,2,2023-08-04,55531.7,0
15,2,2023-08-11,49101.94,0
15,2,2023-08-18,51624.58,0
15,2,2023-08-25,49058.1,0
15,2,2023-09-01,49115.59,0
15,2,2023-09-08,58112.35,1
15,2,2023-09-15,43138.06,0
15,2,2023-09-22,50283.53,0
15,2,2023-09-29,52970.82,0
15,2,2023-10-06,52850.29,0
15,2,2023-10-13,44358.43,0
15,2,2023-10-20,43540.17,0
15,2,2023-10-27,44134.05,0
15,2,2023-11-03,45551.56,0
15,2,2023-11-10,46118.58,0
15,2,2023-11-17,42802.44,0
15,2,2023-11-24,74635.42,1
15,2,2023-12-01,33861.36,0
15,2,2023-12-08,47268.26,0
15,2,2023-12-15,44549.86,0
15,2,2023-12-22,51849.16,0
15,2,2023-12-29,98640.46,1
15,2,2024-01-05,48814.59,0
15,2,2024-01-12,46350.37,0
15,2,2024-01-19,48413.9,0
15,2,2024-01-26,53832.94,0
15,2,2024-02-02,46428.68,0
15,2,2024-02-09,60373.31,1
15,2,2024-02-16,53698.53,0
15,2,2024-02-23,58216.67,0
15,2,2024-03-01,48675.07,0
15,2,2024-03-08,53250.76,0
15,2,2024-03-15,49331.88,0
15,2,2024-03-22,63645.97,0
15,2,2024-03-29,58642.01,0
15,2,2024-04-05,62628.23,0
15,2,2024-04-12,60601.56,0
15,2,2024-04-19,62884.09,0
15,2,2024-04-26,59195.19,0
15,2,2024-05-03,59975.62,0
15,2,2024-05-10,60556.36,0
15,2,2024-05-17,62922.42,0
15,2,2024-05-24,62893.71,0
15,2,2024-05-31,74167.86,0
15,2,2024-06-07,68322.22,0
15,2,2024-06-14,51300.79,0
15,2,2024-06-21,58650.83,0
15,2,2024-06-28,56873.87,0
15,2,2024-07-05,64136.86,0
15,2,2024-07-12,56074.99,0
15,2,2024-07-19,58952.54,0
15,2,2024-07-26,45634.99,0
15,2,2024-08-02,48694.61,0
15,2,2024-08-09,63826.96,0
15,2,2024-08-16,54173.63,0
15,2,2024-08-23,49005.24,0
15,2,2024-08-30,53616.52,0
15,2,2024-09-06,50166.95,1
15,2,2024-09-13,45431.66,0
15,2,2024-09-20,47689.18,0
15,2,2024-09-27,48787.24,0
15,2,2024-10-04,54607.97,0
15,2,2024-10-11,51697.97,0
15,2,2024-10-18,52208.42,0
15,2,2024-10-25,49487.56,0
15,2,2024-11-01,52871.49,0
15,2,2024-11-08,46246.31,0
15,2,2024-11-15,47007.09,0
15,2,2024-11-22,51882.08,0
15,2,2024-11-29,81729.77,1
15,2,2024-12-06,50467.21,0
15,2,2024-12-13,56899.15,0
15,2,2024-12-20,57833.31,0
15,2,2024-12-27,97537.14,1
15,2,2025-01-03,50793.5,0
15,2,2025-01-10,50760.16,0
15,2,2025-01-17,59242.6,0
15,2,2025-01-24,60590.87,0
15,3,2023-02-03,35756.89,0
15,3,2023-02-10,37204.55,1
15,3,2023-02-17,35453.14,0
15,3,2023-02-24,41251.41,0
15,3,2023-03-03,41242.94,0
15,3,2023-03-10,44587.98,0
15,3,2023-03-17,44139.6,0
15,3,2023-03-24,45013.0,0
15,3,2023-03-31,37988.38,0
15,3,2023-04-07,41505.05,0
15,3,2023-04-14,47334.01,0
15,3,2023-04-21,42324.42,0
15,3,2023-04-28,38618.03,0
15,3,2023-05-05,47375.59,0
15,3,2023-05-12,42473.42,0
15,3,2023-05-19,48273.44,0
15,3,2023-05-26,44319.04,0
15,3,2023-06-02,43231.25,0
15,3,2023-06-09,48772.24,0
15,3,2023-06-16,39130.16,0
15,3,2023-06-23,48306.95,0
15,3,2023-06-30,40743.09,0
15,3,2023-07-07,43054.67,0
15,3,2023-07-14,42609.3,0
15,3,2023-07-21,40114.73,0
15,3,2023-07-28,38516.94,0
15,3,2023-08-04,39293.41,0
15,3,2023-08-11,36719.68,0
15,3,2023-08-18,45632.81,0
15,3,2023-08-25,37437.6,0
15,3,2023-09-01,42019.39,0
15,3,2023-09-08,45919.62,1
15,3,2023-09-15,37184.08,0
15,3,2023-09-22,37803.94,0
15,3,2023-09-29,38603.68,0
15,3,2023-10-06,36953.84,0
15,3,2023-10-13,31896.36,0
15,3,2023-10-20,31055.27,0
15,3,2023-10-27,40666.14,0
15,3,2023-11-03,28649.71,0
15,3,2023-11-10,36958.41,0
15,3,2023-11-17,35861.25,0
15,3,2023-11-24,78210.41,1
15,3,2023-12-01,38117.33,0
15,3,2023-12-08,38057.91,0
15,3,2023-12-15,46229.04,0
15,3,2023-12-22,38744.13,0
15,3,2023-12-29,70811.99,1
15,3,2024-01-05,42666.87,0
15,3,2024-01-12,40780.75,0
15,3,2024-01-19,41569.31,0
15,3,2024-01-26,42283.94,0
15,3,2024-02-02,47746.1,0
15,3,2024-02-09,43549.23,1
15,3,2024-02-16,40619.43,0
15,3,2024-02-23,41814.58,0
15,3,2024-03-01,47516.54,0
15,3,2024-03-08,46804.83,0
15,3,2024-03-15,40133.51,0
15,3,2024-03-22,48134.11,0
15,3,2024-03-29,42632.67,0
15,3,2024-04-05,48707.03,0
15,3,2024-04-12,44322.11,0
15,3,2024-04-19,46551.65,0
15,3,2024-04-26,45717.52,0
15,3,2024-05-03,53724.68,0
15,3,2024-05-10,49472.65,0
15,3,2024-05-17,52716.23,0
15,3,2024-05-24,58828.52,0
15,3,2024-05-31,47752.66,0
15,3,2024-06-07,53001.86,0
15,3,2024-06-14,44365.53,0
15,3,2024-06-21,51296.32,0
15,3,2024-06-28,43202.69,0
15,3,2024-07-05,45644.53,0
15,3,2024-07-12,47142.06,0
15,3,2024-07-19,47141.41,0
15,3,2024-07-26,39611.79,0
15,3,2024-08-02,40511.75,0
15,3,2024-08-09,45060.5,0
15,3,2024-08-16,41147.45,0
15,3,2024-08-23,37168.74,0
15,3,2024-08-30,41089.7,0
15,3,2024-09-06,44239.77,1
15,3,2024-09-13,42100.09,0
15,3,2024-09-20,41483.42,0
15,3,2024-09-27,37216.71,0
15,3,2024-10-04,38081.83,0
15,3,2024-10-11,42072.86,0
15,3,2024-10-18,37331.39,0
15,3,2024-10-25,37731.89,0
15,3,2024-11-01,34285.71,0
15,3,2024-11-08,38976.77,0
15,3,2024-11-15,40317.6,0
15,3,2024-11-22,33238.28,0
15,3,2024-11-29,69988.61,1
15,3,2024-12-06,42714.52,0
15,3,2024-12-13,34415.83,0
15,3,2024-12-20,40884.3,0
15,3,2024-12-27,74189.71,1
15,3,2025-01-03,40828.45,0
15,3,2025-01-10,44157.0,0
15,3,2025-01-17,47264.3,0
15,3,2025-01-24,43960.06,0
15,4,2023-02-03,26174.54,0
15,4,2023-02-10,35370.0,1
15,4,2023-02-17,33953.35,0
15,4,2023-02-24,33303.82,0
15,4,2023-03-03,28500.54,0
15,4,2023-03-10,33495.88,0
15,4,2023-03-17,32300.24,0
15,4,2023-03-24,31697.92,0
15,4,2023-03-31,35068.13,0
15,4,2023-04-07,34217.11,0
15,4,2023-04-14,34641.65,0
15,4,2023-04-21,38329.55,0
15,4,2023-04-28,37069.19,0
15,4,2023-05-05,34965.17,0
15,4,2023-05-12,34619.48,0
15,4,2023-05-19,35077.27,0
15,4,2023-05-26,35595.66,0
15,4,2023-06-02,37863.42,0
15,4,2023-06-09,32979.72,0
15,4,2023-06-16,39910.14,0
15,4,2023-06-23,37114.44,0
15,4,2023-06-30,27437.06,0
15,4,2023-07-07,35012.28,0
15,4,2023-07-14,37252.68,0
15,4,2023-07-21,35039.04,0
15,4,2023-07-28,32452.93,0
15,4,2023-08-04,32967.39,0
15,4,2023-08-11,33163.69,0
15,4,2023-08-18,34257.63,0
15,4,2023-08-25,28250.5,0
15,4,2023-09-01,29939.61,0
15,4,2023-09-08,40234.88,1
15,4,2023-09-15,34516.71,0
15,4,2023-09-22,37733.21,0
15,4,2023-09-29,29013.51,0
15,4,2023-10-06,27120.99,0
15,4,2023-10-13,29202.95,0
15,4,2023-10-20,32348.33,0
15,4,2023-10-27,32630.81,0
15,4,2023-11-03,35099.34,0
15,4,2023-11-10,29684.95,0
15,4,2023-11-17,31070.71,0
15,4,2023-11-24,34130.01,1
15,4,2023-12-01,30239.62,0
15,4,2023-12-08,27805.94,0
15,4,2023-12-15,32575.24,0
15,4,2023-12-22,26651.43,0
15,4,2023-12-29,36391.88,1
15,4,2024-01-05,33236.79,0
15,4,2024-01-12,32648.44,0
15,4,2024-01-19,38266.36,0
15,4,2024-01-26,38075.94,0
15,4,2024-02-02,32491.07,0
15,4,2024-02-09,39414.42,1
15,4,2024-02-16,40457.16,0
15,4,2024-02-23,35628.41,0
15,4,2024-03-01,36624.25,0
15,4,2024-03-08,36821.4,0
15,4,2024-03-15,35487.11,0
15,4,2024-03-22,36173.94,0
15,4,2024-03-29,42218.43,0
15,4,2024-04-05,39848.49,0
15,4,2024-04-12,37043.01,0
15,4,2024-04-19,36078.62,0
15,4,2024-04-26,36737.87,0
15,4,2024-05-03,38680.21,0
15,4,2024-05-10,42081.82,0
15,4,2024-05-17,36483.0,0
15,4,2024-05-24,41899.81,0
15,4,2024-05-31,39537.93,0
15,4,2024-06-07,39155.78,0
15,4,2024-06-14,41606.04,0
15,4,2024-06-21,40714.06,0
15,4,2024-06-28,33542.83,0
15,4,2024-07-05,34157.2,0
15,4,2024-07-12,36303.33,0
15,4,2024-07-19,37581.42,0
15,4,2024-07-26,40022.09,0
15,4,2024-08-02,35801.79,0
15,4,2024-08-09,39938.93,0
15,4,2024-08-16,32725.51,0
15,4,2024-08-23,32765.75,0
15,4,2024-08-30,32984.0,0
15,4,2024-09-06,36706.89,1
15,4,2024-09-13,25723.74,0
15,4,2024-09-20,31403.79,0
15,4,2024-09-27,35424.01,0
15,4,2024-10-04,31411.76,0
15,4,2024-10-11,34795.22,0
15,4,2024-10-18,37545.46,0
15,4,2024-10-25,32084.17,0
15,4,2024-11-01,34871.74,0
15,4,2024-11-08,38149.34,0
15,4,2024-11-15,33133.05,0
15,4,2024-11-22,32175.37,0
15,4,2024-11-29,46294.11,1
15,4,2024-12-06,32772.8,0
15,4,2024-12-13,31957.6,0
15,4,2024-12-20,38287.66,0
15,4,2024-12-27,40356.47,1
15,4,2025-01-03,35351.85,0
15,4,2025-01-10,40292.1,0
15,4,2025-01-17,33283.04,0
15,4,2025-01-24,33809.79,0
15,5,2023-02-03,22710.29,0
15,5,2023-02-10,19644.04,1
15,5,2023-02-17,22137.88,0
15,5,2023-02-24,25019.04,0
15,5,2023-03-03,19353.54,0
15,5,2023-03-10,23612.49,0
15,5,2023-03-17,25399.91,0
15,5,2023-03-24,23361.25,0
15,5,2023-03-31,21883.69,0
15,5,2023-04-07,23332.61,0
15,5,2023-04-14,22387.16,0
15,5,2023-04-21,24259.0,0
15,5,2023-04-28,23681.55,0
15,5,2023-05-05,23275.65,0
15,5,2023-05-12,25194.8,0
15,5,2023-05-19,27333.67,0
15,5,2023-05-26,24844.6,0
15,5,2023-06-02,26707.76,0
15,5,2023-06-09,27016.83,0
15,5,2023-06-16,22708.55,0
15,5,2023-06-23,24156.92,0
15,5,2023-06-30,22625.24,0
15,5,2023-07-07,20434.32,0
15,5,2023-07-14,23578.8,0
15,5,2023-07-21,20747.97,0
15,5,2023-07-28,23240.16,0
15,5,2023-08-04,19337.13,0
15,5,2023-08-11,22096.35,0
15,5,2023-08-18,18810.47,0
15,5,2023-08-25,22382.89,0
15,5,2023-09-01,20314.87,0
15,5,2023-09-08,23374.55,1
15,5,2023-09-15,19977.29,0
15,5,2023-09-22,20485.62,0
15,5,2023-09-29,19814.98,0
15,5,2023-10-06,20807.58,0
15,5,2023-10-13,21550.8,0
15,5,2023-10-20,21147.92,0
15,5,2023-10-27,19053.32,0
15,5,2023-11-03,21715.83,0
15,5,2023-11-10,18393.36,0
15,5,2023-11-17,18751.3,0
15,5,2023-11-24,30850.67,1
15,5,2023-12-01,18330.7,0
15,5,2023-12-08,21878.77,0
15,5,2023-12-15,20563.35,0
15,5,2023-12-22,20189.92,0
15,5,2023-12-29,35767.11,1
15,5,2024-01-05,25451.35,0
15,5,2024-01-12,21539.8,0
15,5,2024-01-19,22461.28,0
15,5,2024-01-26,25336.05,0
15,5,2024-02-02,23237.75,0
15,5,2024-02-09,25493.09,1
15,5,2024-02-16,19945.27,0
15,5,2024-02-23,23140.63,0
15,5,2024-03-01,25099.93,0
15,5,2024-03-08,26779.96,0
15,5,2024-03-15,26481.27,0
15,5,2024-03-22,26580.55,0
15,5,2024-03-29,27619.62,0
15,5,2024-04-05,26642.96,0
15,5,2024-04-12,21410.44,0
15,5,2024-04-19,28973.87,0
15,5,2024-04-26,24325.97,0
15,5,2024-05-03,26784.9,0
15,5,2024-05-10,26523.18,0
15,5,2024-05-17,26218.06,0
15,5,2024-05-24,23748.46,0
15,5,2024-05-31,21925.05,0
15,5,2024-06-07,23739.3,0
15,5,2024-06-14,27328.12,0
15,5,2024-06-21,22484.49,0
15,5,2024-06-28,23418.44,0
15,5,2024-07-05,25767.63,0
15,5,2024-07-12,22628.43,0
15,5,2024-07-19,23302.23,0
15,5,2024-07-26,24212.82,0
15,5,2024-08-02,24281.16,0
15,5,2024-08-09,21469.13,0
15,5,2024-08-16,23385.06,0
15,5,2024-08-23,23553.8,0
15,5,2024-08-30,20244.66,0
15,5,2024-09-06,24429.96,1
15,5,2024-09-13,22249.31,0
15,5,2024-09-20,23076.57,0
15,5,2024-09-27,21324.23,0
15,5,2024-10-04,23047.26,0
15,5,2024-10-11,22714.74,0
15,5,2024-10-18,22833.67,0
15,5,2024-10-25,21938.15,0
15,5,2024-11-01,23131.89,0
15,5,2024-11-08,21965.43,0
15,5,2024-11-15,18545.92,0
15,5,2024-11-22,20168.59,0
15,5,2024-11-29,36909.79,1
15,5,2024-12-06,22543.82,0
15,5,2024-12-13,20732.18,0
15,5,2024-12-20,26048.11,0
15,5,2024-12-27,42319.68,1
15,5,2025-01-03,21843.89,0
15,5,2025-01-10,21554.84,0
15,5,2025-01-17,23565.12,0
15,5,2025-01-24,24239.74,0
15,6,2023-02-03,26386.74,0
15,6,2023-02-10,30570.88,1
15,6,2023-02-17,27139.51,0
15,6,2023-02-24,27635.52,0
15,6,2023-03-03,30062.31,0
15,6,2023-03-10,28204.32,0
15,6,2023-03-17,30192.91,0
15,6,2023-03-24,26268.0,0
15,6,2023-03-31,26541.39,0
15,6,2023-04-07,30082.55,0
15,6,2023-04-14,29440.32,0
15,6,2023-04-21,28205.09,0
15,6,2023-04-28,30567.16,0
15,6,2023-05-05,30847.9,0
15,6,2023-05-12,28637.0,0
15,6,2023-05-19,29075.9,0
15,6,2023-05-26,30786.53,0
15,6,2023-06-02,27682.0,0
15,6,2023-06-09,28535.0,0
15,6,2023-06-16,31055.65,0
15,6,2023-06-23,29490.12,0
15,6,2023-06-30,28159.16,0
15,6,2023-07-07,26885.43,0
15,6,2023-07-14,26334.96,0
15,6,2023-07-21,28020.1,0
15,6,2023-07-28,32499.07,0
15,6,2023-08-04,28857.36,0
15,6,2023-08-11,24342.31,0
15,6,2023-08-18,28413.84,0
15,6,2023-08-25,24935.74,0
15,6,2023-09-01,26208.51,0
15,6,2023-09-08,26368.42,1
15,6,2023-09-15,23305.53,0
15,6,2023-09-22,26018.74,0
15,6,2023-09-29,23788.74,0
15,6,2023-10-06,26472.26,0
15,6,2023-10-13,25447.68,0
15,6,2023-10-20,27265.31,0
15,6,2023-10-27,26161.61,0
15,6,2023-11-03,23377.55,0
15,6,2023-11-10,30598.71,0
15,6,2023-11-17,26026.56,0
15,6,2023-11-24,28463.0,1
15,6,2023-12-01,26555.67,0
15,6,2023-12-08,26738.47,0
15,6,2023-12-15,26841.74,0
15,6,2023-12-22,28166.05,0
15,6,2023-12-29,37478.27,1
15,6,2024-01-05,31432.0,0
15,6,2024-01-12,31612.42,0
15,6,2024-01-19,29521.78,0
15,6,2024-01-26,28277.71,0
15,6,2024-02-02,28772.11,0
15,6,2024-02-09,28345.1,1
15,6,2024-02-16,29089.14,0
15,6,2024-02-23,24741.47,0
15,6,2024-03-01,34132.54,0
15,6,2024-03-08,33711.66,0
15,6,2024-03-15,26999.02,0
15,6,2024-03-22,33765.21,0
15,6,2024-03-29,31803.58,0
15,6,2024-04-05,31573.54,0
15,6,2024-04-12,33574.81,0
15,6,2024-04-19,27943.76,0
15,6,2024-04-26,32562.2,0
15,6,2024-05-03,32869.33,0
15,6,2024-05-10,32891.07,0
15,6,2024-05-17,29077.19,0
15,6,2024-05-24,33731.61,0
15,6,2024-05-31,35187.37,0
15,6,2024-06-07,33312.43,0
15,6,2024-06-14,31454.7,0
15,6,2024-06-21,38621.43,0
15,6,2024-06-28,29161.46,0
15,6,2024-07-05,33095.69,0
15,6,2024-07-12,31418.44,0
15,6,2024-07-19,35352.79,0
15,6,2024-07-26,30999.55,0
15,6,2024-08-02,31107.73,0
15,6,2024-08-09,30475.31,0
15,6,2024-08-16,26458.1,0
15,6,2024-08-23,26548.58,0
15,6,2024-08-30,27554.32,0
15,6,2024-09-06,32097.16,1
15,6,2024-09-13,27083.18,0
15,6,2024-09-20,30261.75,0
15,6,2024-09-27,22748.69,0
15,6,2024-10-04,24064.12,0
15,6,2024-10-11,21370.46,0
15,6,2024-10-18,29181.74,0
15,6,2024-10-25,26360.4,0
15,6,2024-11-01,28628.97,0
15,6,2024-11-08,26403.37,0
15,6,2024-11-15,28940.03,0
15,6,2024-11-22,26643.37,0
15,6,2024-11-29,37743.64,1
15,6,2024-12-06,28135.88,0
15,6,2024-12-13,31437.54,0
15,6,2024-12-20,24406.74,0
15,6,2024-12-27,36146.04,1
15,6,2025-01-03,28964.57,0
15,6,2025-01-10,28362.58,0
15,6,2025-01-17,28484.15,0
15,6,2025-01-24,33933.6,0
15,7,2023-02-03,24659.73,0
15,7,2023-02-10,35661.23,1
15,7,2023-02-17,24995.82,0
15,7,2023-02-24,27120.01,0
15,7,2023-03-03,26569.7,0
15,7,2023-03-10,29554.64,0
15,7,2023-03-17,24490.82,0
15,7,2023-03-24,23375.97,0
15,7,2023-03-31,28372.59,0
15,7,2023-04-07,29664.49,0
15,7,2023-04-14,28636.74,0
15,7,2023-04-21,29660.67,0
15,7,2023-04-28,29441.57,0
15,7,2023-05-05,24963.96,0
15,7,2023-05-12,28974.75,0
15,7,2023-05-19,31295.1,0
15,7,2023-05-26,28632.75,0
15,7,2023-06-02,25186.33,0
15,7,2023-06-09,27237.53,0
15,7,2023-06-16,29036.03,0
15,7,2023-06-23,31538.1,0
15,7,2023-06-30,23048.47,0
15,7,2023-07-07,27828.72,0
15,7,2023-07-14,24752.63,0
15,7,2023-07-21,27504.25,0
15,7,2023-07-28,27329.7,0
15,7,2023-08-04,25286.63,0
15,7,2023-08-11,26716.18,0
15,7,2023-08-18,27388.39,0
15,7,2023-08-25,24451.41,0
15,7,2023-09-01,21853.08,0
15,7,2023-09-08,29190.0,1
15,7,2023-09-15,25001.16,0
15,7,2023-09-22,22380.29,0
15,7,2023-09-29,25342.61,0
15,7,2023-10-06,27140.32,0
15,7,2023-10-13,22981.15,0
15,7,2023-10-20,23301.37,0
15,7,2023-10-27,21123.24,0
15,7,2023-11-03,21770.98,0
15,7,2023-11-10,21165.82,0
15,7,2023-11-17,23501.42,0
15,7,2023-11-24,29480.92,1
15,7,2023-12-01,21911.03,0
15,7,2023-12-08,23506.61,0
15,7,2023-12-15,22257.99,0
15,7,2023-12-22,24767.78,0
15,7,2023-12-29,26298.4,1
15,7,2024-01-05,24543.29,0
15,7,2024-01-12,25858.99,0
15,7,2024-01-19,22471.66,0
15,7,2024-01-26,27689.18,0
15,7,2024-02-02,26095.5,0
15,7,2024-02-09,31760.34,1
15,7,2024-02-16,24836.89,0
15,7,2024-02-23,27114.83,0
15,7,2024-03-01,31505.64,0
15,7,2024-03-08,29968.51,0
15,7,2024-03-15,29405.17,0
15,7,2024-03-22,27244.13,0
15,7,2024-03-29,27073.04,0
15,7,2024-04-05,30608.24,0
15,7,2024-04-12,31837.78,0
15,7,2024-04-19,30812.89,0
15,7,2024-04-26,34578.97,0
15,7,2024-05-03,28819.86,0
15,7,2024-05-10,30939.72,0
15,7,2024-05-17,26344.76,0
15,7,2024-05-24,30909.28,0
15,7,2024-05-31,33833.48,0
15,7,2024-06-07,27601.59,0
15,7,2024-06-14,31920.84,0
15,7,2024-06-21,33084.91,0
15,7,2024-06-28,27769.6,0
15,7,2024-07-05,30176.01,0
15,7,2024-07-12,32399.0,0
15,7,2024-07-19,28944.66,0
15,7,2024-07-26,29830.9,0
15,7,2024-08-02,23770.34,0
15,7,2024-08-09,28643.56,0
15,7,2024-08-16,28094.71,0
15,7,2024-08-23,23804.38,0
15,7,2024-08-30,24268.57,0
15,7,2024-09-06,31245.4,1
15,7,2024-09-13,27989.12,0
15,7,2024-09-20,26083.11,0
15,7,2024-09-27,25348.06,0
15,7,2024-10-04,24715.76,0
15,7,2024-10-11,25507.3,0
15,7,2024-10-18,26430.87,0
15,7,2024-10-25,25853.85,0
15,7,2024-11-01,23963.66,0
15,7,2024-11-08,27325.48,0
15,7,2024-11-15,26280.68,0
15,7,2024-11-22,25896.11,0
15,7,2024-11-29,29904.48,1
15,7,2024-12-06,21822.57,0
15,7,2024-12-13,26355.92,0
15,7,2024-12-20,29617.56,0
15,7,2024-12-27,33657.71,1
15,7,2025-01-03,25645.82,0
15,7,2025-01-10,28419.83,0
15,7,2025-01-17,27339.84,0
15,7,2025-01-24,31173.12,0
15,8,2023-02-03,26384.7,0
15,8,2023-02-10,27754.03,1
15,8,2023-02-17,27838.54,0
15,8,2023-02-24,34038.24,0
15,8,2023-03-03,29646.03,0
15,8,2023-03-10,29164.64,0
15,8,2023-03-17,25710.12,0
15,8,2023-03-24,28937.29,0
15,8,2023-03-31,32846.63,0
15,8,2023-04-07,33109.56,0
15,8,2023-04-14,30329.01,0
15,8,2023-04-21,30634.51,0
15,8,2023-04-28,37094.64,0
15,8,2023-05-05,39344.1,0
15,8,2023-05-12,35364.22,0
15,8,2023-05-19,36393.55,0
15,8,2023-05-26,36854.05,0
15,8,2023-06-02,37850.59,0
15,8,2023-06-09,31210.3,0
15,8,2023-06-16,29536.89,0
15,8,2023-06-23,36139.0,0
15,8,2023-06-30,28819.55,0
15,8,2023-07-07,28367.38,0
15,8,2023-07-14,28109.15,0
15,8,2023-07-21,29888.97,0
15,8,2023-07-28,25095.41,0
15,8,2023-08-04,26072.07,0
15,8,2023-08-11,27617.2,0
15,8,2023-08-18,25940.74,0
15,8,2023-08-25,30724.06,0
15,8,2023-09-01,27981.49,0
15,8,2023-09-08,31866.52,1
15,8,2023-09-15,26887.47,0
15,8,2023-09-22,29214.28,0
15,8,2023-09-29,27817.63,0
15,8,2023-10-06,25982.11,0
15,8,2023-10-13,22948.77,0
15,8,2023-10-20,27531.23,0
15,8,2023-10-27,23726.82,0
15,8,2023-11-03,27204.03,0
15,8,2023-11-10,26631.56,0
15,8,2023-11-17,23687.83,0
15,8,2023-11-24,32449.7,1
15,8,2023-12-01,27385.75,0
15,8,2023-12-08,27549.92,0
15,8,2023-12-15,26101.15,0
15,8,2023-12-22,29207.44,0
15,8,2023-12-29,31474.49,1
15,8,2024-01-05,30237.57,0
15,8,2024-01-12,31313.76,0
15,8,2024-01-19,31028.79,0
15,8,2024-01-26,29571.38,0
15,8,2024-02-02,25813.03,0
15,8,2024-02-09,34717.9,1
15,8,2024-02-16,26588.81,0
15,8,2024-02-23,33486.45,0
15,8,2024-03-01,37913.06,0
15,8,2024-03-08,33256.44,0
15,8,2024-03-15,34035.25,0
15,8,2024-03-22,34642.64,0
15,8,2024-03-29,34482.91,0
15,8,2024-04-05,40659.08,0
15,8,2024-04-12,32130.59,0
15,8,2024-04-19,31951.49,0
15,8,2024-04-26,33853.47,0
15,8,2024-05-03,39691.01,0
15,8,2024-05-10,33250.69,0
15,8,2024-05-17,36024.39,0
15,8,2024-05-24,37714.79,0
15,8,2024-05-31,36755.86,0
15,8,2024-06-07,37214.61,0
15,8,2024-06-14,38055.5,0
15,8,2024-06-21,34738.89,0
15,8,2024-06-28,32361.9,0
15,8,2024-07-05,33636.54,0
15,8,2024-07-12,31981.56,0
15,8,2024-07-19,39032.88,0
15,8,2024-07-26,30707.07,0
15,8,2024-08-02,32882.68,0
15,8,2024-08-09,27491.67,0
15,8,2024-08-16,31160.04,0
15,8,2024-08-23,29734.95,0
15,8,2024-08-30,31678.64,0
15,8,2024-09-06,33458.73,1
15,8,2024-09-13,32517.79,0
15,8,2024-09-20,28931.95,0
15,8,2024-09-27,26660.15,0
15,8,2024-10-04,26742.2,0
15,8,2024-10-11,29174.12,0
15,8,2024-10-18,28741.78,0
15,8,2024-10-25,28921.74,0
15,8,2024-11-01,27132.83,0
15,8,2024-11-08,31678.71,0
15,8,2024-11-15,25172.05,0
15,8,2024-11-22,27354.51,0
15,8,2024-11-29,34675.52,1
15,8,2024-12-06,32136.3,0
15,8,2024-12-13,28870.32,0
15,8,2024-12-20,30165.3,0
15,8,2024-12-27,37910.6,1
15,8,2025-01-03,31718.73,0
15,8,2025-01-10,31874.92,0
15,8,2025-01-17,28869.45,0
15,8,2025-01-24,31050.69,0
15,9,2023-02-03,16395.13,0
15,9,2023-02-10,17859.24,1
15,9,2023-02-17,18136.06,0
15,9,2023-02-24,19495.0,0
15,9,2023-03-03,17590.57,0
15,9,2023-03-10,16590.08,0
15,9,2023-03-17,17277.59,0
15,9,2023-03-24,17397.54,0
15,9,2023-03-31,17149.12,0
15,9,2023-04-07,18422.61,0
15,9,2023-04-14,18616.06,0
15,9,2023-04-21,16395.09,0
15,9,2023-04-28,19744.41,0
15,9,2023-05-05,15529.21,0
15,9,2023-05-12,17892.53,0
15,9,2023-05-19,19874.43,0
15,9,2023-05-26,19039.55,0
15,9,2023-06-02,17570.11,0
15,9,2023-06-09,20823.92,0
15,9,2023-06-16,17240.94,0
15,9,2023-06-23,14888.65,0
15,9,2023-06-30,18202.34,0
15,9,2023-07-07,14913.52,0
15,9,2023-07-14,16051.0,0
15,9,2023-07-21,17837.65,0
15,9,2023-07-28,16161.34,0
15,9,2023-08-04,17334.06,0
15,9,2023-08-11,14833.96,0
15,9,2023-08-18,17243.56,0
15,9,2023-08-25,13773.74,0
15,9,2023-09-01,17390.71,0
15,9,2023-09-08,16486.01,1
15,9,2023-09-15,14344.52,0
15,9,2023-09-22,17574.16,0
15,9,2023-09-29,13944.24,0
15,9,2023-10-06,12844.64,0
15,9,2023-10-13,14969.82,0
15,9,2023-10-20,16334.73,0
15,9,2023-10-27,15783.26,0
15,9,2023-11-03,16232.13,0
15,9,2023-11-10,15851.56,0
15,9,2023-11-17,13970.43,0
15,9,2023-11-24,20921.38,1
15,9,2023-12-01,14306.72,0
15,9,2023-12-08,15536.48,0
15,9,2023-12-15,15420.55,0
15,9,2023-12-22,17463.74,0
15,9,2023-12-29,17642.19,1
15,9,2024-01-05,15235.72,0
15,9,2024-01-12,18873.01,0
15,9,2024-01-19,15790.54,0
15,9,2024-01-26,18669.07,0
15,9,2024-02-02,15768.36,0
15,9,2024-02-09,18166.9,1
15,9,2024-02-16,18101.51,0
15,9,2024-02-23,19767.86,0
15,9,2024-03-01,19834.52,0
15,9,2024-03-08,18606.81,0
15,9,2024-03-15,17905.09,0
15,9,2024-03-22,21371.15,0
15,9,2024-03-29,18120.99,0
15,9,2024-04-05,15758.25,0
15,9,2024-04-12,16499.12,0
15,9,2024-04-19,16965.33,0
15,9,2024-04-26,20486.82,0
15,9,2024-05-03,23068.74,0
15,9,2024-05-10,16408.41,0
15,9,2024-05-17,18363.0,0
15,9,2024-05-24,19679.5,0
15,9,2024-05-31,21868.64,0
15,9,2024-06-07,18136.54,0
15,9,2024-06-14,20133.98,0
15,9,2024-06-21,18688.83,0
15,9,2024-06-28,22835.29,0
15,9,2024-07-05,18916.55,0
15,9,2024-07-12,19017.36,0
15,9,2024-07-19,18393.56,0
15,9,2024-07-26,17443.0,0
15,9,2024-08-02,19161.44,0
15,9,2024-08-09,15944.66,0
15,9,2024-08-16,14565.6,0
15,9,2024-08-23,16913.41,0
15,9,2024-08-30,18008.41,0
15,9,2024-09-06,18543.09,1
15,9,2024-09-13,14909.6,0
15,9,2024-09-20,17751.91,0
15,9,2024-09-27,17067.93,0
15,9,2024-10-04,16133.78,0
15,9,2024-10-11,16238.67,0
15,9,2024-10-18,14185.76,0
15,9,2024-10-25,14219.52,0
15,9,2024-11-01,15789.18,0
15,9,2024-11-08,16638.54,0
15,9,2024-11-15,16774.9,0
15,9,2024-11-22,15680.88,0
15,9,2024-11-29,23027.39,1
15,9,2024-12-06,16320.84,0
15,9,2024-12-13,17033.99,0
15,9,2024-12-20,16551.47,0
15,9,2024-12-27,22126.5,1
15,9,2025-01-03,19670.8,0
15,9,2025-01-10,18864.07,0
15,9,2025-01-17,19032.89,0
15,9,2025-01-24,17481.36,0
15,10,2023-02-03,18085.61,0
15,10,2023-02-10,20414.18,1
15,10,2023-02-17,22105.96,0
15,10,2023-02-24,23219.8,0
15,10,2023-03-03,16635.09,0
15,10,2023-03-10,25074.24,0
15,10,2023-03-17,21933.71,0
15,10,2023-03-24,23019.33,0
15,10,2023-03-31,18651.08,0
15,10,2023-04-07,21433.15,0
15,10,2023-04-14,23445.19,0
15,10,2023-04-21,20036.69,0
15,10,2023-04-28,17069.98,0
15,10,2023-05-05,22846.79,0
15,10,2023-05-12,22176.26,0
15,10,2023-05-19,24810.67,0
15,10,2023-05-26,21908.3,0
15,10,2023-06-02,21952.52,0
15,10,2023-06-09,23215.44,0
15,10,2023-06-16,23647.07,0
15,10,2023-06-23,20438.87,0
15,10,2023-06-30,23091.93,0
15,10,2023-07-07,20364.29,0
15,10,2023-07-14,21043.55,0
15,10,2023-07-21,21881.35,0
15,10,2023-07-28,21895.5,0
15,10,2023-08-04,20761.25,0
15,10,2023-08-11,18254.35,0
15,10,2023-08-18,16770.38,0
15,10,2023-08-25,19175.4,0
15,10,2023-09-01,20721.04,0
15,10,2023-09-08,23421.93,1
15,10,2023-09-15,18785.49,0
15,10,2023-09-22,19073.69,0
15,10,2023-09-29,16989.16,0
15,10,2023-10-06,19473.66,0
15,10,2023-10-13,19468.07,0
15,10,2023-10-20,17654.42,0
15,10,2023-10-27,18777.17,0
15,10,2023-11-03,15658.07,0
15,10,2023-11-10,18456.44,0
15,10,2023-11-17,18079.53,0
15,10,2023-11-24,32319.27,1
15,10,2023-12-01,19826.88,0
15,10,2023-12-08,18134.59,0
15,10,2023-12-15,15470.1,0
15,10,2023-12-22,18826.77,0
15,10,2023-12-29,30162.17,1
15,10,2024-01-05,19985.68,0
15,10,2024-01-12,19216.38,0
15,10,2024-01-19,19818.7,0
15,10,2024-01-26,18810.2,0
15,10,2024-02-02,17650.43,0
15,10,2024-02-09,21157.38,1
15,10,2024-02-16,20377.18,0
15,10,2024-02-23,23890.62,0
15,10,2024-03-01,18407.74,0
15,10,2024-03-08,23119.66,0
15,10,2024-03-15,26747.35,0
15,10,2024-03-22,22777.24,0
15,10,2024-03-29,23331.9,0
15,10,2024-04-05,24331.09,0
15,10,2024-04-12,24643.65,0
15,10,2024-04-19,23033.85,0
15,10,2024-04-26,21972.56,0
15,10,2024-05-03,25202.59,0
15,10,2024-05-10,20307.61,0
15,10,2024-05-17,25536.63,0
15,10,2024-05-24,23134.06,0
15,10,2024-05-31,23793.13,0
15,10,2024-06-07,22663.39,0
15,10,2024-06-14,26187.4,0
15,10,2024-06-21,23772.56,0
15,10,2024-06-28,22498.78,0
15,10,2024-07-05,22216.15,0
15,10,2024-07-12,22332.47,0
15,10,2024-07-19,26612.49,0
15,10,2024-07-26,19727.33,0
15,10,2024-08-02,23651.14,0
15,10,2024-08-09,22455.77,0
15,10,2024-08-16,23808.48,0
15,10,2024-08-23,21976.32,0
15,10,2024-08-30,20667.73,0
15,10,2024-09-06,24062.67,1
15,10,2024-09-13,21414.71,0
15,10,2024-09-20,22281.57,0
15,10,2024-09-27,19973.54,0
15,10,2024-10-04,19019.56,0
15,10,2024-10-11,18574.31,0
15,10,2024-10-18,20216.99,0
15,10,2024-10-25,18113.05,0
15,10,2024-11-01,18942.72,0
15,10,2024-11-08,18021.23,0
15,10,2024-11-15,20414.71,0
15,10,2024-11-22,18550.9,0
15,10,2024-11-29,27456.01,1
15,10,2024-12-06,19172.34,0
15,10,2024-12-13,19535.4,0
15,10,2024-12-20,20985.46,0
15,10,2024-12-27,37512.99,1
15,10,2025-01-03,21921.71,0
15,10,2025-01-10,22755.7,0
15,10,2025-01-17,18491.27,0
15,10,2025-01-24,20171.57,0
16,1,2023-02-03,68939.95,0
16,1,2023-02-10,77569.08,1
16,1,2023-02-17,59696.16,0
16,1,2023-02-24,66500.55,0
16,1,2023-03-03,68446.69,0
16,1,2023-03-10,71984.86,0
16,1,2023-03-17,72110.16,0
16,1,2023-03-24,75422.08,0
16,1,2023-03-31,72725.81,0
16,1,2023-04-07,82134.63,0
16,1,2023-04-14,84599.33,0
16,1,2023-04-21,68216.83,0
16,1,2023-04-28,75474.24,0
16,1,2023-05-05,80184.28,0
16,1,2023-05-12,78956.3,0
16,1,2023-05-19,72900.2,0
16,1,2023-05-26,76710.94,0
16,1,2023-06-02,65399.39,0
16,1,2023-06-09,74372.91,0
16,1,2023-06-16,65345.33,0
16,1,2023-06-23,76383.15,0
16,1,2023-06-30,66237.36,0
16,1,2023-07-07,72929.61,0
16,1,2023-07-14,73010.79,0
16,1,2023-07-21,70776.93,0
16,1,2023-07-28,65963.24,0
16,1,2023-08-04,67429.86,0
16,1,2023-08-11,74085.35,0
16,1,2023-08-18,64537.5,0
16,1,2023-08-25,66063.13,0
16,1,2023-09-01,62232.11,0
16,1,2023-09-08,77105.59,1
16,1,2023-09-15,59781.76,0
16,1,2023-09-22,63090.57,0
16,1,2023-09-29,61319.11,0
16,1,2023-10-06,69010.74,0
16,1,2023-10-13,61547.05,0
16,1,2023-10-20,54746.16,0
16,1,2023-10-27,63912.35,0
16,1,2023-11-03,70272.38,0
16,1,2023-11-10,67536.91,0
16,1,2023-11-17,56443.13,0
16,1,2023-11-24,70157.73,1
16,1,2023-12-01,62707.91,0
16,1,2023-12-08,65349.87,0
16,1,2023-12-15,62370.53,0
16,1,2023-12-22,60191.72,0
16,1,2023-12-29,89428.56,1
16,1,2024-01-05,62528.67,0
16,1,2024-01-12,61713.99,0
16,1,2024-01-19,72298.23,0
16,1,2024-01-26,70628.13,0
16,1,2024-02-02,76187.97,0
16,1,2024-02-09,85968.31,1
16,1,2024-02-16,70798.92,0
16,1,2024-02-23,73408.5,0
16,1,2024-03-01,76808.59,0
16,1,2024-03-08,66236.65,0
16,1,2024-03-15,80428.93,0
16,1,2024-03-22,72703.48,0
16,1,2024-03-29,74961.71,0
16,1,2024-04-05,87189.27,0
16,1,2024-04-12,66228.78,0
16,1,2024-04-19,82746.6,0
16,1,2024-04-26,83029.41,0
16,1,2024-05-03,75824.3,0
16,1,2024-05-10,78283.3,0
16,1,2024-05-17,89030.52,0
16,1,2024-05-24,93609.34,0
16,1,2024-05-31,87445.27,0
16,1,2024-06-07,92235.55,0
16,1,2024-06-14,75197.85,0
16,1,2024-06-21,68977.84,0
16,1,2024-06-28,77900.9,0
16,1,2024-07-05,82411.94,0
16,1,2024-07-12,65200.61,0
16,1,2024-07-19,70039.92,0
16,1,2024-07-26,69826.17,0
16,1,2024-08-02,75836.08,0
16,1,2024-08-09,74088.93,0
16,1,2024-08-16,67354.74,0
16,1,2024-08-23,71899.33,0
16,1,2024-08-30,63584.53,0
16,1,2024-09-06,78795.53,1
16,1,2024-09-13,67590.14,0
16,1,2024-09-20,63402.85,0
16,1,2024-09-27,70874.55,0
16,1,2024-10-04,66555.11,0
16,1,2024-10-11,65135.58,0
16,1,2024-10-18,75454.72,0
16,1,2024-10-25,68019.69,0
16,1,2024-11-01,64073.26,0
16,1,2024-11-08,63080.41,0
16,1,2024-11-15,60174.67,0
16,1,2024-11-22,66513.93,0
16,1,2024-11-29,87259.76,1
16,1,2024-12-06,60631.05,0
16,1,2024-12-13,65980.81,0
16,1,2024-12-20,63565.86,0
16,1,2024-12-27,88523.97,1
16,1,2025-01-03,70976.51,0
16,1,2025-01-10,75978.9,0
16,1,2025-01-17,70464.4,0
16,1,2025-01-24,74830.09,0
16,2,2023-02-03,37776.01,0
16,2,2023-02-10,42679.46,1
16,2,2023-02-17,42636.34,0
16,2,2023-02-24,38888.93,0
16,2,2023-03-03,43082.24,0
16,2,2023-03-10,44067.85,0
16,2,2023-03-17,45745.93,0
16,2,2023-03-24,46383.04,0
16,2,2023-03-31,43035.56,0
16,2,2023-04-07,48863.56,0
16,2,2023-04-14,48306.54,0
16,2,2023-04-21,43912.78,0
16,2,2023-04-28,42515.27,0
16,2,2023-05-05,44466.68,0
16,2,2023-05-12,41405.53,0
16,2,2023-05-19,47670.3,0
16,2,2023-05-26,51206.61,0
16,2,2023-06-02,51894.53,0
16,2,2023-06-09,42308.4,0
16,2,2023-06-16,48935.44,0
16,2,2023-06-23,45980.03,0
16,2,2023-06-30,36580.36,0
16,2,2023-07-07,43603.03,0
16,2,2023-07-14,42725.43,0
16,2,2023-07-21,48013.43,0
16,2,2023-07-28,40217.25,0
16,2,2023-08-04,44596.83,0
16,2,2023-08-11,41757.17,0
16,2,2023-08-18,36760.67,0
16,2,2023-08-25,39222.86,0
16,2,2023-09-01,45493.26,0
16,2,2023-09-08,47046.57,1
16,2,2023-09-15,42316.4,0
16,2,2023-09-22,37827.02,0
16,2,2023-09-29,34909.84,0
16,2,2023-10-06,35075.63,0
16,2,2023-10-13,42896.74,0
16,2,2023-10-20,38766.08,0
16,2,2023-10-27,32937.77,0
16,2,2023-11-03,40810.89,0
16,2,2023-11-10,32868.55,0
16,2,2023-11-17,35973.16,0
16,2,2023-11-24,75849.25,1
16,2,2023-12-01,41627.14,0
16,2,2023-12-08,37936.74,0
16,2,2023-12-15,39997.29,0
16,2,2023-12-22,43386.31,0
16,2,2023-12-29,69210.19,1
16,2,2024-01-05,40847.43,0
16,2,2024-01-12,39412.08,0
16,2,2024-01-19,45167.21,0
16,2,2024-01-26,47151.79,0
16,2,2024-02-02,37409.35,0
16,2,2024-02-09,43551.47,1
16,2,2024-02-16,41240.76,0
16,2,2024-02-23,46912.75,0
16,2,2024-03-01,42350.47,0
16,2,2024-03-08,42594.05,0
16,2,2024-03-15,52530.91,0
16,2,2024-03-22,48077.88,0
16,2,2024-03-29,48954.83,0
16,2,2024-04-05,51307.09,0
16,2,2024-04-12,53807.29,0
16,2,2024-04-19,48511.02,0
16,2,2024-04-26,48780.94,0
16,2,2024-05-03,48903.05,0
16,2,2024-05-10,54886.77,0
16,2,2024-05-17,50191.88,0
16,2,2024-05-24,49168.3,0
16,2,2024-05-31,51707.55,0
16,2,2024-06-07,57173.12,0
16,2,2024-06-14,49823.39,0
16,2,2024-06-21,48070.86,0
16,2,2024-06-28,56242.87,0
16,2,2024-07-05,53301.74,0
16,2,2024-07-12,52153.15,0
16,2,2024-07-19,45183.64,0
16,2,2024-07-26,44248.95,0
16,2,2024-08-02,39146.4,0
16,2,2024-08-09,48770.29,0
16,2,2024-08-16,44955.59,0
16,2,2024-08-23,37748.99,0
16,2,2024-08-30,47739.9,0
16,2,2024-09-06,48905.65,1
16,2,2024-09-13,37415.42,0
16,2,2024-09-20,43809.59,0
16,2,2024-09-27,43469.15,0
16,2,2024-10-04,41339.69,0
16,2,2024-10-11,39896.45,0
16,2,2024-10-18,49774.0,0
16,2,2024-10-25,37110.98,0
16,2,2024-11-01,38706.84,0
16,2,2024-11-08,43505.62,0
16,2,2024-11-15,37993.56,0
16,2,2024-11-22,37983.68,0
16,2,2024-11-29,69767.52,1
16,2,2024-12-06,43986.95,0
16,2,2024-12-13,43445.71,0
16,2,2024-12-20,40960.57,0
16,2,2024-12-27,71274.11,1
16,2,2025-01-03,47618.82,0
16,2,2025-01-10,46825.41,0
16,2,2025-01-17,42582.62,0
16,2,2025-01-24,49684.35,0
16,3,2023-02-03,27937.99,0
16,3,2023-02-10,31946.85,1
16,3,2023-02-17,30255.56,0
16,3,2023-02-24,31478.71,0
16,3,2023-03-03,39558.29,0
16,3,2023-03-10,30643.72,0
16,3,2023-03-17,32849.19,0
16,3,2023-03-24,36990.51,0
16,3,2023-03-31,34534.73,0
16,3,2023-04-07,36632.64,0
16,3,2023-04-14,40597.08,0
16,3,2023-04-21,38544.08,0
16,3,2023-04-28,35387.31,0
16,3,2023-05-05,36454.6,0
16,3,2023-05-12,38439.43,0
16,3,2023-05-19,38713.71,0
16,3,2023-05-26,36814.77,0
16,3,2023-06-02,37666.94,0
16,3,2023-06-09,37469.24,0
16,3,2023-06-16,35905.54,0
16,3,2023-06-23,34147.09,0
16,3,2023-06-30,37669.5,0
16,3,2023-07-07,36017.02,0
16,3,2023-07-14,29011.04,0
16,3,2023-07-21,32121.06,0
16,3,2023-07-28,32659.77,0
16,3,2023-08-04,32990.49,0
16,3,2023-08-11,36280.06,0
16,3,2023-08-18,41028.45,0
16,3,2023-08-25,25900.02,0
16,3,2023-09-01,32618.43,0
16,3,2023-09-08,37441.27,1
16,3,2023-09-15,32481.29,0
16,3,2023-09-22,31196.11,0
16,3,2023-09-29,29683.8,0
16,3,2023-10-06,30427.67,0
16,3,2023-10-13,31542.19,0
16,3,2023-10-20,31204.75,0
16,3,2023-10-27,30500.86,0
16,3,2023-11-03,28657.09,0
16,3,2023-11-10,36928.58,0
16,3,2023-11-17,31135.27,0
16,3,2023-11-24,52161.38,1
16,3,2023-12-01,31168.4,0
16,3,2023-12-08,31454.36,0
16,3,2023-12-15,26559.42,0
16,3,2023-12-22,29932.47,0
16,3,2023-12-29,53006.96,1
16,3,2024-01-05,29869.94,0
16,3,2024-01-12,33285.57,0
16,3,2024-01-19,37462.27,0
16,3,2024-01-26,34595.09,0
16,3,2024-02-02,31501.01,0
16,3,2024-02-09,32426.24,1
16,3,2024-02-16,34804.73,0
16,3,2024-02-23,32295.78,0
16,3,2024-03-01,37832.62,0
16,3,2024-03-08,41469.06,0
16,3,2024-03-15,36125.65,0
16,3,2024-03-22,38515.8,0
16,3,2024-03-29,37323.4,0
16,3,2024-04-05,37004.22,0
16,3,2024-04-12,39825.29,0
16,3,2024-04-19,37343.76,0
16,3,2024-04-26,37022.96,0
16,3,2024-05-03,34529.3,0
16,3,2024-05-10,39896.3,0
16,3,2024-05-17,43037.39,0
16,3,2024-05-24,41791.46,0
16,3,2024-05-31,44097.61,0
16,3,2024-06-07,37067.33,0
16,3,2024-06-14,41564.47,0
16,3,2024-06-21,35196.95,0
16,3,2024-06-28,40415.99,0
16,3,2024-07-05,42831.97,0
16,3,2024-07-12,38922.01,0
16,3,2024-07-19,41899.45,0
16,3,2024-07-26,34770.23,0
16,3,2024-08-02,35660.08,0
16,3,2024-08-09,32967.55,0
16,3,2024-08-16,35203.71,0
16,3,2024-08-23,35399.9,0
16,3,2024-08-30,34291.04,0
16,3,2024-09-06,35532.62,1
16,3,2024-09-13,34369.63,0
16,3,2024-09-20,32695.76,0
16,3,2024-09-27,29810.56,0
16,3,2024-10-04,27657.27,0
16,3,2024-10-11,30887.32,0
16,3,2024-10-18,28743.91,0
16,3,2024-10-25,30107.98,0
16,3,2024-11-01,31182.3,0
16,3,2024-11-08,31971.91,0
16,3,2024-11-15,30757.7,0
16,3,2024-11-22,38420.69,0
16,3,2024-11-29,46647.78,1
16,3,2024-12-06,32839.78,0
16,3,2024-12-13,31876.61,0
16,3,2024-12-20,35671.32,0
16,3,2024-12-27,69847.22,1
16,3,2025-01-03,40060.06,0
16,3,2025-01-10,29333.08,0
16,3,2025-01-17,35432.39,0
16,3,2025-01-24,37276.77,0
16,4,2023-02-03,29378.07,0
16,4,2023-02-10,25970.92,1
16,4,2023-02-17,33043.29,0
16,4,2023-02-24,29330.56,0
16,4,2023-03-03,22732.61,0
16,4,2023-03-10,25110.76,0
16,4,2023-03-17,29306.68,0
16,4,2023-03-24,26416.78,0
16,4,2023-03-31,30646.35,0
16,4,2023-04-07,28529.18,0
16,4,2023-04-14,26954.96,0
16,4,2023-04-21,27654.26,0
16,4,2023-04-28,32131.26,0
16,4,2023-05-05,25269.81,0
16,4,2023-05-12,32692.64,0
16,4,2023-05-19,32734.82,0
16,4,2023-05-26,29273.98,0
16,4,2023-06-02,26588.74,0
16,4,2023-06-09,31119.74,0
16,4,2023-06-16,28444.09,0
16,4,2023-06-23,25801.39,0
16,4,2023-06-30,33535.48,0
16,4,2023-07-07,26758.84,0
16,4,2023-07-14,25123.32,0
16,4,2023-07-21,28781.69,0
16,4,2023-07-28,27639.43,0
16,4,2023-08-04,30695.36,0
16,4,2023-08-11,26251.63,0
16,4,2023-08-18,25931.84,0
16,4,2023-08-25,27087.49,0
16,4,2023-09-01,26469.19,0
16,4,2023-09-08,30089.57,1
16,4,2023-09-15,25804.75,0
16,4,2023-09-22,24381.49,0
16,4,2023-09-29,26675.91,0
16,4,2023-10-06,24122.15,0
16,4,2023-10-13,26297.0,0
16,4,2023-10-20,27355.74,0
16,4,2023-10-27,23251.71,0
16,4,2023-11-03,29325.69,0
16,4,2023-11-10,23248.53,0
16,4,2023-11-17,23364.78,0
16,4,2023-11-24,34192.16,1
16,4,2023-12-01,25264.76,0
16,4,2023-12-08,27027.36,0
16,4,2023-12-15,26172.92,0
16,4,2023-12-22,30273.08,0
16,4,2023-12-29,33039.26,1
16,4,2024-01-05,25546.87,0
16,4,2024-01-12,28161.72,0
16,4,2024-01-19,28640.82,0
16,4,2024-01-26,28475.36,0
16,4,2024-02-02,26529.01,0
16,4,2024-02-09,31479.82,1
16,4,2024-02-16,33912.24,0
16,4,2024-02-23,29868.12,0
16,4,2024-03-01,34594.98,0
16,4,2024-03-08,32736.85,0
16,4,2024-03-15,36484.56,0
16,4,2024-03-22,32506.49,0
16,4,2024-03-29,31968.09,0
16,4,2024-04-05,34030.69,0
16,4,2024-04-12,30984.17,0
16,4,2024-04-19,33317.06,0
16,4,2024-04-26,35833.7,0
16,4,2024-05-03,34583.48,0
16,4,2024-05-10,32394.2,0
16,4,2024-05-17,32963.22,0
16,4,2024-05-24,34323.42,0
16,4,2024-05-31,34100.66,0
16,4,2024-06-07,33981.31,0
16,4,2024-06-14,32704.73,0
16,4,2024-06-21,29500.14,0
16,4,2024-06-28,29626.97,0
16,4,2024-07-05,32113.23,0
16,4,2024-07-12,32661.3,0
16,4,2024-07-19,31957.8,0
16,4,2024-07-26,28265.55,0
16,4,2024-08-02,29136.47,0
16,4,2024-08-09,26371.33,0
16,4,2024-08-16,25525.8,0
16,4,2024-08-23,28536.7,0
16,4,2024-08-30,31040.04,0
16,4,2024-09-06,33282.84,1
16,4,2024-09-13,27005.7,0
16,4,2024-09-20,27164.04,0
16,4,2024-09-27,24736.06,0
16,4,2024-10-04,25936.83,0
16,4,2024-10-11,24009.52,0
16,4,2024-10-18,23172.8,0
16,4,2024-10-25,23921.34,0
16,4,2024-11-01,26587.2,0
16,4,2024-11-08,24908.25,0
16,4,2024-11-15,25518.68,0
16,4,2024-11-22,27623.55,0
16,4,2024-11-29,32364.12,1
16,4,2024-12-06,29069.92,0
16,4,2024-12-13,29587.14,0
16,4,2024-12-20,29027.27,0
16,4,2024-12-27,38746.62,1
16,4,2025-01-03,28482.23,0
16,4,2025-01-10,32960.93,0
16,4,2025-01-17,30215.35,0
16,4,2025-01-24,29785.48,0
16,5,2023-02-03,18396.39,0
16,5,2023-02-10,17955.13,1
16,5,2023-02-17,18490.5,0
16,5,2023-02-24,18070.37,0
16,5,2023-03-03,18075.13,0
16,5,2023-03-10,20452.96,0
16,5,2023-03-17,16182.61,0
16,5,2023-03-24,20127.33,0
16,5,2023-03-31,18826.56,0
16,5,2023-04-07,16727.76,0
16,5,2023-04-14,18321.96,0
16,5,2023-04-21,19920.19,0
16,5,2023-04-28,20216.9,0
16,5,2023-05-05,21289.23,0
16,5,2023-05-12,21413.34,0
16,5,2023-05-19,17609.14,0
16,5,2023-05-26,20652.94,0
16,5,2023-06-02,21133.4,0
16,5,2023-06-09,20211.07,0
16,5,2023-06-16,20523.48,0
16,5,2023-06-23,16547.33,0
16,5,2023-06-30,17858.4,0
16,5,2023-07-07,21295.49,0
16,5,2023-07-14,18559.94,0
16,5,2023-07-21,22096.42,0
16,5,2023-07-28,16632.04,0
16,5,2023-08-04,20577.09,0
16,5,2023-08-11,17168.69,0
16,5,2023-08-18,19044.31,0
16,5,2023-08-25,17171.1,0
16,5,2023-09-01,17529.63,0
16,5,2023-09-08,19088.51,1
16,5,2023-09-15,18067.75,0
16,5,2023-09-22,16456.92,0
16,5,2023-09-29,16910.76,0
16,5,2023-10-06,13054.24,0
16,5,2023-10-13,16026.92,0
16,5,2023-10-20,18074.04,0
16,5,2023-10-27,17300.34,0
16,5,2023-11-03,17559.36,0
16,5,2023-11-10,16506.13,0
16,5,2023-11-17,18721.85,0
16,5,2023-11-24,28757.9,1
16,5,2023-12-01,17892.64,0
16,5,2023-12-08,18159.41,0
16,5,2023-12-15,17964.38,0
16,5,2023-12-22,16761.5,0
16,5,2023-12-29,35898.81,1
16,5,2024-01-05,18498.36,0
16,5,2024-01-12,15953.4,0
16,5,2024-01-19,17454.86,0
16,5,2024-01-26,17666.25,0
16,5,2024-02-02,17830.49,0
16,5,2024-02-09,16020.94,1
16,5,2024-02-16,22535.48,0
16,5,2024-02-23,18472.99,0
16,5,2024-03-01,18849.64,0
16,5,2024-03-08,17239.69,0
16,5,2024-03-15,22088.4,0
16,5,2024-03-22,20729.64,0
16,5,2024-03-29,20489.85,0
16,5,2024-04-05,20748.01,0
16,5,2024-04-12,22404.6,0
16,5,2024-04-19,20684.73,0
16,5,2024-04-26,18155.32,0
16,5,2024-05-03,19401.5,0
16,5,2024-05-10,19322.88,0
16,5,2024-05-17,22105.08,0
16,5,2024-05-24,23179.73,0
16,5,2024-05-31,24008.22,0
16,5,2024-06-07,18576.54,0
16,5,2024-06-14,22280.04,0
16,5,2024-06-21,20019.61,0
16,5,2024-06-28,25740.39,0
16,5,2024-07-05,22932.39,0
16,5,2024-07-12,23195.88,0
16,5,2024-07-19,21467.39,0
16,5,2024-07-26,20528.28,0
16,5,2024-08-02,19028.84,0
16,5,2024-08-09,18473.39,0
16,5,2024-08-16,17923.05,0
16,5,2024-08-23,19835.1,0
16,5,2024-08-30,20995.36,0
16,5,2024-09-06,19002.8,1
16,5,2024-09-13,16078.18,0
16,5,2024-09-20,18417.86,0
16,5,2024-09-27,19672.03,0
16,5,2024-10-04,19605.54,0
16,5,2024-10-11,19641.19,0
16,5,2024-10-18,18213.62,0
16,5,2024-10-25,17725.93,0
16,5,2024-11-01,19410.6,0
16,5,2024-11-08,16078.46,0
16,5,2024-11-15,17096.13,0
16,5,2024-11-22,20271.52,0
16,5,2024-11-29,33292.88,1
16,5,2024-12-06,19065.26,0
16,5,2024-12-13,18474.05,0
16,5,2024-12-20,20292.36,0
16,5,2024-12-27,35219.32,1
16,5,2025-01-03,21239.68,0
16,5,2025-01-10,17965.05,0
16,5,2025-01-17,19464.49,0
16,5,2025-01-24,23881.98,0
16,6,2023-02-03,25423.3,0
16,6,2023-02-10,20071.31,1
16,6,2023-02-17,22679.85,0
16,6,2023-02-24,23293.6,0
16,6,2023-03-03,24148.39,0
16,6,2023-03-10,26092.91,0
16,6,2023-03-17,27494.39,0
16,6,2023-03-24,24303.91,0
16,6,2023-03-31,26662.42,0
16,6,2023-04-07,25949.06,0
16,6,2023-04-14,24797.13,0
16,6,2023-04-21,21579.71,0
16,6,2023-04-28,27110.07,0
16,6,2023-05-05,26340.58,0
16,6,2023-05-12,25925.07,0
16,6,2023-05-19,23147.73,0
16,6,2023-05-26,28986.95,0
16,6,2023-06-02,25266.36,0
16,6,2023-06-09,22561.86,0
16,6,2023-06-16,22093.48,0
16,6,2023-06-23,25792.81,0
16,6,2023-06-30,25615.19,0
16,6,2023-07-07,23108.02,0
16,6,2023-07-14,24609.23,0
16,6,2023-07-21,24702.42,0
16,6,2023-07-28,23417.79,0
16,6,2023-08-04,21578.67,0
16,6,2023-08-11,24298.52,0
16,6,2023-08-18,23761.2,0
16,6,2023-08-25,22981.72,0
16,6,2023-09-01,20263.02,0
16,6,2023-09-08,20875.69,1
16,6,2023-09-15,22802.82,0
16,6,2023-09-22,22767.55,0
16,6,2023-09-29,21815.94,0
16,6,2023-10-06,19951.85,0
16,6,2023-10-13,19264.65,0
16,6,2023-10-20,20490.78,0
16,6,2023-10-27,20474.78,0
16,6,2023-11-03,22311.15,0
16,6,2023-11-10,19756.57,0
16,6,2023-11-17,19980.32,0
16,6,2023-11-24,28457.12,1
16,6,2023-12-01,19455.31,0
16,6,2023-12-08,23622.88,0
16,6,2023-12-15,19459.94,0
16,6,2023-12-22,20897.97,0
16,6,2023-12-29,27299.29,1
16,6,2024-01-05,23376.33,0
16,6,2024-01-12,22808.0,0
16,6,2024-01-19,24104.03,0
16,6,2024-01-26,22593.43,0
16,6,2024-02-02,24429.6,0
16,6,2024-02-09,24248.28,1
16,6,2024-02-16,21750.93,0
16,6,2024-02-23,25791.57,0
16,6,2024-03-01,25375.14,0
16,6,2024-03-08,24055.57,0
16,6,2024-03-15,24943.17,0
16,6,2024-03-22,25265.86,0
16,6,2024-03-29,25835.77,0
16,6,2024-04-05,30307.02,0
16,6,2024-04-12,31220.74,0
16,6,2024-04-19,21024.55,0
16,6,2024-04-26,28042.31,0
16,6,2024-05-03,29112.62,0
16,6,2024-05-10,26594.39,0
16,6,2024-05-17,29043.21,0
16,6,2024-05-24,30536.99,0
16,6,2024-05-31,23912.63,0
16,6,2024-06-07,27000.61,0
16,6,2024-06-14,30686.96,0
16,6,2024-06-21,23713.39,0
16,6,2024-06-28,25836.35,0
16,6,2024-07-05,24883.04,0
16,6,2024-07-12,27667.79,0
16,6,2024-07-19,27618.56,0
16,6,2024-07-26,25222.99,0
16,6,2024-08-02,24640.95,0
16,6,2024-08-09,20918.86,0
16,6,2024-08-16,26660.78,0
16,6,2024-08-23,22959.05,0
16,6,2024-08-30,23066.0,0
16,6,2024-09-06,29424.5,1
16,6,2024-09-13,24635.47,0
16,6,2024-09-20,23670.32,0
16,6,2024-09-27,22753.34,0
16,6,2024-10-04,22783.74,0
16,6,2024-10-11,20126.75,0
16,6,2024-10-18,21772.14,0
16,6,2024-10-25,23906.49,0
16,6,2024-11-01,20423.85,0
16,6,2024-11-08,20794.69,0
16,6,2024-11-15,20592.6,0
16,6,2024-11-22,22562.28,0
16,6,2024-11-29,33768.95,1
16,6,2024-12-06,18734.9,0
16,6,2024-12-13,24131.19,0
16,6,2024-12-20,22407.87,0
16,6,2024-12-27,32956.05,1
16,6,2025-01-03,22247.93,0
16,6,2025-01-10,24119.88,0
16,6,2025-01-17,23770.9,0
16,6,2025-01-24,25651.6,0
16,7,2023-02-03,19080.73,0
16,7,2023-02-10,22492.6,1
16,7,2023-02-17,23069.15,0
16,7,2023-02-24,22504.58,0
16,7,2023-03-03,20679.62,0
16,7,2023-03-10,20792.3,0
16,7,2023-03-17,21148.68,0
16,7,2023-03-24,24226.93,0
16,7,2023-03-31,21328.04,0
16,7,2023-04-07,24653.55,0
16,7,2023-04-14,24364.42,0
16,7,2023-04-21,25615.3,0
16,7,2023-04-28,25386.36,0
16,7,2023-05-05,24467.22,0
16,7,2023-05-12,20708.33,0
16,7,2023-05-19,24589.37,0
16,7,2023-05-26,23604.81,0
16,7,2023-06-02,22602.08,0
16,7,2023-06-09,25699.15,0
16,7,2023-06-16,22740.13,0
16,7,2023-06-23,21868.42,0
16,7,2023-06-30,24662.01,0
16,7,2023-07-07,21671.26,0
16,7,2023-07-14,21122.07,0
16,7,2023-07-21,19913.09,0
16,7,2023-07-28,20196.43,0
16,7,2023-08-04,20083.68,0
16,7,2023-08-11,22105.29,0
16,7,2023-08-18,19089.89,0
16,7,2023-08-25,17468.3,0
16,7,2023-09-01,20755.27,0
16,7,2023-09-08,21398.34,1
16,7,2023-09-15,21841.8,0
16,7,2023-09-22,19729.27,0
16,7,2023-09-29,21801.37,0
16,7,2023-10-06,19212.55,0
16,7,2023-10-13,20764.7,0
16,7,2023-10-20,18311.89,0
16,7,2023-10-27,19285.82,0
16,7,2023-11-03,17701.45,0
16,7,2023-11-10,17926.35,0
16,7,2023-11-17,18913.28,0
16,7,2023-11-24,22157.52,1
16,7,2023-12-01,19064.89,0
16,7,2023-12-08,20100.02,0
16,7,2023-12-15,17857.23,0
16,7,2023-12-22,21340.79,0
16,7,2023-12-29,32445.81,1
16,7,2024-01-05,23953.43,0
16,7,2024-01-12,21179.32,0
16,7,2024-01-19,20838.2,0
16,7,2024-01-26,22637.48,0
16,7,2024-02-02,21716.29,0
16,7,2024-02-09,22551.97,1
16,7,2024-02-16,22409.08,0
16,7,2024-02-23,20455.92,0
16,7,2024-03-01,22547.17,0
16,7,2024-03-08,23408.62,0
16,7,2024-03-15,24122.18,0
16,7,2024-03-22,24408.14,0
16,7,2024-03-29,27289.0,0
16,7,2024-04-05,22241.0,0
16,7,2024-04-12,24660.89,0
16,7,2024-04-19,23331.24,0
16,7,2024-04-26,27720.43,0
16,7,2024-05-03,24109.45,0
16,7,2024-05-10,24563.28,0
16,7,2024-05-17,27352.48,0
16,7,2024-05-24,27837.91,0
16,7,2024-05-31,28023.27,0
16,7,2024-06-07,21656.24,0
16,7,2024-06-14,25721.26,0
16,7,2024-06-21,25095.78,0
16,7,2024-06-28,24238.55,0
16,7,2024-07-05,24216.54,0
16,7,2024-07-12,26268.94,0
16,7,2024-07-19,25489.91,0
16,7,2024-07-26,24907.18,0
16,7,2024-08-02,23318.82,0
16,7,2024-08-09,26749.74,0
16,7,2024-08-16,21624.19,0
16,7,2024-08-23,19200.73,0
16,7,2024-08-30,21314.13,0
16,7,2024-09-06,24660.15,1
16,7,2024-09-13,20413.81,0
16,7,2024-09-20,21903.16,0
16,7,2024-09-27,18426.33,0
16,7,2024-10-04,22544.61,0
16,7,2024-10-11,20751.58,0
16,7,2024-10-18,20104.19,0
16,7,2024-10-25,24033.49,0
16,7,2024-11-01,22296.79,0
16,7,2024-11-08,18873.85,0
16,7,2024-11-15,20493.7,0
16,7,2024-11-22,25356.73,0
16,7,2024-11-29,32698.04,1
16,7,2024-12-06,18044.74,0
16,7,2024-12-13,23693.26,0
16,7,2024-12-20,20579.09,0
16,7,2024-12-27,29847.51,1
16,7,2025-01-03,23171.84,0
16,7,2025-01-10,21481.6,0
16,7,2025-01-17,22330.03,0
16,7,2025-01-24,24529.36,0
16,8,2023-02-03,20993.74,0
16,8,2023-02-10,28371.0,1
16,8,2023-02-17,22226.5,0
16,8,2023-02-24,22449.13,0
16,8,2023-03-03,26174.3,0
16,8,2023-03-10,27868.6,0
16,8,2023-03-17,24903.73,0
16,8,2023-03-24,23631.28,0
16,8,2023-03-31,24171.7,0
16,8,2023-04-07,24146.09,0
16,8,2023-04-14,27148.29,0
16,8,2023-04-21,26487.93,0
16,8,2023-04-28,27649.69,0
16,8,2023-05-05,27581.38,0
16,8,2023-05-12,28586.07,0
16,8,2023-05-19,25915.57,0
16,8,2023-05-26,25151.42,0
16,8,2023-06-02,26958.93,0
16,8,2023-06-09,26367.75,0
16,8,2023-06-16,26839.57,0
16,8,2023-06-23,24611.94,0
16,8,2023-06-30,27188.34,0
16,8,2023-07-07,23183.68,0
16,8,2023-07-14,24421.21,0
16,8,2023-07-21,27272.61,0
16,8,2023-07-28,22466.76,0
16,8,2023-08-04,26434.31,0
16,8,2023-08-11,21354.36,0
16,8,2023-08-18,20741.17,0
16,8,2023-08-25,20646.56,0
16,8,2023-09-01,23374.93,0
16,8,2023-09-08,28032.79,1
16,8,2023-09-15,24836.11,0
16,8,2023-09-22,23966.72,0
16,8,2023-09-29,20751.71,0
16,8,2023-10-06,20593.06,0
16,8,2023-10-13,23346.02,0
16,8,2023-10-20,24374.95,0
16,8,2023-10-27,20050.02,0
16,8,2023-11-03,24125.1,0
16,8,2023-11-10,18548.01,0
16,8,2023-11-17,22697.39,0
16,8,2023-11-24,28233.21,1
16,8,2023-12-01,22385.14,0
16,8,2023-12-08,21008.29,0
16,8,2023-12-15,23617.73,0
16,8,2023-12-22,23205.15,0
16,8,2023-12-29,31768.39,1
16,8,2024-01-05,23998.09,0
16,8,2024-01-12,22543.06,0
16,8,2024-01-19,22275.0,0
16,8,2024-01-26,28283.07,0
16,8,2024-02-02,28479.32,0
16,8,2024-02-09,27527.08,1
16,8,2024-02-16,26224.78,0
16,8,2024-02-23,28214.85,0
16,8,2024-03-01,29663.48,0
16,8,2024-03-08,25868.17,0
16,8,2024-03-15,27607.78,0
16,8,2024-03-22,25377.93,0
16,8,2024-03-29,27818.68,0
16,8,2024-04-05,31840.76,0
16,8,2024-04-12,30992.92,0
16,8,2024-04-19,28990.81,0
16,8,2024-04-26,22585.01,0
16,8,2024-05-03,27335.93,0
16,8,2024-05-10,29102.82,0
16,8,2024-05-17,28340.14,0
16,8,2024-05-24,28841.49,0
16,8,2024-05-31,29207.24,0
16,8,2024-06-07,27279.11,0
16,8,2024-06-14,28285.27,0
16,8,2024-06-21,27738.58,0
16,8,2024-06-28,26250.42,0
16,8,2024-07-05,31595.73,0
16,8,2024-07-12,26183.98,0
16,8,2024-07-19,22046.12,0
16,8,2024-07-26,30348.64,0
16,8,2024-08-02,24441.24,0
16,8,2024-08-09,27734.19,0
16,8,2024-08-16,24140.91,0
16,8,2024-08-23,26349.42,0
16,8,2024-08-30,24791.24,0
16,8,2024-09-06,29491.11,1
16,8,2024-09-13,23049.18,0
16,8,2024-09-20,24580.9,0
16,8,2024-09-27,23150.16,0
16,8,2024-10-04,20053.89,0
16,8,2024-10-11,22452.16,0
16,8,2024-10-18,28897.89,0
16,8,2024-10-25,20046.14,0
16,8,2024-11-01,23925.59,0
16,8,2024-11-08,23070.11,0
16,8,2024-11-15,27099.45,0
16,8,2024-11-22,21661.54,0
16,8,2024-11-29,29886.84,1
16,8,2024-12-06,23851.09,0
16,8,2024-12-13,22967.6,0
16,8,2024-12-20,24734.06,0
16,8,2024-12-27,30572.73,1
16,8,2025-01-03,27383.03,0
16,8,2025-01-10,26709.96,0
16,8,2025-01-17,27444.12,0
16,8,2025-01-24,27409.95,0
16,9,2023-02-03,14215.73,0
16,9,2023-02-10,14812.51,1
16,9,2023-02-17,13309.37,0
16,9,2023-02-24,14732.03,0
16,9,2023-03-03,12567.81,0
16,9,2023-03-10,11646.8,0
16,9,2023-03-17,16481.96,0
16,9,2023-03-24,14151.1,0
16,9,2023-03-31,14976.31,0
16,9,2023-04-07,13351.04,0
16,9,2023-04-14,13387.68,0
16,9,2023-04-21,14128.77,0
16,9,2023-04-28,15814.13,0
16,9,2023-05-05,14451.58,0
16,9,2023-05-12,14679.66,0
16,9,2023-05-19,14174.1,0
16,9,2023-05-26,16437.89,0
16,9,2023-06-02,16017.78,0
16,9,2023-06-09,14320.39,0
16,9,2023-06-16,15607.68,0
16,9,2023-06-23,14392.05,0
16,9,2023-06-30,14153.3,0
16,9,2023-07-07,14340.87,0
16,9,2023-07-14,14971.27,0
16,9,2023-07-21,13065.73,0
16,9,2023-07-28,14453.6,0
16,9,2023-08-04,16457.79,0
16,9,2023-08-11,13736.26,0
16,9,2023-08-18,13399.55,0
16,9,2023-08-25,13101.2,0
16,9,2023-09-01,13525.03,0
16,9,2023-09-08,13393.71,1
16,9,2023-09-15,13734.28,0
16,9,2023-09-22,11960.69,0
16,9,2023-09-29,12536.51,0
16,9,2023-10-06,11864.91,0
16,9,2023-10-13,12649.3,0
16,9,2023-10-20,12371.51,0
16,9,2023-10-27,12516.96,0
16,9,2023-11-03,11285.7,0
16,9,2023-11-10,11852.14,0
16,9,2023-11-17,13516.22,0
16,9,2023-11-24,14449.34,1
16,9,2023-12-01,12408.86,0
16,9,2023-12-08,15130.3,0
16,9,2023-12-15,13698.31,0
16,9,2023-12-22,12382.81,0
16,9,2023-12-29,15222.83,1
16,9,2024-01-05,11485.71,0
16,9,2024-01-12,12639.93,0
16,9,2024-01-19,14223.8,0
16,9,2024-01-26,15792.96,0
16,9,2024-02-02,13731.51,0
16,9,2024-02-09,16270.07,1
16,9,2024-02-16,13795.19,0
16,9,2024-02-23,10863.9,0
16,9,2024-03-01,16008.04,0
16,9,2024-03-08,15969.38,0
16,9,2024-03-15,16404.87,0
16,9,2024-03-22,16534.47,0
16,9,2024-03-29,16053.8,0
16,9,2024-04-05,15610.98,0
16,9,2024-04-12,15765.42,0
16,9,2024-04-19,15538.87,0
16,9,2024-04-26,15674.31,0
16,9,2024-05-03,13876.69,0
16,9,2024-05-10,14659.94,0
16,9,2024-05-17,16009.45,0
16,9,2024-05-24,13280.17,0
16,9,2024-05-31,13527.58,0
16,9,2024-06-07,15600.19,0
16,9,2024-06-14,15756.61,0
16,9,2024-06-21,15395.88,0
16,9,2024-06-28,12667.16,0
16,9,2024-07-05,17408.46,0
16,9,2024-07-12,13552.8,0
16,9,2024-07-19,14139.06,0
16,9,2024-07-26,13431.74,0
16,9,2024-08-02,16279.07,0
16,9,2024-08-09,15043.41,0
16,9,2024-08-16,13817.83,0
16,9,2024-08-23,13559.4,0
16,9,2024-08-30,14200.13,0
16,9,2024-09-06,14381.8,1
16,9,2024-09-13,13081.93,0
16,9,2024-09-20,14111.4,0
16,9,2024-09-27,13954.98,0
16,9,2024-10-04,12705.51,0
16,9,2024-10-11,11088.99,0
16,9,2024-10-18,12959.79,0
16,9,2024-10-25,11668.66,0
16,9,2024-11-01,13286.59,0
16,9,2024-11-08,12962.46,0
16,9,2024-11-15,12665.64,0
16,9,2024-11-22,11987.2,0
16,9,2024-11-29,19873.14,1
16,9,2024-12-06,16174.08,0
16,9,2024-12-13,13802.94,0
16,9,2024-12-20,14329.68,0
16,9,2024-12-27,17774.04,1
16,9,2025-01-03,15588.71,0
16,9,2025-01-10,15840.93,0
16,9,2025-01-17,12695.2,0
16,9,2025-01-24,16049.23,0
16,10,2023-02-03,16777.44,0
16,10,2023-02-10,16440.73,1
16,10,2023-02-17,18929.85,0
16,10,2023-02-24,19267.49,0
16,10,2023-03-03,18377.98,0
16,10,2023-03-10,16609.84,0
16,10,2023-03-17,15899.71,0
16,10,2023-03-24,18842.12,0
16,10,2023-03-31,19893.41,0
16,10,2023-04-07,15155.12,0
16,10,2023-04-14,19798.34,0
16,10,2023-04-21,17939.6,0
16,10,2023-04-28,15722.54,0
16,10,2023-05-05,19116.26,0
16,10,2023-05-12,19778.41,0
16,10,2023-05-19,17903.3,0
16,10,2023-05-26,16822.4,0
16,10,2023-06-02,20812.62,0
16,10,2023-06-09,17233.97,0
16,10,2023-06-16,19763.85,0
16,10,2023-06-23,15770.49,0
16,10,2023-06-30,18370.24,0
16,10,2023-07-07,18143.26,0
16,10,2023-07-14,18618.68,0
16,10,2023-07-21,19250.6,0
16,10,2023-07-28,15877.52,0
16,10,2023-08-04,17463.46,0
16,10,2023-08-11,14737.42,0
16,10,2023-08-18,14530.39,0
16,10,2023-08-25,15375.25,0
16,10,2023-09-01,16442.85,0
16,10,2023-09-08,19016.33,1
16,10,2023-09-15,15122.7,0
16,10,2023-09-22,15790.1,0
16,10,2023-09-29,16436.85,0
16,10,2023-10-06,16107.7,0
16,10,2023-10-13,14894.13,0
16,10,2023-10-20,15138.49,0
16,10,2023-10-27,14891.29,0
16,10,2023-11-03,14779.54,0
16,10,2023-11-10,14654.85,0
16,10,2023-11-17,14987.55,0
16,10,2023-11-24,26323.54,1
16,10,2023-12-01,16410.72,0
16,10,2023-12-08,16142.2,0
16,10,2023-12-15,18031.36,0
16,10,2023-12-22,16345.81,0
16,10,2023-12-29,32637.11,1
16,10,2024-01-05,16394.74,0
16,10,2024-01-12,17318.14,0
16,10,2024-01-19,16517.92,0
16,10,2024-01-26,15105.31,0
16,10,2024-02-02,16365.93,0
16,10,2024-02-09,17695.93,1
16,10,2024-02-16,19006.29,0
16,10,2024-02-23,16045.6,0
16,10,2024-03-01,18858.14,0
16,10,2024-03-08,19040.25,0
16,10,2024-03-15,18251.16,0
16,10,2024-03-22,18242.56,0
16,10,2024-03-29,18186.52,0
16,10,2024-04-05,19702.97,0
16,10,2024-04-12,21383.38,0
16,10,2024-04-19,21607.67,0
16,10,2024-04-26,18011.82,0
16,10,2024-05-03,19537.33,0
16,10,2024-05-10,16363.08,0
16,10,2024-05-17,19999.49,0
16,10,2024-05-24,20722.23,0
16,10,2024-05-31,22173.24,0
16,10,2024-06-07,16790.96,0
16,10,2024-06-14,17764.14,0
16,10,2024-06-21,19523.59,0
16,10,2024-06-28,16647.08,0
16,10,2024-07-05,19187.24,0
16,10,2024-07-12,19647.59,0
16,10,2024-07-19,16595.96,0
16,10,2024-07-26,18453.41,0
16,10,2024-08-02,16275.71,0
16,10,2024-08-09,19743.89,0
16,10,2024-08-16,17843.18,0
16,10,2024-08-23,16438.97,0
16,10,2024-08-30,15415.13,0
16,10,2024-09-06,19463.21,1
16,10,2024-09-13,15690.88,0
16,10,2024-09-20,15976.49,0
16,10,2024-09-27,15430.22,0
16,10,2024-10-04,18331.94,0
16,10,2024-10-11,13740.11,0
16,10,2024-10-18,17820.72,0
16,10,2024-10-25,15645.56,0
16,10,2024-11-01,16045.19,0
16,10,2024-11-08,15734.23,0
16,10,2024-11-15,16555.73,0
16,10,2024-11-22,15390.82,0
16,10,2024-11-29,37457.31,1
16,10,2024-12-06,15327.43,0
16,10,2024-12-13,17721.56,0
16,10,2024-12-20,16549.09,0
16,10,2024-12-27,36225.11,1
16,10,2025-01-03,16576.46,0
16,10,2025-01-10,19108.27,0
16,10,2025-01-17,18731.02,0
16,10,2025-01-24,18074.25,0
17,1,2023-02-03,42389.47,0
17,1,2023-02-10,49853.1,1
17,1,2023-02-17,40426.47,0
17,1,2023-02-24,39518.51,0
17,1,2023-03-03,42768.54,0
17,1,2023-03-10,49084.65,0
17,1,2023-03-17,46941.05,0
17,1,2023-03-24,40151.77,0
17,1,2023-03-31,44787.47,0
17,1,2023-04-07,47032.5,0
17,1,2023-04-14,49253.7,0
17,1,2023-04-21,44302.53,0
17,1,2023-04-28,42269.87,0
17,1,2023-05-05,46808.03,0
17,1,2023-05-12,49194.3,0
17,1,2023-05-19,47894.75,0
17,1,2023-05-26,43579.47,0
17,1,2023-06-02,53273.78,0
17,1,2023-06-09,46100.2,0
17,1,2023-06-16,46872.19,0
17,1,2023-06-23,43364.72,0
17,1,2023-06-30,49388.12,0
17,1,2023-07-07,46964.79,0
17,1,2023-07-14,45530.54,0
17,1,2023-07-21,39843.33,0
17,1,2023-07-28,47134.65,0
17,1,2023-08-04,45375.85,0
17,1,2023-08-11,45655.74,0
17,1,2023-08-18,41799.86,0
17,1,2023-08-25,40895.52,0
17,1,2023-09-01,40040.51,0
17,1,2023-09-08,56564.27,1
17,1,2023-09-15,35952.05,0
17,1,2023-09-22,38161.06,0
17,1,2023-09-29,37341.51,0
17,1,2023-10-06,42639.94,0
17,1,2023-10-13,34352.89,0
17,1,2023-10-20,36676.08,0
17,1,2023-10-27,38925.65,0
17,1,2023-11-03,42249.42,0
17,1,2023-11-10,40643.68,0
17,1,2023-11-17,43620.61,0
17,1,2023-11-24,51249.0,1
17,1,2023-12-01,41858.97,0
17,1,2023-12-08,35234.79,0
17,1,2023-12-15,34537.25,0
17,1,2023-12-22,43682.03,0
17,1,2023-12-29,56256.56,1
17,1,2024-01-05,38839.95,0
17,1,2024-01-12,46674.97,0
17,1,2024-01-19,45302.12,0
17,1,2024-01-26,43579.36,0
17,1,2024-02-02,45127.45,0
17,1,2024-02-09,59974.9,1
17,1,2024-02-16,44382.52,0
17,1,2024-02-23,47704.31,0
17,1,2024-03-01,45524.66,0
17,1,2024-03-08,42134.2,0
17,1,2024-03-15,49463.62,0
17,1,2024-03-22,52116.77,0
17,1,2024-03-29,53533.87,0
17,1,2024-04-05,51840.29,0
17,1,2024-04-12,53335.94,0
17,1,2024-04-19,54297.32,0
17,1,2024-04-26,50830.58,0
17,1,2024-05-03,42037.06,0
17,1,2024-05-10,55346.12,0
17,1,2024-05-17,46981.73,0
17,1,2024-05-24,45904.93,0
17,1,2024-05-31,45832.08,0
17,1,2024-06-07,59934.37,0
17,1,2024-06-14,51407.5,0
17,1,2024-06-21,45152.62,0
17,1,2024-06-28,46134.5,0
17,1,2024-07-05,48298.54,0
17,1,2024-07-12,49833.65,0
17,1,2024-07-19,48245.34,0
17,1,2024-07-26,43137.92,0
17,1,2024-08-02,47164.11,0
17,1,2024-08-09,43173.16,0
17,1,2024-08-16,48547.95,0
17,1,2024-08-23,44416.35,0
17,1,2024-08-30,41012.75,0
17,1,2024-09-06,51835.91,1
17,1,2024-09-13,41056.69,0
17,1,2024-09-20,44727.35,0
17,1,2024-09-27,44008.64,0
17,1,2024-10-04,45606.82,0
17,1,2024-10-11,43735.6,0
17,1,2024-10-18,40532.29,0
17,1,2024-10-25,35602.59,0
17,1,2024-11-01,41799.02,0
17,1,2024-11-08,42408.18,0
17,1,2024-11-15,41626.2,0
17,1,2024-11-22,31665.99,0
17,1,2024-11-29,58520.46,1
17,1,2024-12-06,44785.61,0
17,1,2024-12-13,48775.1,0
17,1,2024-12-20,42594.74,0
17,1,2024-12-27,58190.06,1
17,1,2025-01-03,46595.22,0
17,1,2025-01-10,45775.73,0
17,1,2025-01-17,44208.73,0
17,1,2025-01-24,43461.66,0
17,2,2023-02-03,28882.71,0
17,2,2023-02-10,26945.49,1
17,2,2023-02-17,28194.0,0
17,2,2023-02-24,27689.73,0
17,2,2023-03-03,29338.11,0
17,2,2023-03-10,25598.0,0
17,2,2023-03-17,28096.16,0
17,2,2023-03-24,29358.29,0
17,2,2023-03-31,31437.18,0
17,2,2023-04-07,34871.06,0
17,2,2023-04-14,29867.93,0
17,2,2023-04-21,27541.98,0
17,2,2023-04-28,26398.84,0
17,2,2023-05-05,27139.11,0
17,2,2023-05-12,27463.92,0
17,2,2023-05-19,22462.7,0
17,2,2023-05-26,27604.08,0
17,2,2023-06-02,30734.62,0
17,2,2023-06-09,29087.54,0
17,2,2023-06-16,28125.64,0
17,2,2023-06-23,24794.39,0
17,2,2023-06-30,30603.69,0
17,2,2023-07-07,29088.33,0
17,2,2023-07-14,27605.88,0
17,2,2023-07-21,22495.71,0
17,2,2023-07-28,25909.12,0
17,2,2023-08-04,27545.56,0
17,2,2023-08-11,26214.61,0
17,2,2023-08-18,26330.17,0
17,2,2023-08-25,27003.18,0
17,2,2023-09-01,25595.37,0
17,2,2023-09-08,29271.36,1
17,2,2023-09-15,22297.94,0
17,2,2023-09-22,25410.2,0
17,2,2023-09-29,25594.79,0
17,2,2023-10-06,25102.98,0
17,2,2023-10-13,24228.43,0
17,2,2023-10-20,23274.17,0
17,2,2023-10-27,24259.46,0
17,2,2023-11-03,24591.13,0
17,2,2023-11-10,24765.29,0
17,2,2023-11-17,29041.23,0
17,2,2023-11-24,40122.27,1
17,2,2023-12-01,21926.09,0
17,2,2023-12-08,25375.71,0
17,2,2023-12-15,22515.61,0
17,2,2023-12-22,25828.59,0
17,2,2023-12-29,45551.74,1
17,2,2024-01-05,27954.62,0
17,2,2024-01-12,25442.75,0
17,2,2024-01-19,22366.0,0
17,2,2024-01-26,28546.63,0
17,2,2024-02-02,27688.83,0
17,2,2024-02-09,26983.02,1
17,2,2024-02-16,27557.56,0
17,2,2024-02-23,29857.24,0
17,2,2024-03-01,27412.96,0
17,2,2024-03-08,30601.13,0
17,2,2024-03-15,32927.22,0
17,2,2024-03-22,35404.61,0
17,2,2024-03-29,34134.8,0
17,2,2024-04-05,31339.0,0
17,2,2024-04-12,31789.79,0
17,2,2024-04-19,30308.79,0
17,2,2024-04-26,30256.92,0
17,2,2024-05-03,33692.45,0
17,2,2024-05-10,30738.41,0
17,2,2024-05-17,32405.1,0
17,2,2024-05-24,28986.06,0
17,2,2024-05-31,34707.74,0
17,2,2024-06-07,30306.56,0
17,2,2024-06-14,33587.23,0
17,2,2024-06-21,28923.2,0
17,2,2024-06-28,28527.86,0
17,2,2024-07-05,33247.2,0
17,2,2024-07-12,28229.77,0
17,2,2024-07-19,25680.16,0
17,2,2024-07-26,26583.12,0
17,2,2024-08-02,30581.96,0
17,2,2024-08-09,29962.96,0
17,2,2024-08-16,26172.89,0
17,2,2024-08-23,26122.5,0
17,2,2024-08-30,28632.34,0
17,2,2024-09-06,33939.57,1
17,2,2024-09-13,28293.25,0
17,2,2024-09-20,26149.83,0
17,2,2024-09-27,27226.98,0
17,2,2024-10-04,27697.45,0
17,2,2024-10-11,30185.6,0
17,2,2024-10-18,23286.88,0
17,2,2024-10-25,24246.79,0
17,2,2024-11-01,24587.35,0
17,2,2024-11-08,27385.37,0
17,2,2024-11-15,25275.23,0
17,2,2024-11-22,26603.43,0
17,2,2024-11-29,51519.92,1
17,2,2024-12-06,26644.37,0
17,2,2024-12-13,28915.39,0
17,2,2024-12-20,24950.07,0
17,2,2024-12-27,42485.67,1
17,2,2025-01-03,28327.0,0
17,2,2025-01-10,27807.02,0
17,2,2025-01-17,31148.92,0
17,2,2025-01-24,29142.13,0
17,3,2023-02-03,19417.19,0
17,3,2023-02-10,20050.16,1
17,3,2023-02-17,23636.25,0
17,3,2023-02-24,18434.96,0
17,3,2023-03-03,20308.83,0
17,3,2023-03-10,21728.07,0
17,3,2023-03-17,20813.1,0
17,3,2023-03-24,23040.97,0
17,3,2023-03-31,22284.5,0
17,3,2023-04-07,23034.04,0
17,3,2023-04-14,22940.96,0
17,3,2023-04-21,22660.19,0
17,3,2023-04-28,20567.3,0
17,3,2023-05-05,23311.38,0
17,3,2023-05-12,19758.23,0
17,3,2023-05-19,21747.89,0
17,3,2023-05-26,23825.58,0
17,3,2023-06-02,25012.76,0
17,3,2023-06-09,26987.28,0
17,3,2023-06-16,21792.49,0
17,3,2023-06-23,20836.7,0
17,3,2023-06-30,23108.57,0
17,3,2023-07-07,25240.7,0
17,3,2023-07-14,24375.21,0
17,3,2023-07-21,19679.06,0
17,3,2023-07-28,20950.9,0
17,3,2023-08-04,22340.15,0
17,3,2023-08-11,22163.32,0
17,3,2023-08-18,21339.87,0
17,3,2023-08-25,19391.74,0
17,3,2023-09-01,20791.17,0
17,3,2023-09-08,25270.54,1
17,3,2023-09-15,21486.05,0
17,3,2023-09-22,20756.85,0
17,3,2023-09-29,17937.27,0
17,3,2023-10-06,20338.76,0
17,3,2023-10-13,20063.73,0
17,3,2023-10-20,20051.85,0
17,3,2023-10-27,21107.9,0
17,3,2023-11-03,18736.88,0
17,3,2023-11-10,19296.37,0
17,3,2023-11-17,14894.65,0
17,3,2023-11-24,40053.08,1
17,3,2023-12-01,21231.25,0
17,3,2023-12-08,17891.98,0
17,3,2023-12-15,21066.04,0
17,3,2023-12-22,21422.99,0
17,3,2023-12-29,36314.66,1
17,3,2024-01-05,21132.86,0
17,3,2024-01-12,17881.25,0
17,3,2024-01-19,22003.29,0
17,3,2024-01-26,20047.72,0
17,3,2024-02-02,18792.59,0
17,3,2024-02-09,22693.37,1
17,3,2024-02-16,22270.68,0
17,3,2024-02-23,25271.85,0
17,3,2024-03-01,23375.06,0
17,3,2024-03-08,24796.83,0
17,3,2024-03-15,24586.52,0
17,3,2024-03-22,25832.62,0
17,3,2024-03-29,22401.26,0
17,3,2024-04-05,24695.05,0
17,3,2024-04-12,24197.68,0
17,3,2024-04-19,25888.34,0
17,3,2024-04-26,25198.49,0
17,3,2024-05-03,23530.66,0
17,3,2024-05-10,24091.34,0
17,3,2024-05-17,27998.94,0
17,3,2024-05-24,21330.12,0
17,3,2024-05-31,25970.88,0
17,3,2024-06-07,26870.4,0
17,3,2024-06-14,25401.13,0
17,3,2024-06-21,27878.44,0
17,3,2024-06-28,25650.47,0
17,3,2024-07-05,24339.64,0
17,3,2024-07-12,22478.07,0
17,3,2024-07-19,23814.32,0
17,3,2024-07-26,24024.51,0
17,3,2024-08-02,22493.76,0
17,3,2024-08-09,20873.17,0
17,3,2024-08-16,19790.5,0
17,3,2024-08-23,21937.94,0
17,3,2024-08-30,18819.39,0
17,3,2024-09-06,22026.67,1
17,3,2024-09-13,22255.26,0
17,3,2024-09-20,22567.42,0
17,3,2024-09-27,20613.75,0
17,3,2024-10-04,23321.26,0
17,3,2024-10-11,22413.29,0
17,3,2024-10-18,20934.69,0
17,3,2024-10-25,19945.55,0
17,3,2024-11-01,19571.64,0
17,3,2024-11-08,21089.18,0
17,3,2024-11-15,20038.59,0
17,3,2024-11-22,21287.7,0
17,3,2024-11-29,42430.64,1
17,3,2024-12-06,22576.1,0
17,3,2024-12-13,20606.06,0
17,3,2024-12-20,21290.21,0
17,3,2024-12-27,37643.63,1
17,3,2025-01-03,25635.1,0
17,3,2025-01-10,20596.8,0
17,3,2025-01-17,23335.09,0
17,3,2025-01-24,22073.37,0
17,4,2023-02-03,13554.32,0
17,4,2023-02-10,17483.32,1
17,4,2023-02-17,16239.39,0
17,4,2023-02-24,17690.11,0
17,4,2023-03-03,18879.74,0
17,4,2023-03-10,18059.13,0
17,4,2023-03-17,18413.66,0
17,4,2023-03-24,16880.11,0
17,4,2023-03-31,19351.21,0
17,4,2023-04-07,18187.59,0
17,4,2023-04-14,15621.8,0
17,4,2023-04-21,19931.44,0
17,4,2023-04-28,20466.54,0
17,4,2023-05-05,21036.54,0
17,4,2023-05-12,22089.5,0
17,4,2023-05-19,19968.29,0
17,4,2023-05-26,19530.82,0
17,4,2023-06-02,20318.27,0
17,4,2023-06-09,17268.09,0
17,4,2023-06-16,15993.23,0
17,4,2023-06-23,17616.9,0
17,4,2023-06-30,20003.14,0
17,4,2023-07-07,17014.01,0
17,4,2023-07-14,18426.74,0
17,4,2023-07-21,18359.81,0
17,4,2023-07-28,17675.3,0
17,4,2023-08-04,15364.81,0
17,4,2023-08-11,17353.94,0
17,4,2023-08-18,16108.36,0
17,4,2023-08-25,18698.65,0
17,4,2023-09-01,17731.18,0
17,4,2023-09-08,17782.75,1
17,4,2023-09-15,16325.54,0
17,4,2023-09-22,13630.1,0
17,4,2023-09-29,15504.3,0
17,4,2023-10-06,17521.34,0
17,4,2023-10-13,14402.26,0
17,4,2023-10-20,15276.3,0
17,4,2023-10-27,13668.08,0
17,4,2023-11-03,13868.69,0
17,4,2023-11-10,14353.58,0
17,4,2023-11-17,13930.65,0
17,4,2023-11-24,19533.73,1
17,4,2023-12-01,15625.77,0
17,4,2023-12-08,16819.16,0
17,4,2023-12-15,17401.68,0
17,4,2023-12-22,14769.87,0
17,4,2023-12-29,20684.72,1
17,4,2024-01-05,15826.87,0
17,4,2024-01-12,17877.4,0
17,4,2024-01-19,19506.31,0
17,4,2024-01-26,15440.6,0
17,4,2024-02-02,17249.41,0
17,4,2024-02-09,17752.22,1
17,4,2024-02-16,17545.88,0
17,4,2024-02-23,17685.15,0
17,4,2024-03-01,18108.84,0
17,4,2024-03-08,19075.51,0
17,4,2024-03-15,19584.41,0
17,4,2024-03-22,21030.19,0
17,4,2024-03-29,19687.57,0
17,4,2024-04-05,21668.3,0
17,4,2024-04-12,19075.55,0
17,4,2024-04-19,18194.19,0
17,4,2024-04-26,19710.92,0
17,4,2024-05-03,20996.08,0
17,4,2024-05-10,21653.35,0
17,4,2024-05-17,22603.39,0
17,4,2024-05-24,20657.12,0
17,4,2024-05-31,21319.14,0
17,4,2024-06-07,22188.59,0
17,4,2024-06-14,18624.7,0
17,4,2024-06-21,19371.64,0
17,4,2024-06-28,23848.38,0
17,4,2024-07-05,20644.21,0
17,4,2024-07-12,19885.01,0
17,4,2024-07-19,20225.95,0
17,4,2024-07-26,16648.15,0
17,4,2024-08-02,17446.76,0
17,4,2024-08-09,16686.63,0
17,4,2024-08-16,18518.52,0
17,4,2024-08-23,17164.81,0
17,4,2024-08-30,17599.39,0
17,4,2024-09-06,19167.35,1
17,4,2024-09-13,18279.81,0
17,4,2024-09-20,14520.64,0
17,4,2024-09-27,15784.31,0
17,4,2024-10-04,14891.18,0
17,4,2024-10-11,15388.76,0
17,4,2024-10-18,16761.62,0
17,4,2024-10-25,18095.33,0
17,4,2024-11-01,14416.41,0
17,4,2024-11-08,15775.73,0
17,4,2024-11-15,14262.27,0
17,4,2024-11-22,15877.29,0
17,4,2024-11-29,22929.1,1
17,4,2024-12-06,14104.32,0
17,4,2024-12-13,17929.89,0
17,4,2024-12-20,16036.47,0
17,4,2024-12-27,18853.04,1
17,4,2025-01-03,18783.41,0
17,4,2025-01-10,18014.06,0
17,4,2025-01-17,16833.26,0
17,4,2025-01-24,18590.05,0
17,5,2023-02-03,10344.04,0
17,5,2023-02-10,11695.76,1
17,5,2023-02-17,12305.08,0
17,5,2023-02-24,12430.43,0
17,5,2023-03-03,11644.62,0
17,5,2023-03-10,12879.0,0
17,5,2023-03-17,10984.61,0
17,5,2023-03-24,13817.92,0
17,5,2023-03-31,11207.56,0
17,5,2023-04-07,10312.32,0
17,5,2023-04-14,13750.52,0
17,5,2023-04-21,11754.82,0
17,5,2023-04-28,12627.27,0
17,5,2023-05-05,11504.66,0
17,5,2023-05-12,14919.84,0
17,5,2023-05-19,14363.53,0
17,5,2023-05-26,14053.65,0
17,5,2023-06-02,12545.72,0
17,5,2023-06-09,13363.52,0
17,5,2023-06-16,12256.27,0
17,5,2023-06-23,13306.78,0
17,5,2023-06-30,11701.7,0
17,5,2023-07-07,13494.35,0
17,5,2023-07-14,11406.68,0
17,5,2023-07-21,11377.98,0
17,5,2023-07-28,11126.32,0
17,5,2023-08-04,11585.02,0
17,5,2023-08-11,10910.86,0
17,5,2023-08-18,11546.92,0
17,5,2023-08-25,10549.02,0
17,5,2023-09-01,11520.79,0
17,5,2023-09-08,13298.92,1
17,5,2023-09-15,12472.23,0
17,5,2023-09-22,11435.68,0
17,5,2023-09-29,12180.6,0
17,5,2023-10-06,10278.98,0
17,5,2023-10-13,8909.67,0
17,5,2023-10-20,9661.63,0
17,5,2023-10-27,9730.18,0
17,5,2023-11-03,9448.82,0
17,5,2023-11-10,8452.12,0
17,5,2023-11-17,11142.48,0
17,5,2023-11-24,14151.39,1
17,5,2023-12-01,12273.98,0
17,5,2023-12-08,9892.9,0
17,5,2023-12-15,11000.22,0
17,5,2023-12-22,10460.12,0
17,5,2023-12-29,22259.08,1
17,5,2024-01-05,10998.08,0
17,5,2024-01-12,12298.94,0
17,5,2024-01-19,11420.85,0
17,5,2024-01-26,10132.27,0
17,5,2024-02-02,13013.48,0
17,5,2024-02-09,10778.77,1
17,5,2024-02-16,12288.38,0
17,5,2024-02-23,12970.52,0
17,5,2024-03-01,12687.83,0
17,5,2024-03-08,15317.18,0
17,5,2024-03-15,13642.79,0
17,5,2024-03-22,12815.68,0
17,5,2024-03-29,13785.55,0
17,5,2024-04-05,13482.13,0
17,5,2024-04-12,13396.41,0
17,5,2024-04-19,13680.88,0
17,5,2024-04-26,13001.25,0
17,5,2024-05-03,13727.87,0
17,5,2024-05-10,12959.69,0
17,5,2024-05-17,11445.94,0
17,5,2024-05-24,14686.62,0
17,5,2024-05-31,12798.81,0
17,5,2024-06-07,13483.26,0
17,5,2024-06-14,12436.41,0
17,5,2024-06-21,12367.9,0
17,5,2024-06-28,11932.34,0
17,5,2024-07-05,13857.51,0
17,5,2024-07-12,13948.53,0
17,5,2024-07-19,12610.36,0
17,5,2024-07-26,11893.09,0
17,5,2024-08-02,10604.53,0
17,5,2024-08-09,12874.98,0
17,5,2024-08-16,11299.08,0
17,5,2024-08-23,10737.34,0
17,5,2024-08-30,11671.33,0
17,5,2024-09-06,12295.48,1
17,5,2024-09-13,10123.7,0
17,5,2024-09-20,11572.5,0
17,5,2024-09-27,10587.19,0
17,5,2024-10-04,11547.98,0
17,5,2024-10-11,11165.24,0
17,5,2024-10-18,11918.4,0
17,5,2024-10-25,10247.95,0
17,5,2024-11-01,11186.88,0
17,5,2024-11-08,11569.93,0
17,5,2024-11-15,10501.21,0
17,5,2024-11-22,12126.69,0
17,5,2024-11-29,16450.4,1
17,5,2024-12-06,9778.65,0
17,5,2024-12-13,10775.0,0
17,5,2024-12-20,11449.68,0
17,5,2024-12-27,18911.27,1
17,5,2025-01-03,11356.09,0
17,5,2025-01-10,10606.2,0
17,5,2025-01-17,11103.09,0
17,5,2025-01-24,12804.37,0
17,6,2023-02-03,14694.31,0
17,6,2023-02-10,13478.1,1
17,6,2023-02-17,15535.05,0
17,6,2023-02-24,13282.47,0
17,6,2023-03-03,14123.31,0
17,6,2023-03-10,14410.25,0
17,6,2023-03-17,16781.44,0
17,6,2023-03-24,15278.0,0
17,6,2023-03-31,13067.0,0
17,6,2023-04-07,16561.53,0
17,6,2023-04-14,17783.78,0
17,6,2023-04-21,15267.3,0
17,6,2023-04-28,14515.75,0
17,6,2023-05-05,16756.99,0
17,6,2023-05-12,18148.74,0
17,6,2023-05-19,16734.51,0
17,6,2023-05-26,13603.11,0
17,6,2023-06-02,16512.24,0
17,6,2023-06-09,15990.05,0
17,6,2023-06-16,14210.63,0
17,6,2023-06-23,16836.93,0
17,6,2023-06-30,15654.29,0
17,6,2023-07-07,16544.88,0
17,6,2023-07-14,13547.04,0
17,6,2023-07-21,15095.6,0
17,6,2023-07-28,13412.58,0
17,6,2023-08-04,14544.28,0
17,6,2023-08-11,15739.15,0
17,6,2023-08-18,12306.86,0
17,6,2023-08-25,12212.02,0
17,6,2023-09-01,14579.43,0
17,6,2023-09-08,15505.96,1
17,6,2023-09-15,12385.43,0
17,6,2023-09-22,13165.58,0
17,6,2023-09-29,13717.44,0
17,6,2023-10-06,13129.07,0
17,6,2023-10-13,11006.29,0
17,6,2023-10-20,15690.5,0
17,6,2023-10-27,12997.51,0
17,6,2023-11-03,11414.77,0
17,6,2023-11-10,13138.85,0
17,6,2023-11-17,13314.84,0
17,6,2023-11-24,17232.87,1
17,6,2023-12-01,12835.75,0
17,6,2023-12-08,11370.5,0
17,6,2023-12-15,13829.01,0
17,6,2023-12-22,11731.28,0
17,6,2023-12-29,17973.69,1
17,6,2024-01-05,14599.86,0
17,6,2024-01-12,13367.65,0
17,6,2024-01-19,13767.94,0
17,6,2024-01-26,13629.57,0
17,6,2024-02-02,15644.7,0
17,6,2024-02-09,14284.75,1
17,6,2024-02-16,16202.82,0
17,6,2024-02-23,14753.47,0
17,6,2024-03-01,15418.34,0
17,6,2024-03-08,15960.96,0
17,6,2024-03-15,16306.09,0
17,6,2024-03-22,15079.27,0
17,6,2024-03-29,17364.95,0
17,6,2024-04-05,16214.5,0
17,6,2024-04-12,17412.34,0
17,6,2024-04-19,16752.18,0
17,6,2024-04-26,17626.13,0
17,6,2024-05-03,16317.23,0
17,6,2024-05-10,15815.9,0
17,6,2024-05-17,17441.85,0
17,6,2024-05-24,16159.17,0
17,6,2024-05-31,18712.03,0
17,6,2024-06-07,16755.77,0
17,6,2024-06-14,14733.5,0
17,6,2024-06-21,15650.04,0
17,6,2024-06-28,14967.07,0
17,6,2024-07-05,17482.4,0
17,6,2024-07-12,16905.6,0
17,6,2024-07-19,15653.49,0
17,6,2024-07-26,15893.71,0
17,6,2024-08-02,15224.81,0
17,6,2024-08-09,16172.37,0
17,6,2024-08-16,15553.02,0
17,6,2024-08-23,15564.43,0
17,6,2024-08-30,14331.7,0
17,6,2024-09-06,16280.06,1
17,6,2024-09-13,15991.55,0
17,6,2024-09-20,15332.74,0
17,6,2024-09-27,15733.85,0
17,6,2024-10-04,14048.62,0
17,6,2024-10-11,12724.36,0
17,6,2024-10-18,12777.01,0
17,6,2024-10-25,15238.14,0
17,6,2024-11-01,11683.16,0
17,6,2024-11-08,15416.22,0
17,6,2024-11-15,12948.07,0
17,6,2024-11-22,16044.01,0
17,6,2024-11-29,16573.1,1
17,6,2024-12-06,16852.47,0
17,6,2024-12-13,13933.27,0
17,6,2024-12-20,14089.11,0
17,6,2024-12-27,17971.61,1
17,6,2025-01-03,14511.75,0
17,6,2025-01-10,14461.61,0
17,6,2025-01-17,13834.49,0
17,6,2025-01-24,15354.9,0
17,7,2023-02-03,13272.27,0
17,7,2023-02-10,14525.73,1
17,7,2023-02-17,14706.11,0
17,7,2023-02-24,11892.92,0
17,7,2023-03-03,15709.6,0
17,7,2023-03-10,13043.8,0
17,7,2023-03-17,14179.51,0
17,7,2023-03-24,15552.39,0
17,7,2023-03-31,16050.99,0
17,7,2023-04-07,14903.75,0
17,7,2023-04-14,13658.92,0
17,7,2023-04-21,13629.42,0
17,7,2023-04-28,13924.23,0
17,7,2023-05-05,16839.39,0
17,7,2023-05-12,14189.82,0
17,7,2023-05-19,15004.47,0
17,7,2023-05-26,13372.37,0
17,7,2023-06-02,13189.44,0
17,7,2023-06-09,14487.09,0
17,7,2023-06-16,13986.86,0
17,7,2023-06-23,13958.8,0
17,7,2023-06-30,12445.42,0
17,7,2023-07-07,13889.93,0
17,7,2023-07-14,15529.76,0
17,7,2023-07-21,12721.88,0
17,7,2023-07-28,14452.04,0
17,7,2023-08-04,9621.81,0
17,7,2023-08-11,12294.07,0
17,7,2023-08-18,10984.38,0
17,7,2023-08-25,14065.55,0
17,7,2023-09-01,13529.9,0
17,7,2023-09-08,12927.78,1
17,7,2023-09-15,13545.88,0
17,7,2023-09-22,13566.47,0
17,7,2023-09-29,11740.98,0
17,7,2023-10-06,9921.61,0
17,7,2023-10-13,11126.28,0
17,7,2023-10-20,12679.02,0
17,7,2023-10-27,13931.31,0
17,7,2023-11-03,11881.59,0
17,7,2023-11-10,11381.53,0
17,7,2023-11-17,14320.9,0
17,7,2023-11-24,16428.15,1
17,7,2023-12-01,12072.61,0
17,7,2023-12-08,13292.68,0
17,7,2023-12-15,12377.57,0
17,7,2023-12-22,13406.53,0
17,7,2023-12-29,15545.57,1
17,7,2024-01-05,12205.45,0
17,7,2024-01-12,12870.42,0
17,7,2024-01-19,13733.99,0
17,7,2024-01-26,14284.24,0
17,7,2024-02-02,16535.24,0
17,7,2024-02-09,14733.55,1
17,7,2024-02-16,13436.75,0
17,7,2024-02-23,15706.84,0
17,7,2024-03-01,15991.96,0
17,7,2024-03-08,14322.65,0
17,7,2024-03-15,17518.53,0
17,7,2024-03-22,14335.76,0
17,7,2024-03-29,16607.58,0
17,7,2024-04-05,17269.37,0
17,7,2024-04-12,13877.46,0
17,7,2024-04-19,16379.15,0
17,7,2024-04-26,12288.15,0
17,7,2024-05-03,16785.98,0
17,7,2024-05-10,14368.21,0
17,7,2024-05-17,16456.14,0
17,7,2024-05-24,16650.5,0
17,7,2024-05-31,17040.86,0
17,7,2024-06-07,16662.28,0
17,7,2024-06-14,15518.04,0
17,7,2024-06-21,14858.01,0
17,7,2024-06-28,15092.71,0
17,7,2024-07-05,13685.46,0
17,7,2024-07-12,14607.4,0
17,7,2024-07-19,14340.19,0
17,7,2024-07-26,13583.51,0
17,7,2024-08-02,12316.86,0
17,7,2024-08-09,12679.51,0
17,7,2024-08-16,10424.43,0
17,7,2024-08-23,13417.64,0
17,7,2024-08-30,13976.53,0
17,7,2024-09-06,11499.43,1
17,7,2024-09-13,13147.51,0
17,7,2024-09-20,11909.59,0
17,7,2024-09-27,12585.83,0
17,7,2024-10-04,14032.4,0
17,7,2024-10-11,11871.75,0
17,7,2024-10-18,12910.57,0
17,7,2024-10-25,13163.79,0
17,7,2024-11-01,11970.04,0
17,7,2024-11-08,13878.38,0
17,7,2024-11-15,13314.23,0
17,7,2024-11-22,12716.01,0
17,7,2024-11-29,20172.39,1
17,7,2024-12-06,11426.94,0
17,7,2024-12-13,12941.33,0
17,7,2024-12-20,16194.18,0
17,7,2024-12-27,17356.15,1
17,7,2025-01-03,15281.35,0
17,7,2025-01-10,14861.54,0
17,7,2025-01-17,15261.37,0
17,7,2025-01-24,15436.82,0
17,8,2023-02-03,14671.21,0
17,8,2023-02-10,13932.64,1
17,8,2023-02-17,15632.57,0
17,8,2023-02-24,14839.12,0
17,8,2023-03-03,14951.89,0
17,8,2023-03-10,17625.57,0
17,8,2023-03-17,15462.7,0
17,8,2023-03-24,18324.92,0
17,8,2023-03-31,16614.9,0
17,8,2023-04-07,16206.85,0
17,8,2023-04-14,14125.2,0
17,8,2023-04-21,19435.19,0
17,8,2023-04-28,16672.61,0
17,8,2023-05-05,13681.14,0
17,8,2023-05-12,18051.68,0
17,8,2023-05-19,16648.09,0
17,8,2023-05-26,15432.7,0
17,8,2023-06-02,17847.59,0
17,8,2023-06-09,13153.02,0
17,8,2023-06-16,15473.8,0
17,8,2023-06-23,15890.79,0
17,8,2023-06-30,17232.0,0
17,8,2023-07-07,18829.89,0
17,8,2023-07-14,15481.91,0
17,8,2023-07-21,16178.33,0
17,8,2023-07-28,18798.51,0
17,8,2023-08-04,15218.25,0
17,8,2023-08-11,15576.46,0
17,8,2023-08-18,13351.44,0
17,8,2023-08-25,16920.97,0
17,8,2023-09-01,13623.05,0
17,8,2023-09-08,15364.33,1
17,8,2023-09-15,14219.66,0
17,8,2023-09-22,13500.06,0
17,8,2023-09-29,14136.22,0
17,8,2023-10-06,15709.02,0
17,8,2023-10-13,16200.61,0
17,8,2023-10-20,13462.16,0
17,8,2023-10-27,13142.26,0
17,8,2023-11-03,12755.82,0
17,8,2023-11-10,16608.94,0
17,8,2023-11-17,13872.6,0
17,8,2023-11-24,19518.2,1
17,8,2023-12-01,16390.77,0
17,8,2023-12-08,13787.67,0
17,8,2023-12-15,12965.96,0
17,8,2023-12-22,16549.26,0
17,8,2023-12-29,18208.18,1
17,8,2024-01-05,16640.52,0
17,8,2024-01-12,15666.79,0
17,8,2024-01-19,17207.57,0
17,8,2024-01-26,15839.99,0
17,8,2024-02-02,16922.37,0
17,8,2024-02-09,16709.3,1
17,8,2024-02-16,15858.26,0
17,8,2024-02-23,16252.31,0
17,8,2024-03-01,16229.81,0
17,8,2024-03-08,17337.29,0
17,8,2024-03-15,16555.21,0
17,8,2024-03-22,17974.42,0
17,8,2024-03-29,18099.1,0
17,8,2024-04-05,17969.39,0
17,8,2024-04-12,18115.55,0
17,8,2024-04-19,17081.83,0
17,8,2024-04-26,17553.54,0
17,8,2024-05-03,15591.98,0
17,8,2024-05-10,17835.12,0
17,8,2024-05-17,16571.5,0
17,8,2024-05-24,18088.61,0
17,8,2024-05-31,16851.96,0
17,8,2024-06-07,14860.29,0
17,8,2024-06-14,20837.48,0
17,8,2024-06-21,17189.41,0
17,8,2024-06-28,19360.83,0
17,8,2024-07-05,16449.78,0
17,8,2024-07-12,19288.71,0
17,8,2024-07-19,15233.05,0
17,8,2024-07-26,16802.13,0
17,8,2024-08-02,14925.41,0
17,8,2024-08-09,19497.6,0
17,8,2024-08-16,15609.9,0
17,8,2024-08-23,16763.65,0
17,8,2024-08-30,16085.06,0
17,8,2024-09-06,17073.03,1
17,8,2024-09-13,16824.37,0
17,8,2024-09-20,15828.67,0
17,8,2024-09-27,15091.34,0
17,8,2024-10-04,15408.04,0
17,8,2024-10-11,16968.79,0
17,8,2024-10-18,14173.52,0
17,8,2024-10-25,12467.4,0
17,8,2024-11-01,13358.72,0
17,8,2024-11-08,13476.98,0
17,8,2024-11-15,13700.85,0
17,8,2024-11-22,13826.61,0
17,8,2024-11-29,18280.23,1
17,8,2024-12-06,15381.47,0
17,8,2024-12-13,14373.5,0
17,8,2024-12-20,16686.45,0
17,8,2024-12-27,19694.0,1
17,8,2025-01-03,16975.7,0
17,8,2025-01-10,15690.85,0
17,8,2025-01-17,18109.27,0
17,8,2025-01-24,17023.69,0
17,9,2023-02-03,8761.59,0
17,9,2023-02-10,8849.74,1
17,9,2023-02-17,8413.24,0
17,9,2023-02-24,8696.17,0
17,9,2023-03-03,8655.35,0
17,9,2023-03-10,8258.43,0
17,9,2023-03-17,7431.97,0
17,9,2023-03-24,8566.41,0
17,9,2023-03-31,9303.68,0
17,9,2023-04-07,10035.85,0
17,9,2023-04-14,9889.34,0
17,9,2023-04-21,9138.04,0
17,9,2023-04-28,8872.26,0
17,9,2023-05-05,9268.67,0
17,9,2023-05-12,8676.45,0
17,9,2023-05-19,7811.23,0
17,9,2023-05-26,8220.29,0
17,9,2023-06-02,10370.81,0
17,9,2023-06-09,10674.36,0
17,9,2023-06-16,9788.17,0
17,9,2023-06-23,9115.32,0
17,9,2023-06-30,8063.12,0
17,9,2023-07-07,8866.27,0
17,9,2023-07-14,9317.28,0
17,9,2023-07-21,9360.08,0
17,9,2023-07-28,9145.93,0
17,9,2023-08-04,9385.05,0
17,9,2023-08-11,9758.15,0
17,9,2023-08-18,8065.2,0
17,9,2023-08-25,10075.04,0
17,9,2023-09-01,6813.28,0
17,9,2023-09-08,8207.71,1
17,9,2023-09-15,8293.25,0
17,9,2023-09-22,7752.81,0
17,9,2023-09-29,7491.62,0
17,9,2023-10-06,9112.27,0
17,9,2023-10-13,7371.49,0
17,9,2023-10-20,7053.77,0
17,9,2023-10-27,8705.51,0
17,9,2023-11-03,8192.65,0
17,9,2023-11-10,8363.49,0
17,9,2023-11-17,7844.76,0
17,9,2023-11-24,8406.17,1
17,9,2023-12-01,6886.66,0
17,9,2023-12-08,8065.73,0
17,9,2023-12-15,8420.34,0
17,9,2023-12-22,8800.69,0
17,9,2023-12-29,9698.65,1
17,9,2024-01-05,7733.66,0
17,9,2024-01-12,9119.54,0
17,9,2024-01-19,9063.33,0
17,9,2024-01-26,8178.24,0
17,9,2024-02-02,9254.91,0
17,9,2024-02-09,9805.44,1
17,9,2024-02-16,9216.22,0
17,9,2024-02-23,8683.05,0
17,9,2024-03-01,9559.53,0
17,9,2024-03-08,9971.45,0
17,9,2024-03-15,9022.97,0
17,9,2024-03-22,8982.35,0
17,9,2024-03-29,10275.21,0
17,9,2024-04-05,10599.57,0
17,9,2024-04-12,11733.6,0
17,9,2024-04-19,10600.38,0
17,9,2024-04-26,9124.64,0
17,9,2024-05-03,11775.45,0
17,9,2024-05-10,10984.3,0
17,9,2024-05-17,8496.15,0
17,9,2024-05-24,9262.21,0
17,9,2024-05-31,9658.53,0
17,9,2024-06-07,10669.78,0
17,9,2024-06-14,8040.96,0
17,9,2024-06-21,9757.56,0
17,9,2024-06-28,10370.42,0
17,9,2024-07-05,7470.0,0
17,9,2024-07-12,10122.89,0
17,9,2024-07-19,10092.78,0
17,9,2024-07-26,8688.69,0
17,9,2024-08-02,8350.65,0
17,9,2024-08-09,8452.26,0
17,9,2024-08-16,7044.03,0
17,9,2024-08-23,8612.67,0
17,9,2024-08-30,8886.47,0
17,9,2024-09-06,8571.3,1
17,9,2024-09-13,8605.64,0
17,9,2024-09-20,8627.63,0
17,9,2024-09-27,8110.47,0
17,9,2024-10-04,8815.95,0
17,9,2024-10-11,9131.45,0
17,9,2024-10-18,7978.74,0
17,9,2024-10-25,8735.43,0
17,9,2024-11-01,8745.54,0
17,9,2024-11-08,8531.88,0
17,9,2024-11-15,9403.67,0
17,9,2024-11-22,7857.83,0
17,9,2024-11-29,10063.5,1
17,9,2024-12-06,8983.82,0
17,9,2024-12-13,8399.57,0
17,9,2024-12-20,8210.84,0
17,9,2024-12-27,12100.17,1
17,9,2025-01-03,8707.86,0
17,9,2025-01-10,8086.72,0
17,9,2025-01-17,10598.21,0
17,9,2025-01-24,9723.62,0
17,10,2023-02-03,10404.81,0
17,10,2023-02-10,10312.83,1
17,10,2023-02-17,9721.17,0
17,10,2023-02-24,10193.03,0
17,10,2023-03-03,11270.77,0
17,10,2023-03-10,10444.96,0
17,10,2023-03-17,11344.62,0
17,10,2023-03-24,11097.19,0
17,10,2023-03-31,10246.46,0
17,10,2023-04-07,12749.57,0
17,10,2023-04-14,11903.38,0
17,10,2023-04-21,11726.46,0
17,10,2023-04-28,11977.09,0
17,10,2023-05-05,9845.2,0
17,10,2023-05-12,11047.9,0
17,10,2023-05-19,10087.6,0
17,10,2023-05-26,11578.48,0
17,10,2023-06-02,11717.27,0
17,10,2023-06-09,11487.17,0
17,10,2023-06-16,12346.62,0
17,10,2023-06-23,9852.23,0
17,10,2023-06-30,10381.73,0
17,10,2023-07-07,11341.96,0
17,10,2023-07-14,11085.63,0
17,10,2023-07-21,9598.92,0
17,10,2023-07-28,11608.68,0
17,10,2023-08-04,11749.78,0
17,10,2023-08-11,10673.63,0
17,10,2023-08-18,8957.66,0
17,10,2023-08-25,10185.42,0
17,10,2023-09-01,10202.8,0
17,10,2023-09-08,11112.59,1
17,10,2023-09-15,9619.67,0
17,10,2023-09-22,11234.26,0
17,10,2023-09-29,10131.91,0
17,10,2023-10-06,9677.89,0
17,10,2023-10-13,10112.73,0
17,10,2023-10-20,10536.36,0
17,10,2023-10-27,10046.4,0
17,10,2023-11-03,9319.4,0
17,10,2023-11-10,8902.71,0
17,10,2023-11-17,8592.69,0
17,10,2023-11-24,11604.79,1
17,10,2023-12-01,9279.71,0
17,10,2023-12-08,9412.16,0
17,10,2023-12-15,10585.29,0
17,10,2023-12-22,9815.49,0
17,10,2023-12-29,22906.84,1
17,10,2024-01-05,9397.55,0
17,10,2024-01-12,9305.12,0
17,10,2024-01-19,11117.9,0
17,10,2024-01-26,11663.09,0
17,10,2024-02-02,10335.17,0
17,10,2024-02-09,10085.13,1
17,10,2024-02-16,12564.22,0
17,10,2024-02-23,10041.99,0
17,10,2024-03-01,12451.08,0
17,10,2024-03-08,11138.36,0
17,10,2024-03-15,12187.69,0
17,10,2024-03-22,12969.77,0
17,10,2024-03-29,12514.84,0
17,10,2024-04-05,11867.38,0
17,10,2024-04-12,13603.29,0
17,10,2024-04-19,12585.4,0
17,10,2024-04-26,15983.88,0
17,10,2024-05-03,10685.29,0
17,10,2024-05-10,10676.9,0
17,10,2024-05-17,13352.12,0
17,10,2024-05-24,12306.03,0
17,10,2024-05-31,13067.27,0
17,10,2024-06-07,11147.52,0
17,10,2024-06-14,12191.04,0
17,10,2024-06-21,12481.16,0
17,10,2024-06-28,11410.65,0
17,10,2024-07-05,12025.97,0
17,10,2024-07-12,10403.3,0
17,10,2024-07-19,11899.92,0
17,10,2024-07-26,12708.26,0
17,10,2024-08-02,10130.53,0
17,10,2024-08-09,9943.81,0
17,10,2024-08-16,11992.55,0
17,10,2024-08-23,9671.03,0
17,10,2024-08-30,11391.52,0
17,10,2024-09-06,12411.99,1
17,10,2024-09-13,11656.35,0
17,10,2024-09-20,11097.03,0
17,10,2024-09-27,10471.38,0
17,10,2024-10-04,8418.99,0
17,10,2024-10-11,10692.64,0
17,10,2024-10-18,9216.85,0
17,10,2024-10-25,9885.69,0
17,10,2024-11-01,10073.12,0
17,10,2024-11-08,11622.09,0
17,10,2024-11-15,9928.48,0
17,10,2024-11-22,9036.04,0
17,10,2024-11-29,23760.08,1
17,10,2024-12-06,11011.73,0
17,10,2024-12-13,11744.58,0
17,10,2024-12-20,12091.96,0
17,10,2024-12-27,19456.11,1
17,10,2025-01-03,11667.04,0
17,10,2025-01-10,10864.76,0
17,10,2025-01-17,11117.89,0
17,10,2025-01-24,10425.38,0
18,1,2023-02-03,72584.22,0
18,1,2023-02-10,87472.85,1
18,1,2023-02-17,63603.53,0
18,1,2023-02-24,79645.93,0
18,1,2023-03-03,75158.06,0
18,1,2023-03-10,81301.4,0
18,1,2023-03-17,62828.48,0
18,1,2023-03-24,76714.33,0
18,1,2023-03-31,72685.43,0
18,1,2023-04-07,77973.7,0
18,1,2023-04-14,84189.48,0
18,1,2023-04-21,81031.35,0
18,1,2023-04-28,79117.17,0
18,1,2023-05-05,79261.85,0
18,1,2023-05-12,69348.35,0
18,1,2023-05-19,73425.05,0
18,1,2023-05-26,86061.1,0
18,1,2023-06-02,75487.8,0
18,1,2023-06-09,85389.68,0
18,1,2023-06-16,82866.05,0
18,1,2023-06-23,82532.57,0
18,1,2023-06-30,78440.28,0
18,1,2023-07-07,72990.19,0
18,1,2023-07-14,73885.64,0
18,1,2023-07-21,77690.75,0
18,1,2023-07-28,60574.86,0
18,1,2023-08-04,79218.53,0
18,1,2023-08-11,68264.74,0
18,1,2023-08-18,69697.96,0
18,1,2023-08-25,68851.89,0
18,1,2023-09-01,68206.31,0
18,1,2023-09-08,69294.73,1
18,1,2023-09-15,70071.17,0
18,1,2023-09-22,55406.55,0
18,1,2023-09-29,58848.69,0
18,1,2023-10-06,69905.57,0
18,1,2023-10-13,68573.46,0
18,1,2023-10-20,66211.1,0
18,1,2023-10-27,61042.59,0
18,1,2023-11-03,68291.39,0
18,1,2023-11-10,58518.37,0
18,1,2023-11-17,64318.71,0
18,1,2023-11-24,80446.94,1
18,1,2023-12-01,60535.92,0
18,1,2023-12-08,70649.65,0
18,1,2023-12-15,69711.6,0
18,1,2023-12-22,65116.47,0
18,1,2023-12-29,93147.39,1
18,1,2024-01-05,69994.12,0
18,1,2024-01-12,67768.49,0
18,1,2024-01-19,76705.19,0
18,1,2024-01-26,77357.18,0
18,1,2024-02-02,82540.02,0
18,1,2024-02-09,95348.48,1
18,1,2024-02-16,74456.59,0
18,1,2024-02-23,88060.02,0
18,1,2024-03-01,77298.59,0
18,1,2024-03-08,68070.86,0
18,1,2024-03-15,84301.39,0
18,1,2024-03-22,85710.74,0
18,1,2024-03-29,78219.23,0
18,1,2024-04-05,82079.62,0
18,1,2024-04-12,78584.28,0
18,1,2024-04-19,88283.87,0
18,1,2024-04-26,85441.01,0
18,1,2024-05-03,77289.33,0
18,1,2024-05-10,85223.58,0
18,1,2024-05-17,80209.13,0
18,1,2024-05-24,94926.79,0
18,1,2024-05-31,90705.39,0
18,1,2024-06-07,83370.07,0
18,1,2024-06-14,84164.55,0
18,1,2024-06-21,89675.61,0
18,1,2024-06-28,81041.56,0
18,1,2024-07-05,86273.63,0
18,1,2024-07-12,89935.07,0
18,1,2024-07-19,76348.01,0
18,1,2024-07-26,88807.5,0
18,1,2024-08-02,85855.58,0
18,1,2024-08-09,77960.49,0
18,1,2024-08-16,72757.03,0
18,1,2024-08-23,75867.57,0
18,1,2024-08-30,72093.34,0
18,1,2024-09-06,80878.73,1
18,1,2024-09-13,65984.3,0
18,1,2024-09-20,69236.25,0
18,1,2024-09-27,68721.89,0
18,1,2024-10-04,62412.21,0
18,1,2024-10-11,73362.01,0
18,1,2024-10-18,68175.79,0
18,1,2024-10-25,76534.62,0
18,1,2024-11-01,67995.92,0
18,1,2024-11-08,67252.78,0
18,1,2024-11-15,64759.54,0
18,1,2024-11-22,70464.26,0
18,1,2024-11-29,94752.54,1
18,1,2024-12-06,71879.46,0
18,1,2024-12-13,84410.95,0
18,1,2024-12-20,75881.4,0
18,1,2024-12-27,88940.37,1
18,1,2025-01-03,78521.13,0
18,1,2025-01-10,70224.58,0
18,1,2025-01-17,81354.24,0
18,1,2025-01-24,84554.13,0
18,2,2023-02-03,46322.8,0
18,2,2023-02-10,40789.51,1
18,2,2023-02-17,47802.21,0
18,2,2023-02-24,46352.62,0
18,2,2023-03-03,43598.97,0
18,2,2023-03-10,45842.83,0
18,2,2023-03-17,48772.76,0
18,2,2023-03-24,44959.59,0
18,2,2023-03-31,49136.74,0
18,2,2023-04-07,53971.79,0
18,2,2023-04-14,52465.8,0
18,2,2023-04-21,49291.39,0
18,2,2023-04-28,50077.98,0
18,2,2023-05-05,47147.36,0
18,2,2023-05-12,47290.94,0
18,2,2023-05-19,43201.56,0
18,2,2023-05-26,50128.22,0
18,2,2023-06-02,51622.52,0
18,2,2023-06-09,48413.32,0
18,2,2023-06-16,44969.32,0
18,2,2023-06-23,48232.76,0
18,2,2023-06-30,52644.23,0
18,2,2023-07-07,50438.06,0
18,2,2023-07-14,46426.28,0
18,2,2023-07-21,53517.15,0
18,2,2023-07-28,55218.23,0
18,2,2023-08-04,43108.76,0
18,2,2023-08-11,43375.75,0
18,2,2023-08-18,46091.22,0
18,2,2023-08-25,39960.41,0
18,2,2023-09-01,45467.32,0
18,2,2023-09-08,46460.84,1
18,2,2023-09-15,39704.79,0
18,2,2023-09-22,38619.07,0
18,2,2023-09-29,34378.33,0
18,2,2023-10-06,45409.03,0
18,2,2023-10-13,43416.17,0
18,2,2023-10-20,42403.88,0
18,2,2023-10-27,41293.95,0
18,2,2023-11-03,32782.67,0
18,2,2023-11-10,37867.61,0
18,2,2023-11-17,39636.13,0
18,2,2023-11-24,66137.66,1
18,2,2023-12-01,37840.94,0
18,2,2023-12-08,41616.29,0
18,2,2023-12-15,42088.95,0
18,2,2023-12-22,45537.11,0
18,2,2023-12-29,83759.31,1
18,2,2024-01-05,43061.81,0
18,2,2024-01-12,50735.69,0
18,2,2024-01-19,39350.49,0
18,2,2024-01-26,38163.92,0
18,2,2024-02-02,43213.97,0
18,2,2024-02-09,50322.19,1
18,2,2024-02-16,48629.51,0
18,2,2024-02-23,44299.72,0
18,2,2024-03-01,46508.42,0
18,2,2024-03-08,45061.03,0
18,2,2024-03-15,45605.07,0
18,2,2024-03-22,57536.49,0
18,2,2024-03-29,51083.07,0
18,2,2024-04-05,59475.87,0
18,2,2024-04-12,48717.63,0
18,2,2024-04-19,54799.55,0
18,2,2024-04-26,53885.1,0
18,2,2024-05-03,56770.01,0
18,2,2024-05-10,54149.2,0
18,2,2024-05-17,57195.01,0
18,2,2024-05-24,55228.86,0
18,2,2024-05-31,48074.56,0
18,2,2024-06-07,55457.97,0
18,2,2024-06-14,51602.47,0
18,2,2024-06-21,48405.23,0
18,2,2024-06-28,53975.07,0
18,2,2024-07-05,54342.01,0
18,2,2024-07-12,48108.77,0
18,2,2024-07-19,48060.49,0
18,2,2024-07-26,43409.39,0
18,2,2024-08-02,41237.82,0
18,2,2024-08-09,46640.98,0
18,2,2024-08-16,49912.14,0
18,2,2024-08-23,44206.53,0
18,2,2024-08-30,50979.08,0
18,2,2024-09-06,51848.03,1
18,2,2024-09-13,43684.32,0
18,2,2024-09-20,47756.78,0
18,2,2024-09-27,40535.24,0
18,2,2024-10-04,43146.06,0
18,2,2024-10-11,41464.33,0
18,2,2024-10-18,41268.59,0
18,2,2024-10-25,43260.39,0
18,2,2024-11-01,42761.96,0
18,2,2024-11-08,46892.14,0
18,2,2024-11-15,43401.09,0
18,2,2024-11-22,45648.61,0
18,2,2024-11-29,92977.28,1
18,2,2024-12-06,43410.32,0
18,2,2024-12-13,43908.39,0
18,2,2024-12-20,48267.62,0
18,2,2024-12-27,71706.01,1
18,2,2025-01-03,55616.11,0
18,2,2025-01-10,43845.14,0
18,2,2025-01-17,54241.88,0
18,2,2025-01-24,47160.69,0
18,3,2023-02-03,37530.0,0
18,3,2023-02-10,36334.37,1
18,3,2023-02-17,36660.19,0
18,3,2023-02-24,35074.89,0
18,3,2023-03-03,35285.76,0
18,3,2023-03-10,34377.25,0
18,3,2023-03-17,36947.68,0
18,3,2023-03-24,36785.76,0
18,3,2023-03-31,38273.16,0
18,3,2023-04-07,33720.97,0
18,3,2023-04-14,38340.79,0
18,3,2023-04-21,42363.19,0
18,3,2023-04-28,41540.51,0
18,3,2023-05-05,38781.89,0
18,3,2023-05-12,46678.23,0
18,3,2023-05-19,36916.04,0
18,3,2023-05-26,38343.09,0
18,3,2023-06-02,33997.59,0
18,3,2023-06-09,37020.54,0
18,3,2023-06-16,43435.09,0
18,3,2023-06-23,36595.51,0
18,3,2023-06-30,32788.12,0
18,3,2023-07-07,39553.05,0
18,3,2023-07-14,37702.49,0
18,3,2023-07-21,38532.09,0
18,3,2023-07-28,34834.13,0
18,3,2023-08-04,32386.17,0
18,3,2023-08-11,34254.11,0
18,3,2023-08-18,35834.4,0
18,3,2023-08-25,33675.38,0
18,3,2023-09-01,34490.13,0
18,3,2023-09-08,33404.8,1
18,3,2023-09-15,32694.18,0
18,3,2023-09-22,30555.56,0
18,3,2023-09-29,32471.68,0
18,3,2023-10-06,30903.95,0
18,3,2023-10-13,33289.71,0
18,3,2023-10-20,33822.65,0
18,3,2023-10-27,32832.15,0
18,3,2023-11-03,27448.53,0
18,3,2023-11-10,29212.02,0
18,3,2023-11-17,30174.88,0
18,3,2023-11-24,47752.26,1
18,3,2023-12-01,34641.53,0
18,3,2023-12-08,34390.9,0
18,3,2023-12-15,31822.79,0
18,3,2023-12-22,34936.61,0
18,3,2023-12-29,70387.05,1
18,3,2024-01-05,37468.43,0
18,3,2024-01-12,33001.71,0
18,3,2024-01-19,35547.44,0
18,3,2024-01-26,32943.86,0
18,3,2024-02-02,33614.08,0
18,3,2024-02-09,33084.92,1
18,3,2024-02-16,34727.13,0
18,3,2024-02-23,38514.91,0
18,3,2024-03-01,37860.29,0
18,3,2024-03-08,38460.56,0
18,3,2024-03-15,38831.77,0
18,3,2024-03-22,45920.48,0
18,3,2024-03-29,36908.81,0
18,3,2024-04-05,36861.64,0
18,3,2024-04-12,38425.16,0
18,3,2024-04-19,41190.76,0
18,3,2024-04-26,43295.33,0
18,3,2024-05-03,43734.58,0
18,3,2024-05-10,44847.76,0
18,3,2024-05-17,41295.45,0
18,3,2024-05-24,40234.44,0
18,3,2024-05-31,46794.12,0
18,3,2024-06-07,31993.21,0
18,3,2024-06-14,41087.25,0
18,3,2024-06-21,41947.54,0
18,3,2024-06-28,46200.87,0
18,3,2024-07-05,34482.91,0
18,3,2024-07-12,37999.27,0
18,3,2024-07-19,34631.81,0
18,3,2024-07-26,32845.47,0
18,3,2024-08-02,37248.93,0
18,3,2024-08-09,39861.58,0
18,3,2024-08-16,40437.89,0
18,3,2024-08-23,34854.25,0
18,3,2024-08-30,37865.66,0
18,3,2024-09-06,41590.31,1
18,3,2024-09-13,38381.09,0
18,3,2024-09-20,34250.53,0
18,3,2024-09-27,37467.41,0
18,3,2024-10-04,30929.8,0
18,3,2024-10-11,35860.52,0
18,3,2024-10-18,36758.07,0
18,3,2024-10-25,36417.34,0
18,3,2024-11-01,30691.72,0
18,3,2024-11-08,33425.02,0
18,3,2024-11-15,34955.34,0
18,3,2024-11-22,35559.19,0
18,3,2024-11-29,54762.94,1
18,3,2024-12-06,31330.66,0
18,3,2024-12-13,34667.19,0
18,3,2024-12-20,30958.68,0
18,3,2024-12-27,75763.6,1
18,3,2025-01-03,46674.9,0
18,3,2025-01-10,40445.96,0
18,3,2025-01-17,38972.91,0
18,3,2025-01-24,39360.3,0
18,4,2023-02-03,27035.43,0
18,4,2023-02-10,28475.61,1
18,4,2023-02-17,29252.68,0
18,4,2023-02-24,24482.6,0
18,4,2023-03-03,29924.66,0
18,4,2023-03-10,30092.27,0
18,4,2023-03-17,34454.52,0
18,4,2023-03-24,30225.1,0
18,4,2023-03-31,28954.14,0
18,4,2023-04-07,31767.64,0
18,4,2023-04-14,31499.26,0
18,4,2023-04-21,31151.93,0
18,4,2023-04-28,28367.66,0
18,4,2023-05-05,31277.04,0
18,4,2023-05-12,30225.62,0
18,4,2023-05-19,31118.24,0
18,4,2023-05-26,33441.0,0
18,4,2023-06-02,29769.73,0
18,4,2023-06-09,30746.27,0
18,4,2023-06-16,32437.13,0
18,4,2023-06-23,30178.85,0
18,4,2023-06-30,36941.53,0
18,4,2023-07-07,30853.54,0
18,4,2023-07-14,26943.8,0
18,4,2023-07-21,27576.92,0
18,4,2023-07-28,26999.16,0
18,4,2023-08-04,26917.62,0
18,4,2023-08-11,29665.83,0
18,4,2023-08-18,25587.92,0
18,4,2023-08-25,26978.64,0
18,4,2023-09-01,29871.88,0
18,4,2023-09-08,27829.48,1
18,4,2023-09-15,23153.84,0
18,4,2023-09-22,25710.65,0
18,4,2023-09-29,24411.42,0
18,4,2023-10-06,26717.95,0
18,4,2023-10-13,23806.88,0
18,4,2023-10-20,30149.0,0
18,4,2023-10-27,22439.27,0
18,4,2023-11-03,28185.04,0
18,4,2023-11-10,27719.5,0
18,4,2023-11-17,26658.13,0
18,4,2023-11-24,32678.96,1
18,4,2023-12-01,31606.35,0
18,4,2023-12-08,26206.69,0
18,4,2023-12-15,27290.84,0
18,4,2023-12-22,26086.27,0
18,4,2023-12-29,32986.59,1
18,4,2024-01-05,28637.59,0
18,4,2024-01-12,24837.12,0
18,4,2024-01-19,30018.57,0
18,4,2024-01-26,30094.63,0
18,4,2024-02-02,28463.31,0
18,4,2024-02-09,28756.56,1
18,4,2024-02-16,31891.63,0
18,4,2024-02-23,35333.25,0
18,4,2024-03-01,32756.55,0
18,4,2024-03-08,34170.26,0
18,4,2024-03-15,30383.41,0
18,4,2024-03-22,31814.25,0
18,4,2024-03-29,34836.19,0
18,4,2024-04-05,29853.39,0
18,4,2024-04-12,34278.27,0
18,4,2024-04-19,35234.51,0
18,4,2024-04-26,33917.47,0
18,4,2024-05-03,34966.68,0
18,4,2024-05-10,34273.28,0
18,4,2024-05-17,32385.93,0
18,4,2024-05-24,30792.82,0
18,4,2024-05-31,33616.57,0
18,4,2024-06-07,37192.07,0
18,4,2024-06-14,36190.05,0
18,4,2024-06-21,32262.7,0
18,4,2024-06-28,31910.39,0
18,4,2024-07-05,31390.98,0
18,4,2024-07-12,31040.26,0
18,4,2024-07-19,32519.27,0
18,4,2024-07-26,34044.78,0
18,4,2024-08-02,36592.1,0
18,4,2024-08-09,28546.31,0
18,4,2024-08-16,31746.31,0
18,4,2024-08-23,31076.68,0
18,4,2024-08-30,28636.75,0
18,4,2024-09-06,30635.43,1
18,4,2024-09-13,33622.95,0
18,4,2024-09-20,29078.15,0
18,4,2024-09-27,26446.0,0
18,4,2024-10-04,27673.29,0
18,4,2024-10-11,25333.63,0
18,4,2024-10-18,27818.87,0
18,4,2024-10-25,29248.46,0
18,4,2024-11-01,26204.24,0
18,4,2024-11-08,20563.64,0
18,4,2024-11-15,28543.32,0
18,4,2024-11-22,26970.56,0
18,4,2024-11-29,33375.36,1
18,4,2024-12-06,29514.18,0
18,4,2024-12-13,27976.18,0
18,4,2024-12-20,31463.53,0
18,4,2024-12-27,43391.22,1
18,4,2025-01-03,28864.74,0
18,4,2025-01-10,30893.6,0
18,4,2025-01-17,30702.15,0
18,4,2025-01-24,27135.53,0
18,5,2023-02-03,21323.65,0
18,5,2023-02-10,19861.27,1
18,5,2023-02-17,18372.65,0
18,5,2023-02-24,16396.68,0
18,5,2023-03-03,19356.88,0
18,5,2023-03-10,18964.61,0
18,5,2023-03-17,20045.56,0
18,5,2023-03-24,16839.28,0
18,5,2023-03-31,19785.22,0
18,5,2023-04-07,20050.79,0
18,5,2023-04-14,20554.24,0
18,5,2023-04-21,20590.64,0
18,5,2023-04-28,21155.43,0
18,5,2023-05-05,23684.47,0
18,5,2023-05-12,20258.9,0
18,5,2023-05-19,19572.26,0
18,5,2023-05-26,18150.17,0
18,5,2023-06-02,20120.72,0
18,5,2023-06-09,18527.65,0
18,5,2023-06-16,22319.35,0
18,5,2023-06-23,20404.31,0
18,5,2023-06-30,21906.07,0
18,5,2023-07-07,22532.26,0
18,5,2023-07-14,18563.79,0
18,5,2023-07-21,19160.22,0
18,5,2023-07-28,21536.44,0
18,5,2023-08-04,19504.03,0
18,5,2023-08-11,19753.75,0
18,5,2023-08-18,20261.91,0
18,5,2023-08-25,19800.36,0
18,5,2023-09-01,18845.5,0
18,5,2023-09-08,22970.48,1
18,5,2023-09-15,18578.69,0
18,5,2023-09-22,17414.38,0
18,5,2023-09-29,18945.78,0
18,5,2023-10-06,16419.64,0
18,5,2023-10-13,14974.12,0
18,5,2023-10-20,18147.66,0
18,5,2023-10-27,15812.47,0
18,5,2023-11-03,15682.62,0
18,5,2023-11-10,19013.76,0
18,5,2023-11-17,18682.79,0
18,5,2023-11-24,27793.85,1
18,5,2023-12-01,18343.65,0
18,5,2023-12-08,18707.3,0
18,5,2023-12-15,18709.97,0
18,5,2023-12-22,18880.29,0
18,5,2023-12-29,34354.73,1
18,5,2024-01-05,17061.53,0
18,5,2024-01-12,17946.04,0
18,5,2024-01-19,19804.6,0
18,5,2024-01-26,20149.08,0
18,5,2024-02-02,21193.95,0
18,5,2024-02-09,17972.34,1
18,5,2024-02-16,17834.3,0
18,5,2024-02-23,20235.45,0
18,5,2024-03-01,19436.36,0
18,5,2024-03-08,21760.43,0
18,5,2024-03-15,19426.34,0
18,5,2024-03-22,24007.73,0
18,5,2024-03-29,20690.39,0
18,5,2024-04-05,25173.65,0
18,5,2024-04-12,23422.44,0
18,5,2024-04-19,20690.0,0
18,5,2024-04-26,26482.54,0
18,5,2024-05-03,23213.07,0
18,5,2024-05-10,23045.9,0
18,5,2024-05-17,22603.0,0
18,5,2024-05-24,23510.6,0
18,5,2024-05-31,23523.02,0
18,5,2024-06-07,20898.04,0
18,5,2024-06-14,21918.3,0
18,5,2024-06-21,22324.29,0
18,5,2024-06-28,22937.15,0
18,5,2024-07-05,22730.92,0
18,5,2024-07-12,21730.08,0
18,5,2024-07-19,20258.7,0
18,5,2024-07-26,19919.07,0
18,5,2024-08-02,18686.69,0
18,5,2024-08-09,21350.5,0
18,5,2024-08-16,19124.97,0
18,5,2024-08-23,19551.69,0
18,5,2024-08-30,19981.38,0
18,5,2024-09-06,21080.18,1
18,5,2024-09-13,17777.59,0
18,5,2024-09-20,19385.16,0
18,5,2024-09-27,18344.76,0
18,5,2024-10-04,18554.79,0
18,5,2024-10-11,20305.82,0
18,5,2024-10-18,19267.11,0
18,5,2024-10-25,17643.92,0
18,5,2024-11-01,18273.9,0
18,5,2024-11-08,20908.95,0
18,5,2024-11-15,18158.72,0
18,5,2024-11-22,18791.75,0
18,5,2024-11-29,29941.94,1
18,5,2024-12-06,18497.0,0
18,5,2024-12-13,18133.29,0
18,5,2024-12-20,19506.75,0
18,5,2024-12-27,40561.84,1
18,5,2025-01-03,17725.94,0
18,5,2025-01-10,23262.54,0
18,5,2025-01-17,20231.16,0
18,5,2025-01-24,22596.9,0
18,6,2023-02-03,21751.15,0
18,6,2023-02-10,20458.14,1
18,6,2023-02-17,21345.03,0
18,6,2023-02-24,23566.13,0
18,6,2023-03-03,25579.81,0
18,6,2023-03-10,24937.95,0
18,6,2023-03-17,24674.91,0
18,6,2023-03-24,27732.53,0
18,6,2023-03-31,25706.65,0
18,6,2023-04-07,26496.37,0
18,6,2023-04-14,32588.55,0
18,6,2023-04-21,26217.16,0
18,6,2023-04-28,24868.25,0
18,6,2023-05-05,27409.17,0
18,6,2023-05-12,27962.91,0
18,6,2023-05-19,27024.29,0
18,6,2023-05-26,26656.02,0
18,6,2023-06-02,29332.64,0
18,6,2023-06-09,28915.68,0
18,6,2023-06-16,25666.45,0
18,6,2023-06-23,24379.82,0
18,6,2023-06-30,26342.95,0
18,6,2023-07-07,23900.04,0
18,6,2023-07-14,26695.37,0
18,6,2023-07-21,25470.58,0
18,6,2023-07-28,29525.36,0
18,6,2023-08-04,26847.16,0
18,6,2023-08-11,21657.7,0
18,6,2023-08-18,22423.21,0
18,6,2023-08-25,19558.03,0
18,6,2023-09-01,18907.48,0
18,6,2023-09-08,25980.48,1
18,6,2023-09-15,25224.32,0
18,6,2023-09-22,24125.56,0
18,6,2023-09-29,21419.11,0
18,6,2023-10-06,21172.42,0
18,6,2023-10-13,24199.85,0
18,6,2023-10-20,24511.91,0
18,6,2023-10-27,19916.31,0
18,6,2023-11-03,19703.28,0
18,6,2023-11-10,21063.23,0
18,6,2023-11-17,22425.52,0
18,6,2023-11-24,27565.27,1
18,6,2023-12-01,25422.61,0
18,6,2023-12-08,19709.22,0
18,6,2023-12-15,21658.15,0
18,6,2023-12-22,20220.03,0
18,6,2023-12-29,28292.07,1
18,6,2024-01-05,22036.23,0
18,6,2024-01-12,24746.35,0
18,6,2024-01-19,24426.49,0
18,6,2024-01-26,25110.01,0
18,6,2024-02-02,24306.59,0
18,6,2024-02-09,24878.97,1
18,6,2024-02-16,24983.74,0
18,6,2024-02-23,25567.8,0
18,6,2024-03-01,27340.75,0
18,6,2024-03-08,22677.52,0
18,6,2024-03-15,27750.24,0
18,6,2024-03-22,25514.95,0
18,6,2024-03-29,26933.13,0
18,6,2024-04-05,24424.14,0
18,6,2024-04-12,27293.17,0
18,6,2024-04-19,28875.03,0
18,6,2024-04-26,29388.7,0
18,6,2024-05-03,25716.38,0
18,6,2024-05-10,29359.41,0
18,6,2024-05-17,30991.67,0
18,6,2024-05-24,27211.89,0
18,6,2024-05-31,28219.75,0
18,6,2024-06-07,23420.33,0
18,6,2024-06-14,25873.76,0
18,6,2024-06-21,28247.82,0
18,6,2024-06-28,29488.28,0
18,6,2024-07-05,25813.05,0
18,6,2024-07-12,32534.93,0
18,6,2024-07-19,27154.78,0
18,6,2024-07-26,23493.09,0
18,6,2024-08-02,28478.2,0
18,6,2024-08-09,22926.15,0
18,6,2024-08-16,25806.0,0
18,6,2024-08-23,22975.23,0
18,6,2024-08-30,21848.83,0
18,6,2024-09-06,29527.28,1
18,6,2024-09-13,27263.63,0
18,6,2024-09-20,21789.49,0
18,6,2024-09-27,20585.0,0
18,6,2024-10-04,22458.71,0
18,6,2024-10-11,28602.07,0
18,6,2024-10-18,24692.4,0
18,6,2024-10-25,24134.26,0
18,6,2024-11-01,24203.27,0
18,6,2024-11-08,22272.54,0
18,6,2024-11-15,28351.74,0
18,6,2024-11-22,24273.06,0
18,6,2024-11-29,31288.54,1
18,6,2024-12-06,21404.53,0
18,6,2024-12-13,22404.55,0
18,6,2024-12-20,23923.84,0
18,6,2024-12-27,32304.79,1
18,6,2025-01-03,24964.6,0
18,6,2025-01-10,25058.51,0
18,6,2025-01-17,22625.83,0
18,6,2025-01-24,25229.46,0
18,7,2023-02-03,22509.88,0
18,7,2023-02-10,23150.5,1
18,7,2023-02-17,23093.64,0
18,7,2023-02-24,23218.64,0
18,7,2023-03-03,22928.78,0
18,7,2023-03-10,21188.61,0
18,7,2023-03-17,22278.91,0
18,7,2023-03-24,24446.45,0
18,7,2023-03-31,22738.45,0
18,7,2023-04-07,24553.78,0
18,7,2023-04-14,22603.22,0
18,7,2023-04-21,25369.36,0
18,7,2023-04-28,25613.02,0
18,7,2023-05-05,21426.33,0
18,7,2023-05-12,24783.77,0
18,7,2023-05-19,21631.38,0
18,7,2023-05-26,20912.38,0
18,7,2023-06-02,23312.09,0
18,7,2023-06-09,29791.82,0
18,7,2023-06-16,25681.92,0
18,7,2023-06-23,26661.13,0
18,7,2023-06-30,24927.55,0
18,7,2023-07-07,23915.46,0
18,7,2023-07-14,24934.72,0
18,7,2023-07-21,21816.1,0
18,7,2023-07-28,23561.49,0
18,7,2023-08-04,24526.19,0
18,7,2023-08-11,23360.92,0
18,7,2023-08-18,24005.37,0
18,7,2023-08-25,21869.37,0
18,7,2023-09-01,24169.2,0
18,7,2023-09-08,22809.83,1
18,7,2023-09-15,21765.36,0
18,7,2023-09-22,19975.19,0
18,7,2023-09-29,18507.36,0
18,7,2023-10-06,18982.16,0
18,7,2023-10-13,18638.26,0
18,7,2023-10-20,19975.41,0
18,7,2023-10-27,18040.0,0
18,7,2023-11-03,22174.07,0
18,7,2023-11-10,20322.67,0
18,7,2023-11-17,20346.1,0
18,7,2023-11-24,23813.11,1
18,7,2023-12-01,16879.43,0
18,7,2023-12-08,23409.19,0
18,7,2023-12-15,18584.23,0
18,7,2023-12-22,18948.59,0
18,7,2023-12-29,28534.75,1
18,7,2024-01-05,22048.52,0
18,7,2024-01-12,22777.8,0
18,7,2024-01-19,24245.03,0
18,7,2024-01-26,23071.36,0
18,7,2024-02-02,20384.96,0
18,7,2024-02-09,32307.84,1
18,7,2024-02-16,26239.8,0
18,7,2024-02-23,21914.61,0
18,7,2024-03-01,23249.77,0
18,7,2024-03-08,25799.62,0
18,7,2024-03-15,23404.06,0
18,7,2024-03-22,20775.37,0
18,7,2024-03-29,26245.91,0
18,7,2024-04-05,27915.31,0
18,7,2024-04-12,25955.64,0
18,7,2024-04-19,27520.01,0
18,7,2024-04-26,27315.74,0
18,7,2024-05-03,26541.03,0
18,7,2024-05-10,26822.88,0
18,7,2024-05-17,29369.55,0
18,7,2024-05-24,24402.35,0
18,7,2024-05-31,27965.25,0
18,7,2024-06-07,23719.08,0
18,7,2024-06-14,24361.66,0
18,7,2024-06-21,28275.11,0
18,7,2024-06-28,23093.4,0
18,7,2024-07-05,24816.29,0
18,7,2024-07-12,29749.31,0
18,7,2024-07-19,26752.05,0
18,7,2024-07-26,22974.12,0
18,7,2024-08-02,23007.33,0
18,7,2024-08-09,23457.84,0
18,7,2024-08-16,25932.17,0
18,7,2024-08-23,21309.36,0
18,7,2024-08-30,20932.61,0
18,7,2024-09-06,28557.19,1
18,7,2024-09-13,20729.59,0
18,7,2024-09-20,21989.1,0
18,7,2024-09-27,21892.2,0
18,7,2024-10-04,19418.25,0
18,7,2024-10-11,22295.17,0
18,7,2024-10-18,22562.03,0
18,7,2024-10-25,20426.37,0
18,7,2024-11-01,24443.27,0
18,7,2024-11-08,22214.11,0
18,7,2024-11-15,19973.28,0
18,7,2024-11-22,24687.62,0
18,7,2024-11-29,27668.46,1
18,7,2024-12-06,21377.03,0
18,7,2024-12-13,23616.4,0
18,7,2024-12-20,21898.88,0
18,7,2024-12-27,30595.98,1
18,7,2025-01-03,22485.8,0
18,7,2025-01-10,25824.83,0
18,7,2025-01-17,21729.36,0
18,7,2025-01-24,24473.97,0
18,8,2023-02-03,24832.47,0
18,8,2023-02-10,24800.38,1
18,8,2023-02-17,27410.85,0
18,8,2023-02-24,22714.19,0
18,8,2023-03-03,27376.94,0
18,8,2023-03-10,23891.56,0
18,8,2023-03-17,25764.4,0
18,8,2023-03-24,24225.29,0
18,8,2023-03-31,26687.7,0
18,8,2023-04-07,26365.31,0
18,8,2023-04-14,31481.73,0
18,8,2023-04-21,28523.3,0
18,8,2023-04-28,29078.11,0
18,8,2023-05-05,25658.82,0
18,8,2023-05-12,29840.6,0
18,8,2023-05-19,31837.18,0
18,8,2023-05-26,30034.8,0
18,8,2023-06-02,25035.45,0
18,8,2023-06-09,26789.35,0
18,8,2023-06-16,27876.31,0
18,8,2023-06-23,26150.63,0
18,8,2023-06-30,32671.32,0
18,8,2023-07-07,25852.53,0
18,8,2023-07-14,26499.78,0
18,8,2023-07-21,25015.39,0
18,8,2023-07-28,26431.59,0
18,8,2023-08-04,28450.58,0
18,8,2023-08-11,25515.81,0
18,8,2023-08-18,24516.53,0
18,8,2023-08-25,22517.37,0
18,8,2023-09-01,26681.41,0
18,8,2023-09-08,25887.16,1
18,8,2023-09-15,19333.1,0
18,8,2023-09-22,23312.52,0
18,8,2023-09-29,22604.89,0
18,8,2023-10-06,19805.03,0
18,8,2023-10-13,24898.14,0
18,8,2023-10-20,22007.71,0
18,8,2023-10-27,26438.13,0
18,8,2023-11-03,25565.36,0
18,8,2023-11-10,21696.09,0
18,8,2023-11-17,25655.93,0
18,8,2023-11-24,31412.98,1
18,8,2023-12-01,21519.63,0
18,8,2023-12-08,19603.19,0
18,8,2023-12-15,24685.27,0
18,8,2023-12-22,22370.87,0
18,8,2023-12-29,31827.38,1
18,8,2024-01-05,23400.45,0
18,8,2024-01-12,24203.58,0
18,8,2024-01-19,23067.03,0
18,8,2024-01-26,24982.29,0
18,8,2024-02-02,25012.88,0
18,8,2024-02-09,26970.56,1
18,8,2024-02-16,27647.25,0
18,8,2024-02-23,25441.34,0
18,8,2024-03-01,30702.55,0
18,8,2024-03-08,28223.59,0
18,8,2024-03-15,32411.46,0
18,8,2024-03-22,29812.79,0
18,8,2024-03-29,29692.41,0
18,8,2024-04-05,28602.18,0
18,8,2024-04-12,31447.01,0
18,8,2024-04-19,30211.12,0
18,8,2024-04-26,32319.03,0
18,8,2024-05-03,34197.78,0
18,8,2024-05-10,28561.53,0
18,8,2024-05-17,31782.19,0
18,8,2024-05-24,31634.1,0
18,8,2024-05-31,31201.96,0
18,8,2024-06-07,28898.09,0
18,8,2024-06-14,28750.08,0
18,8,2024-06-21,28115.11,0
18,8,2024-06-28,27809.34,0
18,8,2024-07-05,26976.68,0
18,8,2024-07-12,28357.94,0
18,8,2024-07-19,26542.56,0
18,8,2024-07-26,28874.01,0
18,8,2024-08-02,27666.24,0
18,8,2024-08-09,27546.56,0
18,8,2024-08-16,26234.85,0
18,8,2024-08-23,26620.98,0
18,8,2024-08-30,25627.29,0
18,8,2024-09-06,31996.98,1
18,8,2024-09-13,26321.13,0
18,8,2024-09-20,22658.27,0
18,8,2024-09-27,26516.67,0
18,8,2024-10-04,23797.33,0
18,8,2024-10-11,22970.56,0
18,8,2024-10-18,22441.84,0
18,8,2024-10-25,22249.07,0
18,8,2024-11-01,23709.15,0
18,8,2024-11-08,27679.27,0
18,8,2024-11-15,23544.53,0
18,8,2024-11-22,20561.88,0
18,8,2024-11-29,32824.13,1
18,8,2024-12-06,27077.9,0
18,8,2024-12-13,24840.63,0
18,8,2024-12-20,25459.43,0
18,8,2024-12-27,33605.86,1
18,8,2025-01-03,24103.61,0
18,8,2025-01-10,24792.74,0
18,8,2025-01-17,23672.22,0
18,8,2025-01-24,33896.0,0
18,9,2023-02-03,12911.81,0
18,9,2023-02-10,15409.39,1
18,9,2023-02-17,13700.74,0
18,9,2023-02-24,13269.5,0
18,9,2023-03-03,14755.69,0
18,9,2023-03-10,14535.48,0
18,9,2023-03-17,16076.51,0
18,9,2023-03-24,16268.51,0
18,9,2023-03-31,14693.47,0
18,9,2023-04-07,13758.5,0
18,9,2023-04-14,14157.03,0
18,9,2023-04-21,12866.27,0
18,9,2023-04-28,15453.6,0
18,9,2023-05-05,15821.23,0
18,9,2023-05-12,14398.25,0
18,9,2023-05-19,14232.71,0
18,9,2023-05-26,15775.01,0
18,9,2023-06-02,14938.44,0
18,9,2023-06-09,15383.53,0
18,9,2023-06-16,15088.81,0
18,9,2023-06-23,15728.67,0
18,9,2023-06-30,14590.03,0
18,9,2023-07-07,14534.22,0
18,9,2023-07-14,12706.17,0
18,9,2023-07-21,14721.39,0
18,9,2023-07-28,14700.79,0
18,9,2023-08-04,14205.04,0
18,9,2023-08-11,16397.17,0
18,9,2023-08-18,14219.27,0
18,9,2023-08-25,13683.01,0
18,9,2023-09-01,14231.33,0
18,9,2023-09-08,18120.15,1
18,9,2023-09-15,10998.43,0
18,9,2023-09-22,13706.04,0
18,9,2023-09-29,12212.76,0
18,9,2023-10-06,11039.64,0
18,9,2023-10-13,14740.21,0
18,9,2023-10-20,14465.91,0
18,9,2023-10-27,11978.12,0
18,9,2023-11-03,11989.96,0
18,9,2023-11-10,13115.8,0
18,9,2023-11-17,12085.59,0
18,9,2023-11-24,16725.0,1
18,9,2023-12-01,12772.19,0
18,9,2023-12-08,11827.32,0
18,9,2023-12-15,14366.76,0
18,9,2023-12-22,14960.36,0
18,9,2023-12-29,16668.4,1
18,9,2024-01-05,14745.04,0
18,9,2024-01-12,14257.0,0
18,9,2024-01-19,16484.68,0
18,9,2024-01-26,13164.51,0
18,9,2024-02-02,15980.52,0
18,9,2024-02-09,15049.38,1
18,9,2024-02-16,14039.55,0
18,9,2024-02-23,18465.76,0
18,9,2024-03-01,18901.1,0
18,9,2024-03-08,15813.63,0
18,9,2024-03-15,16854.28,0
18,9,2024-03-22,15832.21,0
18,9,2024-03-29,16197.83,0
18,9,2024-04-05,15229.27,0
18,9,2024-04-12,15132.88,0
18,9,2024-04-19,19448.65,0
18,9,2024-04-26,16958.42,0
18,9,2024-05-03,17116.76,0
18,9,2024-05-10,15951.69,0
18,9,2024-05-17,17300.14,0
18,9,2024-05-24,14953.51,0
18,9,2024-05-31,15882.62,0
18,9,2024-06-07,15222.52,0
18,9,2024-06-14,18454.27,0
18,9,2024-06-21,14397.31,0
18,9,2024-06-28,14886.01,0
18,9,2024-07-05,13602.97,0
18,9,2024-07-12,14940.49,0
18,9,2024-07-19,15309.48,0
18,9,2024-07-26,16922.32,0
18,9,2024-08-02,15216.54,0
18,9,2024-08-09,14785.93,0
18,9,2024-08-16,15449.18,0
18,9,2024-08-23,14364.55,0
18,9,2024-08-30,17541.6,0
18,9,2024-09-06,16407.24,1
18,9,2024-09-13,15324.16,0
18,9,2024-09-20,13527.12,0
18,9,2024-09-27,14298.43,0
18,9,2024-10-04,13451.48,0
18,9,2024-10-11,14243.72,0
18,9,2024-10-18,14001.01,0
18,9,2024-10-25,13710.52,0
18,9,2024-11-01,12588.39,0
18,9,2024-11-08,15975.62,0
18,9,2024-11-15,14617.39,0
18,9,2024-11-22,12263.49,0
18,9,2024-11-29,16527.94,1
18,9,2024-12-06,15171.0,0
18,9,2024-12-13,14434.76,0
18,9,2024-12-20,14646.67,0
18,9,2024-12-27,18730.3,1
18,9,2025-01-03,16008.3,0
18,9,2025-01-10,16582.13,0
18,9,2025-01-17,16583.44,0
18,9,2025-01-24,13820.68,0
18,10,2023-02-03,16698.61,0
18,10,2023-02-10,17570.99,1
18,10,2023-02-17,16462.01,0
18,10,2023-02-24,15395.79,0
18,10,2023-03-03,16150.55,0
18,10,2023-03-10,20431.06,0
18,10,2023-03-17,16704.58,0
18,10,2023-03-24,18738.56,0
18,10,2023-03-31,18612.81,0
18,10,2023-04-07,18771.46,0
18,10,2023-04-14,18646.07,0
18,10,2023-04-21,20452.82,0
18,10,2023-04-28,19366.77,0
18,10,2023-05-05,18386.55,0
18,10,2023-05-12,19448.22,0
18,10,2023-05-19,17374.02,0
18,10,2023-05-26,20040.47,0
18,10,2023-06-02,18182.69,0
18,10,2023-06-09,18174.02,0
18,10,2023-06-16,19779.89,0
18,10,2023-06-23,18234.67,0
18,10,2023-06-30,18152.4,0
18,10,2023-07-07,20213.75,0
18,10,2023-07-14,16858.66,0
18,10,2023-07-21,18785.85,0
18,10,2023-07-28,19196.28,0
18,10,2023-08-04,19256.21,0
18,10,2023-08-11,20409.05,0
18,10,2023-08-18,16274.39,0
18,10,2023-08-25,15759.76,0
18,10,2023-09-01,17819.45,0
18,10,2023-09-08,20906.98,1
18,10,2023-09-15,16985.2,0
18,10,2023-09-22,19721.01,0
18,10,2023-09-29,16190.52,0
18,10,2023-10-06,17123.28,0
18,10,2023-10-13,17862.49,0
18,10,2023-10-20,18973.32,0
18,10,2023-10-27,16093.05,0
18,10,2023-11-03,17372.3,0
18,10,2023-11-10,14829.22,0
18,10,2023-11-17,15928.65,0
18,10,2023-11-24,25307.41,1
18,10,2023-12-01,14058.87,0
18,10,2023-12-08,16845.49,0
18,10,2023-12-15,17062.36,0
18,10,2023-12-22,15288.84,0
18,10,2023-12-29,33667.14,1
18,10,2024-01-05,17511.25,0
18,10,2024-01-12,16843.81,0
18,10,2024-01-19,17850.45,0
18,10,2024-01-26,19276.53,0
18,10,2024-02-02,19380.3,0
18,10,2024-02-09,19614.47,1
18,10,2024-02-16,19725.14,0
18,10,2024-02-23,17182.44,0
18,10,2024-03-01,21160.35,0
18,10,2024-03-08,17987.45,0
18,10,2024-03-15,19723.22,0
18,10,2024-03-22,19543.3,0
18,10,2024-03-29,20869.94,0
18,10,2024-04-05,19674.25,0
18,10,2024-04-12,20344.95,0
18,10,2024-04-19,23397.25,0
18,10,2024-04-26,18637.02,0
18,10,2024-05-03,20832.06,0
18,10,2024-05-10,18990.13,0
18,10,2024-05-17,21951.71,0
18,10,2024-05-24,19568.06,0
18,10,2024-05-31,20756.76,0
18,10,2024-06-07,18399.68,0
18,10,2024-06-14,22553.02,0
18,10,2024-06-21,20394.33,0
18,10,2024-06-28,20310.58,0
18,10,2024-07-05,21201.52,0
18,10,2024-07-12,17692.18,0
18,10,2024-07-19,18469.93,0
18,10,2024-07-26,19443.31,0
18,10,2024-08-02,16265.31,0
18,10,2024-08-09,16212.06,0
18,10,2024-08-16,17228.39,0
18,10,2024-08-23,16540.16,0
18,10,2024-08-30,17479.94,0
18,10,2024-09-06,20581.76,1
18,10,2024-09-13,20111.01,0
18,10,2024-09-20,17364.08,0
18,10,2024-09-27,17460.67,0
18,10,2024-10-04,17092.84,0
18,10,2024-10-11,17472.02,0
18,10,2024-10-18,17516.27,0
18,10,2024-10-25,18197.7,0
18,10,2024-11-01,18198.35,0
18,10,2024-11-08,17698.3,0
18,10,2024-11-15,19126.84,0
18,10,2024-11-22,17207.74,0
18,10,2024-11-29,31305.25,1
18,10,2024-12-06,17328.86,0
18,10,2024-12-13,16141.17,0
18,10,2024-12-20,17017.51,0
18,10,2024-12-27,31441.95,1
18,10,2025-01-03,18927.56,0
18,10,2025-01-10,16043.82,0
18,10,2025-01-17,17989.9,0
18,10,2025-01-24,22103.04,0
19,1,2023-02-03,22064.65,0
19,1,2023-02-10,24535.49,1
19,1,2023-02-17,22172.52,0
19,1,2023-02-24,21973.19,0
19,1,2023-03-03,20888.74,0
19,1,2023-03-10,21713.51,0
19,1,2023-03-17,22019.31,0
19,1,2023-03-24,20378.43,0
19,1,2023-03-31,20884.56,0
19,1,2023-04-07,23176.2,0
19,1,2023-04-14,22104.96,0
19,1,2023-04-21,23266.87,0
19,1,2023-04-28,20857.74,0
19,1,2023-05-05,25523.47,0
19,1,2023-05-12,27997.27,0
19,1,2023-05-19,25952.6,0
19,1,2023-05-26,26087.72,0
19,1,2023-06-02,25024.58,0
19,1,2023-06-09,24207.66,0
19,1,2023-06-16,23708.55,0
19,1,2023-06-23,21649.27,0
19,1,2023-06-30,24422.77,0
19,1,2023-07-07,24065.56,0
19,1,2023-07-14,21816.54,0
19,1,2023-07-21,23329.57,0
19,1,2023-07-28,20881.86,0
19,1,2023-08-04,20725.09,0
19,1,2023-08-11,22876.62,0
19,1,2023-08-18,21992.21,0
19,1,2023-08-25,20597.89,0
19,1,2023-09-01,20150.92,0
19,1,2023-09-08,23661.9,1
19,1,2023-09-15,19034.43,0
19,1,2023-09-22,18035.06,0
19,1,2023-09-29,19916.15,0
19,1,2023-10-06,21480.81,0
19,1,2023-10-13,20406.76,0
19,1,2023-10-20,18787.23,0
19,1,2023-10-27,18453.04,0
19,1,2023-11-03,18386.88,0
19,1,2023-11-10,22751.82,0
19,1,2023-11-17,19807.43,0
19,1,2023-11-24,27493.29,1
19,1,2023-12-01,18097.12,0
19,1,2023-12-08,20109.93,0
19,1,2023-12-15,19596.65,0
19,1,2023-12-22,20888.84,0
19,1,2023-12-29,27884.86,1
19,1,2024-01-05,18083.44,0
19,1,2024-01-12,19681.68,0
19,1,2024-01-19,21758.49,0
19,1,2024-01-26,21131.94,0
19,1,2024-02-02,22082.7,0
19,1,2024-02-09,26957.19,1
19,1,2024-02-16,21445.41,0
19,1,2024-02-23,22294.13,0
19,1,2024-03-01,24410.47,0
19,1,2024-03-08,25416.7,0
19,1,2024-03-15,24779.19,0
19,1,2024-03-22,26355.95,0
19,1,2024-03-29,20784.75,0
19,1,2024-04-05,24175.46,0
19,1,2024-04-12,27358.96,0
19,1,2024-04-19,23895.14,0
19,1,2024-04-26,23704.15,0
19,1,2024-05-03,25560.11,0
19,1,2024-05-10,25800.24,0
19,1,2024-05-17,24706.83,0
19,1,2024-05-24,29543.52,0
19,1,2024-05-31,26231.21,0
19,1,2024-06-07,23662.14,0
19,1,2024-06-14,22414.07,0
19,1,2024-06-21,25942.36,0
19,1,2024-06-28,23049.85,0
19,1,2024-07-05,28882.64,0
19,1,2024-07-12,25198.05,0
19,1,2024-07-19,25151.46,0
19,1,2024-07-26,24244.4,0
19,1,2024-08-02,25569.36,0
19,1,2024-08-09,18718.42,0
19,1,2024-08-16,20651.7,0
19,1,2024-08-23,24422.18,0
19,1,2024-08-30,24948.51,0
19,1,2024-09-06,21844.96,1
19,1,2024-09-13,22062.67,0
19,1,2024-09-20,22394.35,0
19,1,2024-09-27,21625.97,0
19,1,2024-10-04,21123.08,0
19,1,2024-10-11,17983.5,0
19,1,2024-10-18,20405.28,0
19,1,2024-10-25,20622.4,0
19,1,2024-11-01,20087.39,0
19,1,2024-11-08,17825.16,0
19,1,2024-11-15,22137.01,0
19,1,2024-11-22,22752.71,0
19,1,2024-11-29,25046.88,1
19,1,2024-12-06,20796.97,0
19,1,2024-12-13,21047.76,0
19,1,2024-12-20,23051.89,0
19,1,2024-12-27,30853.01,1
19,1,2025-01-03,24733.29,0
19,1,2025-01-10,22841.15,0
19,1,2025-01-17,28873.48,0
19,1,2025-01-24,26864.62,0
19,2,2023-02-03,12382.4,0
19,2,2023-02-10,13414.03,1
19,2,2023-02-17,11343.78,0
19,2,2023-02-24,13717.94,0
19,2,2023-03-03,15741.07,0
19,2,2023-03-10,17196.1,0
19,2,2023-03-17,14099.53,0
19,2,2023-03-24,14779.8,0
19,2,2023-03-31,15237.55,0
19,2,2023-04-07,16975.54,0
19,2,2023-04-14,13594.87,0
19,2,2023-04-21,17985.68,0
19,2,2023-04-28,14513.2,0
19,2,2023-05-05,13527.4,0
19,2,2023-05-12,14558.13,0
19,2,2023-05-19,13955.37,0
19,2,2023-05-26,15385.31,0
19,2,2023-06-02,12867.96,0
19,2,2023-06-09,14916.3,0
19,2,2023-06-16,15428.78,0
19,2,2023-06-23,16258.12,0
19,2,2023-06-30,15185.5,0
19,2,2023-07-07,15875.68,0
19,2,2023-07-14,13413.85,0
19,2,2023-07-21,14369.29,0
19,2,2023-07-28,11303.5,0
19,2,2023-08-04,13456.5,0
19,2,2023-08-11,13817.93,0
19,2,2023-08-18,13733.47,0
19,2,2023-08-25,11414.33,0
19,2,2023-09-01,12494.5,0
19,2,2023-09-08,13402.69,1
19,2,2023-09-15,13339.23,0
19,2,2023-09-22,12268.87,0
19,2,2023-09-29,12478.91,0
19,2,2023-10-06,11813.48,0
19,2,2023-10-13,13272.54,0
19,2,2023-10-20,13299.44,0
19,2,2023-10-27,11869.63,0
19,2,2023-11-03,14951.46,0
19,2,2023-11-10,11456.02,0
19,2,2023-11-17,13245.56,0
19,2,2023-11-24,19083.7,1
19,2,2023-12-01,13126.65,0
19,2,2023-12-08,11540.86,0
19,2,2023-12-15,12566.9,0
19,2,2023-12-22,14782.22,0
19,2,2023-12-29,22568.4,1
19,2,2024-01-05,13585.37,0
19,2,2024-01-12,13388.76,0
19,2,2024-01-19,11757.34,0
19,2,2024-01-26,14786.21,0
19,2,2024-02-02,14103.19,0
19,2,2024-02-09,15577.8,1
19,2,2024-02-16,14804.56,0
19,2,2024-02-23,14827.06,0
19,2,2024-03-01,15404.47,0
19,2,2024-03-08,13957.99,0
19,2,2024-03-15,17250.2,0
19,2,2024-03-22,15039.58,0
19,2,2024-03-29,15199.9,0
19,2,2024-04-05,17414.08,0
19,2,2024-04-12,16203.49,0
19,2,2024-04-19,15670.43,0
19,2,2024-04-26,16562.62,0
19,2,2024-05-03,16870.95,0
19,2,2024-05-10,15923.56,0
19,2,2024-05-17,17245.14,0
19,2,2024-05-24,14391.59,0
19,2,2024-05-31,16290.14,0
19,2,2024-06-07,16885.34,0
19,2,2024-06-14,16545.7,0
19,2,2024-06-21,12831.59,0
19,2,2024-06-28,15333.5,0
19,2,2024-07-05,13842.22,0
19,2,2024-07-12,16719.15,0
19,2,2024-07-19,14510.64,0
19,2,2024-07-26,16181.15,0
19,2,2024-08-02,13178.35,0
19,2,2024-08-09,14858.26,0
19,2,2024-08-16,14227.69,0
19,2,2024-08-23,17138.37,0
19,2,2024-08-30,15165.77,0
19,2,2024-09-06,17603.4,1
19,2,2024-09-13,13853.86,0
19,2,2024-09-20,13306.61,0
19,2,2024-09-27,13072.17,0
19,2,2024-10-04,13552.58,0
19,2,2024-10-11,10224.76,0
19,2,2024-10-18,13091.75,0
19,2,2024-10-25,13304.98,0
19,2,2024-11-01,12909.17,0
19,2,2024-11-08,11497.73,0
19,2,2024-11-15,13000.87,0
19,2,2024-11-22,11615.69,0
19,2,2024-11-29,30989.62,1
19,2,2024-12-06,11252.28,0
19,2,2024-12-13,13402.38,0
19,2,2024-12-20,14787.43,0
19,2,2024-12-27,25111.38,1
19,2,2025-01-03,13422.83,0
19,2,2025-01-10,14079.65,0
19,2,2025-01-17,14122.75,0
19,2,2025-01-24,13373.17,0
19,3,2023-02-03,10214.21,0
19,3,2023-02-10,9320.63,1
19,3,2023-02-17,11400.88,0
19,3,2023-02-24,11676.5,0
19,3,2023-03-03,10032.13,0
19,3,2023-03-10,10418.45,0
19,3,2023-03-17,10808.18,0
19,3,2023-03-24,11281.19,0
19,3,2023-03-31,11654.02,0
19,3,2023-04-07,11940.87,0
19,3,2023-04-14,12001.19,0
19,3,2023-04-21,13104.39,0
19,3,2023-04-28,11756.51,0
19,3,2023-05-05,10504.53,0
19,3,2023-05-12,10223.85,0
19,3,2023-05-19,13258.57,0
19,3,2023-05-26,12173.04,0
19,3,2023-06-02,11843.08,0
19,3,2023-06-09,12004.91,0
19,3,2023-06-16,11658.76,0
19,3,2023-06-23,11815.31,0
19,3,2023-06-30,10978.08,0
19,3,2023-07-07,12145.74,0
19,3,2023-07-14,10611.06,0
19,3,2023-07-21,10154.08,0
19,3,2023-07-28,9346.87,0
19,3,2023-08-04,10467.34,0
19,3,2023-08-11,11598.97,0
19,3,2023-08-18,10013.48,0
19,3,2023-08-25,9128.9,0
19,3,2023-09-01,10364.3,0
19,3,2023-09-08,10088.32,1
19,3,2023-09-15,10757.88,0
19,3,2023-09-22,8812.6,0
19,3,2023-09-29,9592.23,0
19,3,2023-10-06,9076.71,0
19,3,2023-10-13,8717.63,0
19,3,2023-10-20,9533.9,0
19,3,2023-10-27,10187.92,0
19,3,2023-11-03,9503.53,0
19,3,2023-11-10,9193.19,0
19,3,2023-11-17,7931.29,0
19,3,2023-11-24,17090.76,1
19,3,2023-12-01,8721.63,0
19,3,2023-12-08,10878.73,0
19,3,2023-12-15,9512.36,0
19,3,2023-12-22,10261.36,0
19,3,2023-12-29,18561.19,1
19,3,2024-01-05,10761.38,0
19,3,2024-01-12,10050.47,0
19,3,2024-01-19,10008.33,0
19,3,2024-01-26,8824.33,0
19,3,2024-02-02,12224.53,0
19,3,2024-02-09,11252.08,1
19,3,2024-02-16,12431.41,0
19,3,2024-02-23,12165.1,0
19,3,2024-03-01,12793.56,0
19,3,2024-03-08,11370.32,0
19,3,2024-03-15,10728.31,0
19,3,2024-03-22,12926.03,0
19,3,2024-03-29,12427.63,0
19,3,2024-04-05,11937.83,0
19,3,2024-04-12,13226.06,0
19,3,2024-04-19,12859.23,0
19,3,2024-04-26,13240.34,0
19,3,2024-05-03,11591.07,0
19,3,2024-05-10,13618.81,0
19,3,2024-05-17,12613.99,0
19,3,2024-05-24,13679.51,0
19,3,2024-05-31,13507.92,0
19,3,2024-06-07,13153.37,0
19,3,2024-06-14,12274.06,0
19,3,2024-06-21,12981.68,0
19,3,2024-06-28,13252.56,0
19,3,2024-07-05,12630.67,0
19,3,2024-07-12,12104.32,0
19,3,2024-07-19,12439.27,0
19,3,2024-07-26,11132.84,0
19,3,2024-08-02,12860.7,0
19,3,2024-08-09,9797.42,0
19,3,2024-08-16,11202.55,0
19,3,2024-08-23,10669.29,0
19,3,2024-08-30,10331.44,0
19,3,2024-09-06,12134.11,1
19,3,2024-09-13,12475.89,0
19,3,2024-09-20,9399.09,0
19,3,2024-09-27,9654.27,0
19,3,2024-10-04,9508.31,0
19,3,2024-10-11,10484.86,0
19,3,2024-10-18,11119.18,0
19,3,2024-10-25,10699.69,0
19,3,2024-11-01,11480.77,0
19,3,2024-11-08,9613.44,0
19,3,2024-11-15,10883.73,0
19,3,2024-11-22,10150.41,0
19,3,2024-11-29,19152.31,1
19,3,2024-12-06,9154.86,0
19,3,2024-12-13,12412.81,0
19,3,2024-12-20,10716.08,0
19,3,2024-12-27,19034.29,1
19,3,2025-01-03,11242.86,0
19,3,2025-01-10,10694.62,0
19,3,2025-01-17,9616.75,0
19,3,2025-01-24,11775.41,0
19,4,2023-02-03,7917.36,0
19,4,2023-02-10,8981.54,1
19,4,2023-02-17,7928.74,0
19,4,2023-02-24,10391.51,0
19,4,2023-03-03,9291.03,0
19,4,2023-03-10,9184.98,0
19,4,2023-03-17,9609.05,0
19,4,2023-03-24,7904.98,0
19,4,2023-03-31,8971.67,0
19,4,2023-04-07,10764.61,0
19,4,2023-04-14,9242.55,0
19,4,2023-04-21,9488.39,0
19,4,2023-04-28,9215.48,0
19,4,2023-05-05,10718.41,0
19,4,2023-05-12,9413.05,0
19,4,2023-05-19,8631.94,0
19,4,2023-05-26,11543.84,0
19,4,2023-06-02,8483.78,0
19,4,2023-06-09,9407.74,0
19,4,2023-06-16,8783.97,0
19,4,2023-06-23,8818.86,0
19,4,2023-06-30,8473.07,0
19,4,2023-07-07,8767.98,0
19,4,2023-07-14,9775.7,0
19,4,2023-07-21,7592.42,0
19,4,2023-07-28,9735.73,0
19,4,2023-08-04,9490.37,0
19,4,2023-08-11,8967.26,0
19,4,2023-08-18,8589.82,0
19,4,2023-08-25,8580.72,0
19,4,2023-09-01,9235.08,0
19,4,2023-09-08,8115.33,1
19,4,2023-09-15,7621.29,0
19,4,2023-09-22,8556.58,0
19,4,2023-09-29,7568.22,0
19,4,2023-10-06,8350.94,0
19,4,2023-10-13,6888.56,0
19,4,2023-10-20,6774.55,0
19,4,2023-10-27,7752.7,0
19,4,2023-11-03,8725.63,0
19,4,2023-11-10,8182.26,0
19,4,2023-11-17,8213.62,0
19,4,2023-11-24,10356.03,1
19,4,2023-12-01,8384.68,0
19,4,2023-12-08,7698.15,0
19,4,2023-12-15,7958.93,0
19,4,2023-12-22,8141.96,0
19,4,2023-12-29,9518.11,1
19,4,2024-01-05,8331.98,0
19,4,2024-01-12,8147.35,0
19,4,2024-01-19,8674.63,0
19,4,2024-01-26,9025.21,0
19,4,2024-02-02,8260.92,0
19,4,2024-02-09,9509.03,1
19,4,2024-02-16,8974.94,0
19,4,2024-02-23,9633.14,0
19,4,2024-03-01,9104.46,0
19,4,2024-03-08,10561.46,0
19,4,2024-03-15,10614.55,0
19,4,2024-03-22,9130.87,0
19,4,2024-03-29,10485.9,0
19,4,2024-04-05,11319.74,0
19,4,2024-04-12,9439.6,0
19,4,2024-04-19,9554.28,0
19,4,2024-04-26,10912.26,0
19,4,2024-05-03,9248.29,0
19,4,2024-05-10,9691.6,0
19,4,2024-05-17,9486.3,0
19,4,2024-05-24,10914.36,0
19,4,2024-05-31,9689.19,0
19,4,2024-06-07,9969.46,0
19,4,2024-06-14,9525.9,0
19,4,2024-06-21,10974.31,0
19,4,2024-06-28,9273.47,0
19,4,2024-07-05,8745.95,0
19,4,2024-07-12,8617.59,0
19,4,2024-07-19,10163.57,0
19,4,2024-07-26,10091.17,0
19,4,2024-08-02,10323.09,0
19,4,2024-08-09,8327.92,0
19,4,2024-08-16,8971.49,0
19,4,2024-08-23,10774.45,0
19,4,2024-08-30,8694.33,0
19,4,2024-09-06,9307.52,1
19,4,2024-09-13,9077.56,0
19,4,2024-09-20,8976.93,0
19,4,2024-09-27,8129.33,0
19,4,2024-10-04,8092.39,0
19,4,2024-10-11,8244.15,0
19,4,2024-10-18,7923.09,0
19,4,2024-10-25,7570.94,0
19,4,2024-11-01,9618.98,0
19,4,2024-11-08,8148.78,0
19,4,2024-11-15,8222.08,0
19,4,2024-11-22,8294.29,0
19,4,2024-11-29,10319.47,1
19,4,2024-12-06,8340.77,0
19,4,2024-12-13,9559.06,0
19,4,2024-12-20,9295.02,0
19,4,2024-12-27,11655.5,1
19,4,2025-01-03,9915.94,0
19,4,2025-01-10,9143.69,0
19,4,2025-01-17,8474.35,0
19,4,2025-01-24,10341.34,0
19,5,2023-02-03,5276.19,0
19,5,2023-02-10,6086.66,1
19,5,2023-02-17,4617.27,0
19,5,2023-02-24,5693.31,0
19,5,2023-03-03,6501.66,0
19,5,2023-03-10,6030.88,0
19,5,2023-03-17,6393.84,0
19,5,2023-03-24,5723.81,0
19,5,2023-03-31,6402.01,0
19,5,2023-04-07,6282.43,0
19,5,2023-04-14,6446.75,0
19,5,2023-04-21,7394.73,0
19,5,2023-04-28,7047.87,0
19,5,2023-05-05,6801.48,0
19,5,2023-05-12,6812.63,0
19,5,2023-05-19,5929.94,0
19,5,2023-05-26,6139.22,0
19,5,2023-06-02,5575.75,0
19,5,2023-06-09,5679.06,0
19,5,2023-06-16,5833.51,0
19,5,2023-06-23,6214.34,0
19,5,2023-06-30,5567.15,0
19,5,2023-07-07,6090.09,0
19,5,2023-07-14,5967.08,0
19,5,2023-07-21,5428.29,0
19,5,2023-07-28,6615.37,0
19,5,2023-08-04,5203.43,0
19,5,2023-08-11,6257.7,0
19,5,2023-08-18,4646.91,0
19,5,2023-08-25,5532.94,0
19,5,2023-09-01,4997.74,0
19,5,2023-09-08,6113.32,1
19,5,2023-09-15,5253.43,0
19,5,2023-09-22,4878.08,0
19,5,2023-09-29,5512.93,0
19,5,2023-10-06,5119.35,0
19,5,2023-10-13,5304.91,0
19,5,2023-10-20,4841.54,0
19,5,2023-10-27,4854.63,0
19,5,2023-11-03,4889.05,0
19,5,2023-11-10,5564.53,0
19,5,2023-11-17,5158.05,0
19,5,2023-11-24,9125.4,1
19,5,2023-12-01,5363.28,0
19,5,2023-12-08,5628.62,0
19,5,2023-12-15,5232.9,0
19,5,2023-12-22,5477.48,0
19,5,2023-12-29,11395.53,1
19,5,2024-01-05,6072.12,0
19,5,2024-01-12,5765.09,0
19,5,2024-01-19,5333.7,0
19,5,2024-01-26,5416.0,0
19,5,2024-02-02,5990.59,0
19,5,2024-02-09,5864.45,1
19,5,2024-02-16,6605.37,0
19,5,2024-02-23,6176.83,0
19,5,2024-03-01,6566.27,0
19,5,2024-03-08,6054.17,0
19,5,2024-03-15,6561.47,0
19,5,2024-03-22,7344.46,0
19,5,2024-03-29,6629.33,0
19,5,2024-04-05,6464.68,0
19,5,2024-04-12,6339.03,0
19,5,2024-04-19,6835.11,0
19,5,2024-04-26,7645.45,0
19,5,2024-05-03,6134.45,0
19,5,2024-05-10,6862.1,0
19,5,2024-05-17,5939.2,0
19,5,2024-05-24,6640.25,0
19,5,2024-05-31,6982.01,0
19,5,2024-06-07,5941.28,0
19,5,2024-06-14,6514.62,0
19,5,2024-06-21,6856.29,0
19,5,2024-06-28,6708.38,0
19,5,2024-07-05,6748.7,0
19,5,2024-07-12,5990.49,0
19,5,2024-07-19,6568.47,0
19,5,2024-07-26,6034.78,0
19,5,2024-08-02,6614.5,0
19,5,2024-08-09,5033.42,0
19,5,2024-08-16,5952.53,0
19,5,2024-08-23,6062.54,0
19,5,2024-08-30,6581.11,0
19,5,2024-09-06,6660.27,1
19,5,2024-09-13,5979.97,0
19,5,2024-09-20,6324.87,0
19,5,2024-09-27,5525.59,0
19,5,2024-10-04,5024.52,0
19,5,2024-10-11,4911.48,0
19,5,2024-10-18,5907.78,0
19,5,2024-10-25,5700.53,0
19,5,2024-11-01,5487.46,0
19,5,2024-11-08,5352.04,0
19,5,2024-11-15,5720.98,0
19,5,2024-11-22,5769.58,0
19,5,2024-11-29,9764.79,1
19,5,2024-12-06,4960.28,0
19,5,2024-12-13,5413.54,0
19,5,2024-12-20,5274.62,0
19,5,2024-12-27,9462.48,1
19,5,2025-01-03,4979.53,0
19,5,2025-01-10,6407.92,0
19,5,2025-01-17,6728.44,0
19,5,2025-01-24,6877.09,0
19,6,2023-02-03,7157.4,0
19,6,2023-02-10,7865.23,1
19,6,2023-02-17,8255.57,0
19,6,2023-02-24,7155.61,0
19,6,2023-03-03,7703.17,0
19,6,2023-03-10,8304.61,0
19,6,2023-03-17,7101.37,0
19,6,2023-03-24,7560.08,0
19,6,2023-03-31,7396.13,0
19,6,2023-04-07,8140.2,0
19,6,2023-04-14,6704.27,0
19,6,2023-04-21,8860.27,0
19,6,2023-04-28,8317.94,0
19,6,2023-05-05,8372.62,0
19,6,2023-05-12,6488.12,0
19,6,2023-05-19,7328.66,0
19,6,2023-05-26,8925.53,0
19,6,2023-06-02,7830.89,0
19,6,2023-06-09,6811.55,0
19,6,2023-06-16,7987.67,0
19,6,2023-06-23,8209.11,0
19,6,2023-06-30,8043.06,0
19,6,2023-07-07,7544.65,0
19,6,2023-07-14,8237.96,0
19,6,2023-07-21,7043.4,0
19,6,2023-07-28,7688.18,0
19,6,2023-08-04,7353.76,0
19,6,2023-08-11,7103.85,0
19,6,2023-08-18,6871.79,0
19,6,2023-08-25,6803.48,0
19,6,2023-09-01,6926.97,0
19,6,2023-09-08,7485.33,1
19,6,2023-09-15,6464.65,0
19,6,2023-09-22,7527.81,0
19,6,2023-09-29,6324.33,0
19,6,2023-10-06,7071.46,0
19,6,2023-10-13,7057.03,0
19,6,2023-10-20,6616.24,0
19,6,2023-10-27,6559.58,0
19,6,2023-11-03,6141.95,0
19,6,2023-11-10,6267.6,0
19,6,2023-11-17,6682.18,0
19,6,2023-11-24,8099.1,1
19,6,2023-12-01,6419.47,0
19,6,2023-12-08,6515.01,0
19,6,2023-12-15,5897.29,0
19,6,2023-12-22,7244.3,0
19,6,2023-12-29,9495.07,1
19,6,2024-01-05,7673.62,0
19,6,2024-01-12,7651.13,0
19,6,2024-01-19,7797.2,0
19,6,2024-01-26,7791.29,0
19,6,2024-02-02,8009.67,0
19,6,2024-02-09,6538.15,1
19,6,2024-02-16,7101.55,0
19,6,2024-02-23,7103.74,0
19,6,2024-03-01,8827.85,0
19,6,2024-03-08,7610.37,0
19,6,2024-03-15,7807.51,0
19,6,2024-03-22,8310.81,0
19,6,2024-03-29,7551.68,0
19,6,2024-04-05,8712.27,0
19,6,2024-04-12,7061.3,0
19,6,2024-04-19,7750.69,0
19,6,2024-04-26,8725.11,0
19,6,2024-05-03,7752.04,0
19,6,2024-05-10,9507.05,0
19,6,2024-05-17,8635.49,0
19,6,2024-05-24,9359.34,0
19,6,2024-05-31,8792.58,0
19,6,2024-06-07,8493.33,0
19,6,2024-06-14,7770.57,0
19,6,2024-06-21,8998.27,0
19,6,2024-06-28,8591.35,0
19,6,2024-07-05,9582.89,0
19,6,2024-07-12,8659.53,0
19,6,2024-07-19,7769.24,0
19,6,2024-07-26,8107.29,0
19,6,2024-08-02,8085.48,0
19,6,2024-08-09,8436.68,0
19,6,2024-08-16,8422.65,0
19,6,2024-08-23,7421.27,0
19,6,2024-08-30,6702.84,0
19,6,2024-09-06,7086.17,1
19,6,2024-09-13,6913.41,0
19,6,2024-09-20,8050.52,0
19,6,2024-09-27,7990.73,0
19,6,2024-10-04,7618.21,0
19,6,2024-10-11,7729.69,0
19,6,2024-10-18,6615.3,0
19,6,2024-10-25,6152.0,0
19,6,2024-11-01,6439.05,0
19,6,2024-11-08,5876.54,0
19,6,2024-11-15,6421.04,0
19,6,2024-11-22,6805.88,0
19,6,2024-11-29,9266.23,1
19,6,2024-12-06,6821.01,0
19,6,2024-12-13,7632.74,0
19,6,2024-12-20,6995.82,0
19,6,2024-12-27,10249.48,1
19,6,2025-01-03,8265.56,0
19,6,2025-01-10,7732.69,0
19,6,2025-01-17,8267.41,0
19,6,2025-01-24,7191.84,0
19,7,2023-02-03,6626.49,0
19,7,2023-02-10,8283.12,1
19,7,2023-02-17,7373.27,0
19,7,2023-02-24,6159.96,0
19,7,2023-03-03,7058.26,0
19,7,2023-03-10,8039.0,0
19,7,2023-03-17,7662.66,0
19,7,2023-03-24,6339.23,0
19,7,2023-03-31,7163.37,0
19,7,2023-04-07,8050.32,0
19,7,2023-04-14,6895.53,0
19,7,2023-04-21,7203.59,0
19,7,2023-04-28,7214.42,0
19,7,2023-05-05,7802.56,0
19,7,2023-05-12,6549.21,0
19,7,2023-05-19,7834.63,0
19,7,2023-05-26,7072.17,0
19,7,2023-06-02,7407.33,0
19,7,2023-06-09,7241.92,0
19,7,2023-06-16,7676.76,0
19,7,2023-06-23,7254.77,0
19,7,2023-06-30,8030.45,0
19,7,2023-07-07,7691.6,0
19,7,2023-07-14,6599.99,0
19,7,2023-07-21,7725.74,0
19,7,2023-07-28,7054.2,0
19,7,2023-08-04,6882.45,0
19,7,2023-08-11,7156.36,0
19,7,2023-08-18,6063.3,0
19,7,2023-08-25,5808.84,0
19,7,2023-09-01,6461.4,0
19,7,2023-09-08,7038.73,1
19,7,2023-09-15,5918.52,0
19,7,2023-09-22,6262.83,0
19,7,2023-09-29,6285.33,0
19,7,2023-10-06,6753.08,0
19,7,2023-10-13,5628.76,0
19,7,2023-10-20,5308.34,0
19,7,2023-10-27,6763.71,0
19,7,2023-11-03,6126.71,0
19,7,2023-11-10,6497.48,0
19,7,2023-11-17,6548.99,0
19,7,2023-11-24,8401.03,1
19,7,2023-12-01,5894.84,0
19,7,2023-12-08,5275.91,0
19,7,2023-12-15,5844.4,0
19,7,2023-12-22,6462.27,0
19,7,2023-12-29,7811.29,1
19,7,2024-01-05,6641.83,0
19,7,2024-01-12,7438.76,0
19,7,2024-01-19,6793.11,0
19,7,2024-01-26,6305.13,0
19,7,2024-02-02,7762.19,0
19,7,2024-02-09,7516.67,1
19,7,2024-02-16,7114.55,0
19,7,2024-02-23,7436.34,0
19,7,2024-03-01,8413.28,0
19,7,2024-03-08,6758.35,0
19,7,2024-03-15,7024.88,0
19,7,2024-03-22,7550.1,0
19,7,2024-03-29,7739.33,0
19,7,2024-04-05,9559.15,0
19,7,2024-04-12,7380.12,0
19,7,2024-04-19,7152.99,0
19,7,2024-04-26,7415.81,0
19,7,2024-05-03,8182.36,0
19,7,2024-05-10,8354.27,0
19,7,2024-05-17,7575.83,0
19,7,2024-05-24,8023.44,0
19,7,2024-05-31,9219.47,0
19,7,2024-06-07,7957.0,0
19,7,2024-06-14,8083.2,0
19,7,2024-06-21,8998.66,0
19,7,2024-06-28,7312.68,0
19,7,2024-07-05,7197.46,0
19,7,2024-07-12,7295.08,0
19,7,2024-07-19,7173.09,0
19,7,2024-07-26,6318.17,0
19,7,2024-08-02,7380.51,0
19,7,2024-08-09,7329.02,0
19,7,2024-08-16,7003.62,0
19,7,2024-08-23,7156.38,0
19,7,2024-08-30,7072.95,0
19,7,2024-09-06,6935.18,1
19,7,2024-09-13,7075.8,0
19,7,2024-09-20,5849.79,0
19,7,2024-09-27,7428.01,0
19,7,2024-10-04,5950.31,0
19,7,2024-10-11,5969.82,0
19,7,2024-10-18,6650.39,0
19,7,2024-10-25,6813.44,0
19,7,2024-11-01,6942.71,0
19,7,2024-11-08,6845.23,0
19,7,2024-11-15,6305.76,0
19,7,2024-11-22,6677.6,0
19,7,2024-11-29,7508.53,1
19,7,2024-12-06,6774.92,0
19,7,2024-12-13,6538.53,0
19,7,2024-12-20,6707.84,0
19,7,2024-12-27,8040.56,1
19,7,2025-01-03,7265.4,0
19,7,2025-01-10,5875.56,0
19,7,2025-01-17,7783.2,0
19,7,2025-01-24,7404.32,0
19,8,2023-02-03,6909.14,0
19,8,2023-02-10,6965.81,1
19,8,2023-02-17,7282.15,0
19,8,2023-02-24,7238.87,0
19,8,2023-03-03,7426.83,0
19,8,2023-03-10,9131.44,0
19,8,2023-03-17,8377.36,0
19,8,2023-03-24,9564.98,0
19,8,2023-03-31,8454.98,0
19,8,2023-04-07,8762.12,0
19,8,2023-04-14,7837.48,0
19,8,2023-04-21,8362.78,0
19,8,2023-04-28,8453.49,0
19,8,2023-05-05,8951.36,0
19,8,2023-05-12,8500.39,0
19,8,2023-05-19,8766.42,0
19,8,2023-05-26,8721.02,0
19,8,2023-06-02,8267.91,0
19,8,2023-06-09,8154.56,0
19,8,2023-06-16,7923.71,0
19,8,2023-06-23,9024.23,0
19,8,2023-06-30,8030.25,0
19,8,2023-07-07,8359.97,0
19,8,2023-07-14,7954.48,0
19,8,2023-07-21,8636.67,0
19,8,2023-07-28,6610.79,0
19,8,2023-08-04,7948.28,0
19,8,2023-08-11,6890.08,0
19,8,2023-08-18,7795.37,0
19,8,2023-08-25,7374.67,0
19,8,2023-09-01,6498.14,0
19,8,2023-09-08,7882.25,1
19,8,2023-09-15,7071.28,0
19,8,2023-09-22,7074.86,0
19,8,2023-09-29,7166.0,0
19,8,2023-10-06,7687.98,0
19,8,2023-10-13,6813.2,0
19,8,2023-10-20,7529.36,0
19,8,2023-10-27,6933.35,0
19,8,2023-11-03,7678.31,0
19,8,2023-11-10,6842.73,0
19,8,2023-11-17,6631.12,0
19,8,2023-11-24,7600.1,1
19,8,2023-12-01,6654.96,0
19,8,2023-12-08,7981.8,0
19,8,2023-12-15,6751.12,0
19,8,2023-12-22,6943.24,0
19,8,2023-12-29,10600.05,1
19,8,2024-01-05,8002.31,0
19,8,2024-01-12,8326.87,0
19,8,2024-01-19,7748.45,0
19,8,2024-01-26,7882.06,0
19,8,2024-02-02,9347.29,0
19,8,2024-02-09,9285.32,1
19,8,2024-02-16,8780.31,0
19,8,2024-02-23,9175.35,0
19,8,2024-03-01,9134.88,0
19,8,2024-03-08,7824.65,0
19,8,2024-03-15,8736.94,0
19,8,2024-03-22,9921.07,0
19,8,2024-03-29,9460.59,0
19,8,2024-04-05,8972.65,0
19,8,2024-04-12,10175.38,0
19,8,2024-04-19,9396.83,0
19,8,2024-04-26,9714.82,0
19,8,2024-05-03,9455.86,0
19,8,2024-05-10,9583.84,0
19,8,2024-05-17,9627.02,0
19,8,2024-05-24,10106.04,0
19,8,2024-05-31,10160.71,0
19,8,2024-06-07,8740.96,0
19,8,2024-06-14,9262.82,0
19,8,2024-06-21,9842.5,0
19,8,2024-06-28,8758.48,0
19,8,2024-07-05,7843.36,0
19,8,2024-07-12,8033.02,0
19,8,2024-07-19,7984.41,0
19,8,2024-07-26,8142.27,0
19,8,2024-08-02,7844.72,0
19,8,2024-08-09,8910.96,0
19,8,2024-08-16,7945.01,0
19,8,2024-08-23,8829.06,0
19,8,2024-08-30,7203.69,0
19,8,2024-09-06,8425.57,1
19,8,2024-09-13,8242.78,0
19,8,2024-09-20,8366.04,0
19,8,2024-09-27,7272.35,0
19,8,2024-10-04,8146.17,0
19,8,2024-10-11,6496.19,0
19,8,2024-10-18,8000.98,0
19,8,2024-10-25,6666.22,0
19,8,2024-11-01,7736.71,0
19,8,2024-11-08,8163.44,0
19,8,2024-11-15,8052.9,0
19,8,2024-11-22,6573.7,0
19,8,2024-11-29,9693.44,1
19,8,2024-12-06,8124.62,0
19,8,2024-12-13,7959.05,0
19,8,2024-12-20,6496.34,0
19,8,2024-12-27,10608.44,1
19,8,2025-01-03,8216.49,0
19,8,2025-01-10,8385.05,0
19,8,2025-01-17,8700.96,0
19,8,2025-01-24,9491.01,0
19,9,2023-02-03,4285.47,0
19,9,2023-02-10,4203.14,1
19,9,2023-02-17,4467.18,0
19,9,2023-02-24,4395.83,0
19,9,2023-03-03,4462.25,0
19,9,2023-03-10,3882.59,0
19,9,2023-03-17,4767.81,0
19,9,2023-03-24,5060.3,0
19,9,2023-03-31,5052.9,0
19,9,2023-04-07,5068.77,0
19,9,2023-04-14,4722.63,0
19,9,2023-04-21,4823.73,0
19,9,2023-04-28,5242.57,0
19,9,2023-05-05,5130.03,0
19,9,2023-05-12,5371.29,0
19,9,2023-05-19,4538.18,0
19,9,2023-05-26,4524.9,0
19,9,2023-06-02,4639.37,0
19,9,2023-06-09,4383.15,0
19,9,2023-06-16,4211.28,0
19,9,2023-06-23,4846.79,0
19,9,2023-06-30,4777.34,0
19,9,2023-07-07,4672.18,0
19,9,2023-07-14,4659.38,0
19,9,2023-07-21,3953.2,0
19,9,2023-07-28,4252.04,0
19,9,2023-08-04,4262.63,0
19,9,2023-08-11,4324.9,0
19,9,2023-08-18,3755.44,0
19,9,2023-08-25,3885.91,0
19,9,2023-09-01,4000.73,0
19,9,2023-09-08,4926.44,1
19,9,2023-09-15,4383.76,0
19,9,2023-09-22,3973.87,0
19,9,2023-09-29,3979.77,0
19,9,2023-10-06,4109.77,0
19,9,2023-10-13,3875.55,0
19,9,2023-10-20,3721.96,0
19,9,2023-10-27,3445.52,0
19,9,2023-11-03,3726.2,0
19,9,2023-11-10,4185.25,0
19,9,2023-11-17,4337.4,0
19,9,2023-11-24,4951.29,1
19,9,2023-12-01,4293.34,0
19,9,2023-12-08,4058.63,0
19,9,2023-12-15,3642.12,0
19,9,2023-12-22,3105.02,0
19,9,2023-12-29,5317.05,1
19,9,2024-01-05,3860.79,0
19,9,2024-01-12,4557.16,0
19,9,2024-01-19,4101.5,0
19,9,2024-01-26,4461.66,0
19,9,2024-02-02,5388.91,0
19,9,2024-02-09,4644.09,1
19,9,2024-02-16,4628.81,0
19,9,2024-02-23,4706.14,0
19,9,2024-03-01,5065.47,0
19,9,2024-03-08,5083.77,0
19,9,2024-03-15,4534.35,0
19,9,2024-03-22,4819.9,0
19,9,2024-03-29,4763.0,0
19,9,2024-04-05,4958.22,0
19,9,2024-04-12,5853.52,0
19,9,2024-04-19,5387.64,0
19,9,2024-04-26,5120.22,0
19,9,2024-05-03,5678.35,0
19,9,2024-05-10,5245.12,0
19,9,2024-05-17,4485.71,0
19,9,2024-05-24,5834.71,0
19,9,2024-05-31,5064.53,0
19,9,2024-06-07,4180.25,0
19,9,2024-06-14,4417.92,0
19,9,2024-06-21,5478.78,0
19,9,2024-06-28,4348.34,0
19,9,2024-07-05,5459.8,0
19,9,2024-07-12,4904.38,0
19,9,2024-07-19,5089.58,0
19,9,2024-07-26,4656.62,0
19,9,2024-08-02,4889.29,0
19,9,2024-08-09,4748.42,0
19,9,2024-08-16,4556.19,0
19,9,2024-08-23,4126.7,0
19,9,2024-08-30,4582.68,0
19,9,2024-09-06,4267.18,1
19,9,2024-09-13,4422.8,0
19,9,2024-09-20,4471.55,0
19,9,2024-09-27,3379.85,0
19,9,2024-10-04,3862.58,0
19,9,2024-10-11,4051.38,0
19,9,2024-10-18,4434.03,0
19,9,2024-10-25,3883.58,0
19,9,2024-11-01,5058.25,0
19,9,2024-11-08,4122.78,0
19,9,2024-11-15,3885.77,0
19,9,2024-11-22,4192.17,0
19,9,2024-11-29,4772.25,1
19,9,2024-12-06,4681.92,0
19,9,2024-12-13,4560.13,0
19,9,2024-12-20,4618.53,0
19,9,2024-12-27,6383.1,1
19,9,2025-01-03,4172.45,0
19,9,2025-01-10,4894.48,0
19,9,2025-01-17,4280.89,0
19,9,2025-01-24,4597.39,0
19,10,2023-02-03,5116.09,0
19,10,2023-02-10,5155.53,1
19,10,2023-02-17,4538.98,0
19,10,2023-02-24,4961.2,0
19,10,2023-03-03,5443.94,0
19,10,2023-03-10,5256.07,0
19,10,2023-03-17,6097.34,0
19,10,2023-03-24,6241.82,0
19,10,2023-03-31,5197.92,0
19,10,2023-04-07,5784.69,0
19,10,2023-04-14,6530.64,0
19,10,2023-04-21,5765.17,0
19,10,2023-04-28,5659.54,0
19,10,2023-05-05,6266.7,0
19,10,2023-05-12,5738.54,0
19,10,2023-05-19,6458.15,0
19,10,2023-05-26,5569.83,0
19,10,2023-06-02,5604.16,0
19,10,2023-06-09,6160.59,0
19,10,2023-06-16,5801.88,0
19,10,2023-06-23,5759.3,0
19,10,2023-06-30,4793.49,0
19,10,2023-07-07,5441.8,0
19,10,2023-07-14,5920.87,0
19,10,2023-07-21,5129.39,0
19,10,2023-07-28,5707.43,0
19,10,2023-08-04,5449.51,0
19,10,2023-08-11,5181.43,0
19,10,2023-08-18,5761.37,0
19,10,2023-08-25,4990.76,0
19,10,2023-09-01,4957.2,0
19,10,2023-09-08,5358.0,1
19,10,2023-09-15,5257.04,0
19,10,2023-09-22,4327.17,0
19,10,2023-09-29,5201.54,0
19,10,2023-10-06,4856.52,0
19,10,2023-10-13,5017.87,0
19,10,2023-10-20,5704.62,0
19,10,2023-10-27,4585.3,0
19,10,2023-11-03,4314.42,0
19,10,2023-11-10,4868.91,0
19,10,2023-11-17,4951.27,0
19,10,2023-11-24,8355.5,1
19,10,2023-12-01,4560.85,0
19,10,2023-12-08,4328.2,0
19,10,2023-12-15,4443.32,0
19,10,2023-12-22,4884.25,0
19,10,2023-12-29,9049.22,1
19,10,2024-01-05,4493.82,0
19,10,2024-01-12,5419.34,0
19,10,2024-01-19,5050.1,0
19,10,2024-01-26,5544.87,0
19,10,2024-02-02,5290.4,0
19,10,2024-02-09,6089.05,1
19,10,2024-02-16,6180.36,0
19,10,2024-02-23,5742.6,0
19,10,2024-03-01,6553.18,0
19,10,2024-03-08,6315.91,0
19,10,2024-03-15,6697.06,0
19,10,2024-03-22,6070.33,0
19,10,2024-03-29,6618.03,0
19,10,2024-04-05,5819.17,0
19,10,2024-04-12,5807.86,0
19,10,2024-04-19,7369.2,0
19,10,2024-04-26,5751.11,0
19,10,2024-05-03,6091.58,0
19,10,2024-05-10,5356.53,0
19,10,2024-05-17,5882.39,0
19,10,2024-05-24,5792.96,0
19,10,2024-05-31,5932.27,0
19,10,2024-06-07,6383.96,0
19,10,2024-06-14,6460.09,0
19,10,2024-06-21,5647.46,0
19,10,2024-06-28,5701.06,0
19,10,2024-07-05,6545.06,0
19,10,2024-07-12,6768.12,0
19,10,2024-07-19,6475.76,0
19,10,2024-07-26,5045.48,0
19,10,2024-08-02,6281.42,0
19,10,2024-08-09,6499.67,0
19,10,2024-08-16,4828.03,0
19,10,2024-08-23,5991.29,0
19,10,2024-08-30,5542.99,0
19,10,2024-09-06,5905.46,1
19,10,2024-09-13,5510.49,0
19,10,2024-09-20,5757.54,0
19,10,2024-09-27,5687.04,0
19,10,2024-10-04,4562.71,0
19,10,2024-10-11,4892.69,0
19,10,2024-10-18,5180.72,0
19,10,2024-10-25,5779.53,0
19,10,2024-11-01,4014.93,0
19,10,2024-11-08,4895.84,0
19,10,2024-11-15,4537.58,0
19,10,2024-11-22,4631.68,0
19,10,2024-11-29,8749.25,1
19,10,2024-12-06,4305.76,0
19,10,2024-12-13,5285.81,0
19,10,2024-12-20,6303.94,0
19,10,2024-12-27,9240.88,1
19,10,2025-01-03,6275.09,0
19,10,2025-01-10,5638.82,0
19,10,2025-01-17,6637.44,0
19,10,2025-01-24,5534.07,0
20,1,2023-02-03,54467.82,0
20,1,2023-02-10,61232.61,1
20,1,2023-02-17,44379.97,0
20,1,2023-02-24,47029.75,0
20,1,2023-03-03,42128.2,0
20,1,2023-03-10,55036.91,0
20,1,2023-03-17,55197.58,0
20,1,2023-03-24,54105.0,0
20,1,2023-03-31,53752.69,0
20,1,2023-04-07,60681.86,0
20,1,2023-04-14,56425.73,0
20,1,2023-04-21,52949.57,0
20,1,2023-04-28,56274.8,0
20,1,2023-05-05,64876.29,0
20,1,2023-05-12,58560.14,0
20,1,2023-05-19,53996.6,0
20,1,2023-05-26,55403.59,0
20,1,2023-06-02,57438.25,0
20,1,2023-06-09,53234.43,0
20,1,2023-06-16,52491.32,0
20,1,2023-06-23,54237.37,0
20,1,2023-06-30,60328.25,0
20,1,2023-07-07,56613.16,0
20,1,2023-07-14,50928.85,0
20,1,2023-07-21,55647.75,0
20,1,2023-07-28,51419.15,0
20,1,2023-08-04,52122.83,0
20,1,2023-08-11,51078.74,0
20,1,2023-08-18,41068.62,0
20,1,2023-08-25,36884.95,0
20,1,2023-09-01,49045.7,0
20,1,2023-09-08,52365.52,1
20,1,2023-09-15,43995.69,0
20,1,2023-09-22,50084.58,0
20,1,2023-09-29,47566.79,0
20,1,2023-10-06,48759.21,0
20,1,2023-10-13,47339.16,0
20,1,2023-10-20,42179.65,0
20,1,2023-10-27,48279.92,0
20,1,2023-11-03,47606.26,0
20,1,2023-11-10,45156.6,0
20,1,2023-11-17,46000.43,0
20,1,2023-11-24,62914.33,1
20,1,2023-12-01,50489.77,0
20,1,2023-12-08,49023.39,0
20,1,2023-12-15,47443.34,0
20,1,2023-12-22,53920.56,0
20,1,2023-12-29,59322.1,1
20,1,2024-01-05,46719.81,0
20,1,2024-01-12,51616.16,0
20,1,2024-01-19,55796.73,0
20,1,2024-01-26,47721.83,0
20,1,2024-02-02,66545.57,0
20,1,2024-02-09,62337.71,1
20,1,2024-02-16,54302.21,0
20,1,2024-02-23,55300.47,0
20,1,2024-03-01,52330.75,0
20,1,2024-03-08,61441.64,0
20,1,2024-03-15,53377.0,0
20,1,2024-03-22,49718.61,0
20,1,2024-03-29,53221.46,0
20,1,2024-04-05,65765.7,0
20,1,2024-04-12,65285.02,0
20,1,2024-04-19,50079.7,0
20,1,2024-04-26,63779.5,0
20,1,2024-05-03,50495.27,0
20,1,2024-05-10,59914.44,0
20,1,2024-05-17,54190.91,0
20,1,2024-05-24,64100.79,0
20,1,2024-05-31,62242.25,0
20,1,2024-06-07,63919.43,0
20,1,2024-06-14,57481.51,0
20,1,2024-06-21,57503.71,0
20,1,2024-06-28,50919.19,0
20,1,2024-07-05,52543.54,0
20,1,2024-07-12,60920.73,0
20,1,2024-07-19,57591.7,0
20,1,2024-07-26,55708.12,0
20,1,2024-08-02,60038.6,0
20,1,2024-08-09,48218.43,0
20,1,2024-08-16,56168.39,0
20,1,2024-08-23,47477.21,0
20,1,2024-08-30,57888.51,0
20,1,2024-09-06,62045.02,1
20,1,2024-09-13,47757.38,0
20,1,2024-09-20,58846.9,0
20,1,2024-09-27,57617.23,0
20,1,2024-10-04,51025.56,0
20,1,2024-10-11,53677.03,0
20,1,2024-10-18,47709.68,0
20,1,2024-10-25,43857.19,0
20,1,2024-11-01,51934.8,0
20,1,2024-11-08,45340.17,0
20,1,2024-11-15,54300.93,0
20,1,2024-11-22,53599.74,0
20,1,2024-11-29,68098.7,1
20,1,2024-12-06,54318.61,0
20,1,2024-12-13,52018.77,0
20,1,2024-12-20,49873.44,0
20,1,2024-12-27,55266.53,1
20,1,2025-01-03,54566.7,0
20,1,2025-01-10,65690.43,0
20,1,2025-01-17,54254.0,0
20,1,2025-01-24,56890.21,0
20,2,2023-02-03,31168.23,0
20,2,2023-02-10,32469.55,1
20,2,2023-02-17,28918.9,0
20,2,2023-02-24,31615.83,0
20,2,2023-03-03,34399.93,0
20,2,2023-03-10,31821.03,0
20,2,2023-03-17,35181.37,0
20,2,2023-03-24,33712.17,0
20,2,2023-03-31,34863.66,0
20,2,2023-04-07,37195.07,0
20,2,2023-04-14,33668.64,0
20,2,2023-04-21,30471.82,0
20,2,2023-04-28,33870.42,0
20,2,2023-05-05,32395.09,0
20,2,2023-05-12,28807.09,0
20,2,2023-05-19,34383.69,0
20,2,2023-05-26,35147.3,0
20,2,2023-06-02,37276.03,0
20,2,2023-06-09,31154.08,0
20,2,2023-06-16,34290.37,0
20,2,2023-06-23,36826.69,0
20,2,2023-06-30,31931.38,0
20,2,2023-07-07,34550.77,0
20,2,2023-07-14,36950.05,0
20,2,2023-07-21,27550.97,0
20,2,2023-07-28,32669.6,0
20,2,2023-08-04,34498.15,0
20,2,2023-08-11,30276.31,0
20,2,2023-08-18,34154.8,0
20,2,2023-08-25,31889.63,0
20,2,2023-09-01,34216.67,0
20,2,2023-09-08,33101.93,1
20,2,2023-09-15,30005.27,0
20,2,2023-09-22,25842.11,0
20,2,2023-09-29,27320.96,0
20,2,2023-10-06,30902.79,0
20,2,2023-10-13,30696.17,0
20,2,2023-10-20,27623.48,0
20,2,2023-10-27,32366.34,0
20,2,2023-11-03,27494.49,0
20,2,2023-11-10,29412.31,0
20,2,2023-11-17,29478.15,0
20,2,2023-11-24,40781.51,1
20,2,2023-12-01,34404.06,0
20,2,2023-12-08,27030.86,0
20,2,2023-12-15,30991.09,0
20,2,2023-12-22,27128.9,0
20,2,2023-12-29,54399.97,1
20,2,2024-01-05,33063.26,0
20,2,2024-01-12,29045.75,0
20,2,2024-01-19,34933.85,0
20,2,2024-01-26,30858.18,0
20,2,2024-02-02,33081.95,0
20,2,2024-02-09,34361.32,1
20,2,2024-02-16,29411.24,0
20,2,2024-02-23,34841.12,0
20,2,2024-03-01,35738.36,0
20,2,2024-03-08,38434.56,0
20,2,2024-03-15,32911.26,0
20,2,2024-03-22,33680.23,0
20,2,2024-03-29,38300.75,0
20,2,2024-04-05,40824.27,0
20,2,2024-04-12,35177.26,0
20,2,2024-04-19,33453.43,0
20,2,2024-04-26,36315.4,0
20,2,2024-05-03,34312.68,0
20,2,2024-05-10,38550.41,0
20,2,2024-05-17,34100.75,0
20,2,2024-05-24,40129.54,0
20,2,2024-05-31,37713.79,0
20,2,2024-06-07,39844.44,0
20,2,2024-06-14,29529.93,0
20,2,2024-06-21,31225.49,0
20,2,2024-06-28,39724.0,0
20,2,2024-07-05,33580.16,0
20,2,2024-07-12,31099.52,0
20,2,2024-07-19,34247.51,0
20,2,2024-07-26,35042.37,0
20,2,2024-08-02,33502.4,0
20,2,2024-08-09,34739.18,0
20,2,2024-08-16,33924.42,0
20,2,2024-08-23,33349.39,0
20,2,2024-08-30,35685.8,0
20,2,2024-09-06,35197.96,1
20,2,2024-09-13,33504.88,0
20,2,2024-09-20,32552.17,0
20,2,2024-09-27,28676.36,0
20,2,2024-10-04,30466.31,0
20,2,2024-10-11,31598.99,0
20,2,2024-10-18,28992.58,0
20,2,2024-10-25,29060.89,0
20,2,2024-11-01,26998.95,0
20,2,2024-11-08,23428.46,0
20,2,2024-11-15,29666.54,0
20,2,2024-11-22,31084.76,0
20,2,2024-11-29,50579.63,1
20,2,2024-12-06,28696.95,0
20,2,2024-12-13,33983.67,0
20,2,2024-12-20,33144.2,0
20,2,2024-12-27,64181.77,1
20,2,2025-01-03,29169.13,0
20,2,2025-01-10,36315.82,0
20,2,2025-01-17,38639.08,0
20,2,2025-01-24,29662.94,0
20,3,2023-02-03,25088.17,0
20,3,2023-02-10,25918.32,1
20,3,2023-02-17,24207.59,0
20,3,2023-02-24,20152.39,0
20,3,2023-03-03,24749.82,0
20,3,2023-03-10,24492.0,0
20,3,2023-03-17,29180.79,0
20,3,2023-03-24,26098.47,0
20,3,2023-03-31,25664.23,0
20,3,2023-04-07,25504.7,0
20,3,2023-04-14,27646.16,0
20,3,2023-04-21,27211.65,0
20,3,2023-04-28,25473.45,0
20,3,2023-05-05,27828.84,0
20,3,2023-05-12,26056.19,0
20,3,2023-05-19,21597.53,0
20,3,2023-05-26,28635.62,0
20,3,2023-06-02,28318.78,0
20,3,2023-06-09,27363.38,0
20,3,2023-06-16,25805.98,0
20,3,2023-06-23,26387.09,0
20,3,2023-06-30,28021.53,0
20,3,2023-07-07,24714.69,0
20,3,2023-07-14,27512.23,0
20,3,2023-07-21,22435.88,0
20,3,2023-07-28,25458.98,0
20,3,2023-08-04,24849.74,0
20,3,2023-08-11,26438.51,0
20,3,2023-08-18,22380.21,0
20,3,2023-08-25,22301.36,0
20,3,2023-09-01,20923.59,0
20,3,2023-09-08,25105.0,1
20,3,2023-09-15,19711.67,0
20,3,2023-09-22,21991.45,0
20,3,2023-09-29,23712.39,0
20,3,2023-10-06,22266.86,0
20,3,2023-10-13,22468.41,0
20,3,2023-10-20,19575.49,0
20,3,2023-10-27,22045.08,0
20,3,2023-11-03,22283.4,0
20,3,2023-11-10,21994.11,0
20,3,2023-11-17,22657.36,0
20,3,2023-11-24,35135.4,1
20,3,2023-12-01,20818.77,0
20,3,2023-12-08,24717.95,0
20,3,2023-12-15,20914.6,0
20,3,2023-12-22,23781.1,0
20,3,2023-12-29,41895.63,1
20,3,2024-01-05,25143.89,0
20,3,2024-01-12,25021.93,0
20,3,2024-01-19,24666.31,0
20,3,2024-01-26,23496.12,0
20,3,2024-02-02,25207.01,0
20,3,2024-02-09,27340.06,1
20,3,2024-02-16,27369.55,0
20,3,2024-02-23,28635.94,0
20,3,2024-03-01,29980.81,0
20,3,2024-03-08,27323.8,0
20,3,2024-03-15,28438.69,0
20,3,2024-03-22,24012.09,0
20,3,2024-03-29,33744.69,0
20,3,2024-04-05,27865.66,0
20,3,2024-04-12,30527.26,0
20,3,2024-04-19,28199.77,0
20,3,2024-04-26,28250.1,0
20,3,2024-05-03,28782.04,0
20,3,2024-05-10,26431.37,0
20,3,2024-05-17,23507.95,0
20,3,2024-05-24,31967.48,0
20,3,2024-05-31,30408.66,0
20,3,2024-06-07,26855.34,0
20,3,2024-06-14,29822.42,0
20,3,2024-06-21,30431.78,0
20,3,2024-06-28,26718.25,0
20,3,2024-07-05,28918.3,0
20,3,2024-07-12,29912.52,0
20,3,2024-07-19,24204.92,0
20,3,2024-07-26,28162.22,0
20,3,2024-08-02,27437.51,0
20,3,2024-08-09,30267.96,0
20,3,2024-08-16,27121.29,0
20,3,2024-08-23,24786.27,0
20,3,2024-08-30,24711.12,0
20,3,2024-09-06,34011.74,1
20,3,2024-09-13,25896.5,0
20,3,2024-09-20,24026.66,0
20,3,2024-09-27,26386.26,0
20,3,2024-10-04,26296.86,0
20,3,2024-10-11,23943.34,0
20,3,2024-10-18,23124.2,0
20,3,2024-10-25,23040.82,0
20,3,2024-11-01,20572.2,0
20,3,2024-11-08,24118.41,0
20,3,2024-11-15,24183.06,0
20,3,2024-11-22,22598.98,0
20,3,2024-11-29,36436.95,1
20,3,2024-12-06,25263.02,0
20,3,2024-12-13,25670.45,0
20,3,2024-12-20,23202.35,0
20,3,2024-12-27,53795.65,1
20,3,2025-01-03,27709.7,0
20,3,2025-01-10,24262.13,0
20,3,2025-01-17,29188.8,0
20,3,2025-01-24,30437.32,0
20,4,2023-02-03,19709.54,0
20,4,2023-02-10,20481.1,1
20,4,2023-02-17,21412.86,0
20,4,2023-02-24,18772.68,0
20,4,2023-03-03,19934.08,0
20,4,2023-03-10,21325.57,0
20,4,2023-03-17,24721.16,0
20,4,2023-03-24,19447.86,0
20,4,2023-03-31,24559.21,0
20,4,2023-04-07,21556.35,0
20,4,2023-04-14,21984.36,0
20,4,2023-04-21,24322.91,0
20,4,2023-04-28,25845.72,0
20,4,2023-05-05,23052.37,0
20,4,2023-05-12,24392.6,0
20,4,2023-05-19,20652.68,0
20,4,2023-05-26,21298.51,0
20,4,2023-06-02,19757.07,0
20,4,2023-06-09,21127.18,0
20,4,2023-06-16,22878.58,0
20,4,2023-06-23,22083.15,0
20,4,2023-06-30,24489.36,0
20,4,2023-07-07,24798.43,0
20,4,2023-07-14,20831.57,0
20,4,2023-07-21,19680.55,0
20,4,2023-07-28,22460.99,0
20,4,2023-08-04,22341.87,0
20,4,2023-08-11,20732.07,0
20,4,2023-08-18,20879.6,0
20,4,2023-08-25,20367.7,0
20,4,2023-09-01,17744.75,0
20,4,2023-09-08,19994.54,1
20,4,2023-09-15,18534.24,0
20,4,2023-09-22,19067.26,0
20,4,2023-09-29,18303.03,0
20,4,2023-10-06,15866.48,0
20,4,2023-10-13,15185.56,0
20,4,2023-10-20,19284.76,0
20,4,2023-10-27,17218.32,0
20,4,2023-11-03,17852.34,0
20,4,2023-11-10,17420.09,0
20,4,2023-11-17,16976.24,0
20,4,2023-11-24,23231.92,1
20,4,2023-12-01,18223.52,0
20,4,2023-12-08,19713.92,0
20,4,2023-12-15,20141.31,0
20,4,2023-12-22,19701.08,0
20,4,2023-12-29,27087.25,1
20,4,2024-01-05,21923.46,0
20,4,2024-01-12,21393.64,0
20,4,2024-01-19,21950.09,0
20,4,2024-01-26,19162.5,0
20,4,2024-02-02,21494.73,0
20,4,2024-02-09,18246.16,1
20,4,2024-02-16,24150.21,0
20,4,2024-02-23,20939.82,0
20,4,2024-03-01,21482.46,0
20,4,2024-03-08,20165.99,0
20,4,2024-03-15,22849.8,0
20,4,2024-03-22,22668.59,0
20,4,2024-03-29,26798.2,0
20,4,2024-04-05,25200.7,0
20,4,2024-04-12,22761.8,0
20,4,2024-04-19,20682.89,0
20,4,2024-04-26,19576.56,0
20,4,2024-05-03,22033.32,0
20,4,2024-05-10,21460.23,0
20,4,2024-05-17,24663.93,0
20,4,2024-05-24,23657.13,0
20,4,2024-05-31,23872.13,0
20,4,2024-06-07,21909.83,0
20,4,2024-06-14,23835.22,0
20,4,2024-06-21,20704.68,0
20,4,2024-06-28,22980.01,0
20,4,2024-07-05,24427.13,0
20,4,2024-07-12,21987.43,0
20,4,2024-07-19,23173.43,0
20,4,2024-07-26,18603.89,0
20,4,2024-08-02,18223.3,0
20,4,2024-08-09,22089.93,0
20,4,2024-08-16,23022.86,0
20,4,2024-08-23,20569.3,0
20,4,2024-08-30,24260.89,0
20,4,2024-09-06,21548.16,1
20,4,2024-09-13,20465.83,0
20,4,2024-09-20,20784.86,0
20,4,2024-09-27,18941.81,0
20,4,2024-10-04,18058.87,0
20,4,2024-10-11,20599.44,0
20,4,2024-10-18,19764.63,0
20,4,2024-10-25,18985.88,0
20,4,2024-11-01,20309.91,0
20,4,2024-11-08,19362.24,0
20,4,2024-11-15,19439.91,0
20,4,2024-11-22,19502.19,0
20,4,2024-11-29,22795.3,1
20,4,2024-12-06,19287.22,0
20,4,2024-12-13,20412.53,0
20,4,2024-12-20,17530.14,0
20,4,2024-12-27,27971.38,1
20,4,2025-01-03,19398.23,0
20,4,2025-01-10,24314.26,0
20,4,2025-01-17,21942.52,0
20,4,2025-01-24,19845.93,0
20,5,2023-02-03,14655.75,0
20,5,2023-02-10,14660.58,1
20,5,2023-02-17,12456.25,0
20,5,2023-02-24,13281.58,0
20,5,2023-03-03,13321.11,0
20,5,2023-03-10,11892.76,0
20,5,2023-03-17,14549.62,0
20,5,2023-03-24,15306.5,0
20,5,2023-03-31,15236.9,0
20,5,2023-04-07,14634.78,0
20,5,2023-04-14,15804.46,0
20,5,2023-04-21,13433.47,0
20,5,2023-04-28,16989.41,0
20,5,2023-05-05,13947.2,0
20,5,2023-05-12,14089.0,0
20,5,2023-05-19,14178.77,0
20,5,2023-05-26,14058.24,0
20,5,2023-06-02,14541.65,0
20,5,2023-06-09,14418.73,0
20,5,2023-06-16,14743.87,0
20,5,2023-06-23,13528.27,0
20,5,2023-06-30,14535.5,0
20,5,2023-07-07,12959.81,0
20,5,2023-07-14,14863.82,0
20,5,2023-07-21,14674.08,0
20,5,2023-07-28,13696.03,0
20,5,2023-08-04,12823.48,0
20,5,2023-08-11,13682.42,0
20,5,2023-08-18,12240.36,0
20,5,2023-08-25,13042.98,0
20,5,2023-09-01,12689.94,0
20,5,2023-09-08,18134.0,1
20,5,2023-09-15,9878.32,0
20,5,2023-09-22,11801.67,0
20,5,2023-09-29,10639.07,0
20,5,2023-10-06,11534.41,0
20,5,2023-10-13,10917.59,0
20,5,2023-10-20,11261.83,0
20,5,2023-10-27,11088.93,0
20,5,2023-11-03,13060.95,0
20,5,2023-11-10,12108.82,0
20,5,2023-11-17,13259.75,0
20,5,2023-11-24,25623.78,1
20,5,2023-12-01,12086.59,0
20,5,2023-12-08,14102.98,0
20,5,2023-12-15,13125.86,0
20,5,2023-12-22,12010.51,0
20,5,2023-12-29,25591.36,1
20,5,2024-01-05,12964.37,0
20,5,2024-01-12,13483.77,0
20,5,2024-01-19,14410.25,0
20,5,2024-01-26,11472.25,0
20,5,2024-02-02,13640.25,0
20,5,2024-02-09,15035.71,1
20,5,2024-02-16,14764.98,0
20,5,2024-02-23,13368.59,0
20,5,2024-03-01,12077.13,0
20,5,2024-03-08,17149.32,0
20,5,2024-03-15,15048.88,0
20,5,2024-03-22,17314.43,0
20,5,2024-03-29,16583.52,0
20,5,2024-04-05,14721.86,0
20,5,2024-04-12,12659.09,0
20,5,2024-04-19,15321.08,0
20,5,2024-04-26,15920.78,0
20,5,2024-05-03,16579.65,0
20,5,2024-05-10,14589.07,0
20,5,2024-05-17,16224.29,0
20,5,2024-05-24,16183.21,0
20,5,2024-05-31,17146.29,0
20,5,2024-06-07,15418.52,0
20,5,2024-06-14,16255.28,0
20,5,2024-06-21,15932.02,0
20,5,2024-06-28,16509.75,0
20,5,2024-07-05,14268.86,0
20,5,2024-07-12,11390.2,0
20,5,2024-07-19,14636.73,0
20,5,2024-07-26,14460.31,0
20,5,2024-08-02,13195.39,0
20,5,2024-08-09,12619.54,0
20,5,2024-08-16,13511.19,0
20,5,2024-08-23,13850.82,0
20,5,2024-08-30,13910.18,0
20,5,2024-09-06,13375.37,1
20,5,2024-09-13,14711.93,0
20,5,2024-09-20,13157.58,0
20,5,2024-09-27,13244.08,0
20,5,2024-10-04,11750.92,0
20,5,2024-10-11,13079.12,0
20,5,2024-10-18,12645.63,0
20,5,2024-10-25,12372.04,0
20,5,2024-11-01,11497.67,0
20,5,2024-11-08,12143.77,0
20,5,2024-11-15,15174.15,0
20,5,2024-11-22,12819.05,0
20,5,2024-11-29,22495.81,1
20,5,2024-12-06,13087.5,0
20,5,2024-12-13,12882.9,0
20,5,2024-12-20,15223.89,0
20,5,2024-12-27,28673.55,1
20,5,2025-01-03,13690.99,0
20,5,2025-01-10,15588.66,0
20,5,2025-01-17,11268.82,0
20,5,2025-01-24,15180.75,0
20,6,2023-02-03,16973.39,0
20,6,2023-02-10,15541.97,1
20,6,2023-02-17,16998.73,0
20,6,2023-02-24,17727.17,0
20,6,2023-03-03,15581.77,0
20,6,2023-03-10,18692.8,0
20,6,2023-03-17,18148.24,0
20,6,2023-03-24,17702.11,0
20,6,2023-03-31,18247.1,0
20,6,2023-04-07,19277.93,0
20,6,2023-04-14,21774.84,0
20,6,2023-04-21,19370.6,0
20,6,2023-04-28,19742.15,0
20,6,2023-05-05,18869.42,0
20,6,2023-05-12,21423.36,0
20,6,2023-05-19,16399.53,0
20,6,2023-05-26,15957.75,0
20,6,2023-06-02,18687.72,0
20,6,2023-06-09,19333.21,0
20,6,2023-06-16,14483.65,0
20,6,2023-06-23,18090.54,0
20,6,2023-06-30,17671.49,0
20,6,2023-07-07,18804.58,0
20,6,2023-07-14,18153.3,0
20,6,2023-07-21,14834.64,0
20,6,2023-07-28,15648.03,0
20,6,2023-08-04,15816.86,0
20,6,2023-08-11,17674.16,0
20,6,2023-08-18,16963.65,0
20,6,2023-08-25,15451.42,0
20,6,2023-09-01,16243.13,0
20,6,2023-09-08,17404.68,1
20,6,2023-09-15,16418.79,0
20,6,2023-09-22,16522.67,0
20,6,2023-09-29,17112.16,0
20,6,2023-10-06,16552.47,0
20,6,2023-10-13,15266.16,0
20,6,2023-10-20,14950.82,0
20,6,2023-10-27,16713.62,0
20,6,2023-11-03,15190.62,0
20,6,2023-11-10,14284.51,0
20,6,2023-11-17,17662.76,0
20,6,2023-11-24,18937.5,1
20,6,2023-12-01,16712.13,0
20,6,2023-12-08,14719.74,0
20,6,2023-12-15,16361.95,0
20,6,2023-12-22,18339.84,0
20,6,2023-12-29,17092.35,1
20,6,2024-01-05,18427.15,0
20,6,2024-01-12,17638.66,0
20,6,2024-01-19,16747.19,0
20,6,2024-01-26,20565.25,0
20,6,2024-02-02,17409.06,0
20,6,2024-02-09,18387.17,1
20,6,2024-02-16,20484.7,0
20,6,2024-02-23,19806.81,0
20,6,2024-03-01,20593.51,0
20,6,2024-03-08,17511.18,0
20,6,2024-03-15,20973.26,0
20,6,2024-03-22,19566.69,0
20,6,2024-03-29,18327.08,0
20,6,2024-04-05,19998.77,0
20,6,2024-04-12,20083.75,0
20,6,2024-04-19,22858.59,0
20,6,2024-04-26,20569.31,0
20,6,2024-05-03,18753.89,0
20,6,2024-05-10,18395.57,0
20,6,2024-05-17,19919.8,0
20,6,2024-05-24,17797.24,0
20,6,2024-05-31,18729.01,0
20,6,2024-06-07,19372.13,0
20,6,2024-06-14,18961.68,0
20,6,2024-06-21,20597.84,0
20,6,2024-06-28,18147.85,0
20,6,2024-07-05,15316.33,0
20,6,2024-07-12,16329.18,0
20,6,2024-07-19,18622.71,0
20,6,2024-07-26,17551.15,0
20,6,2024-08-02,16379.13,0
20,6,2024-08-09,20749.18,0
20,6,2024-08-16,18876.6,0
20,6,2024-08-23,17392.44,0
20,6,2024-08-30,17578.06,0
20,6,2024-09-06,18003.7,1
20,6,2024-09-13,18256.55,0
20,6,2024-09-20,17837.69,0
20,6,2024-09-27,13939.01,0
20,6,2024-10-04,16740.25,0
20,6,2024-10-11,16795.36,0
20,6,2024-10-18,15877.36,0
20,6,2024-10-25,18999.95,0
20,6,2024-11-01,18864.87,0
20,6,2024-11-08,15820.47,0
20,6,2024-11-15,16091.04,0
20,6,2024-11-22,16035.95,0
20,6,2024-11-29,21813.14,1
20,6,2024-12-06,17458.65,0
20,6,2024-12-13,19629.28,0
20,6,2024-12-20,19310.87,0
20,6,2024-12-27,23606.45,1
20,6,2025-01-03,16209.09,0
20,6,2025-01-10,15265.31,0
20,6,2025-01-17,19776.01,0
20,6,2025-01-24,20914.75,0
20,7,2023-02-03,15861.44,0
20,7,2023-02-10,17600.0,1
20,7,2023-02-17,16616.46,0
20,7,2023-02-24,17353.56,0
20,7,2023-03-03,13735.84,0
20,7,2023-03-10,16794.62,0
20,7,2023-03-17,18893.6,0
20,7,2023-03-24,17432.46,0
20,7,2023-03-31,18170.04,0
20,7,2023-04-07,17078.85,0
20,7,2023-04-14,17291.69,0
20,7,2023-04-21,19172.23,0
20,7,2023-04-28,16376.71,0
20,7,2023-05-05,16277.9,0
20,7,2023-05-12,16690.95,0
20,7,2023-05-19,17372.36,0
20,7,2023-05-26,15070.08,0
20,7,2023-06-02,18238.67,0
20,7,2023-06-09,16913.98,0
20,7,2023-06-16,18187.31,0
20,7,2023-06-23,14026.0,0
20,7,2023-06-30,17883.08,0
20,7,2023-07-07,18336.43,0
20,7,2023-07-14,16955.93,0
20,7,2023-07-21,16226.15,0
20,7,2023-07-28,17092.6,0
20,7,2023-08-04,17386.1,0
20,7,2023-08-11,16226.72,0
20,7,2023-08-18,16106.97,0
20,7,2023-08-25,17186.39,0
20,7,2023-09-01,15899.55,0
20,7,2023-09-08,15592.08,1
20,7,2023-09-15,15660.11,0
20,7,2023-09-22,15978.83,0
20,7,2023-09-29,14244.33,0
20,7,2023-10-06,14325.46,0
20,7,2023-10-13,14334.09,0
20,7,2023-10-20,15261.5,0
20,7,2023-10-27,16120.44,0
20,7,2023-11-03,14175.52,0
20,7,2023-11-10,16146.23,0
20,7,2023-11-17,14431.75,0
20,7,2023-11-24,18463.08,1
20,7,2023-12-01,13881.06,0
20,7,2023-12-08,16835.84,0
20,7,2023-12-15,14063.43,0
20,7,2023-12-22,14161.72,0
20,7,2023-12-29,16336.33,1
20,7,2024-01-05,17223.32,0
20,7,2024-01-12,16077.14,0
20,7,2024-01-19,14610.6,0
20,7,2024-01-26,16105.29,0
20,7,2024-02-02,15976.92,0
20,7,2024-02-09,17329.39,1
20,7,2024-02-16,17573.76,0
20,7,2024-02-23,16311.42,0
20,7,2024-03-01,17788.3,0
20,7,2024-03-08,15108.48,0
20,7,2024-03-15,20218.14,0
20,7,2024-03-22,17453.6,0
20,7,2024-03-29,19457.0,0
20,7,2024-04-05,18616.72,0
20,7,2024-04-12,19058.35,0
20,7,2024-04-19,16879.98,0
20,7,2024-04-26,17496.22,0
20,7,2024-05-03,17567.78,0
20,7,2024-05-10,18718.62,0
20,7,2024-05-17,20642.53,0
20,7,2024-05-24,19261.09,0
20,7,2024-05-31,17206.02,0
20,7,2024-06-07,18569.74,0
20,7,2024-06-14,18197.59,0
20,7,2024-06-21,17658.16,0
20,7,2024-06-28,17978.3,0
20,7,2024-07-05,18904.05,0
20,7,2024-07-12,16601.74,0
20,7,2024-07-19,16924.36,0
20,7,2024-07-26,18538.4,0
20,7,2024-08-02,17602.17,0
20,7,2024-08-09,18455.99,0
20,7,2024-08-16,18420.64,0
20,7,2024-08-23,14534.03,0
20,7,2024-08-30,16477.05,0
20,7,2024-09-06,17909.68,1
20,7,2024-09-13,14747.6,0
20,7,2024-09-20,15211.9,0
20,7,2024-09-27,15090.3,0
20,7,2024-10-04,14601.17,0
20,7,2024-10-11,15247.69,0
20,7,2024-10-18,18187.51,0
20,7,2024-10-25,13089.6,0
20,7,2024-11-01,16572.36,0
20,7,2024-11-08,15203.21,0
20,7,2024-11-15,14755.23,0
20,7,2024-11-22,12901.58,0
20,7,2024-11-29,22776.02,1
20,7,2024-12-06,16696.93,0
20,7,2024-12-13,18041.81,0
20,7,2024-12-20,14389.44,0
20,7,2024-12-27,23779.99,1
20,7,2025-01-03,13729.67,0
20,7,2025-01-10,15131.43,0
20,7,2025-01-17,17252.06,0
20,7,2025-01-24,17836.25,0
20,8,2023-02-03,15163.34,0
20,8,2023-02-10,17680.62,1
20,8,2023-02-17,19090.49,0
20,8,2023-02-24,19630.69,0
20,8,2023-03-03,17827.48,0
20,8,2023-03-10,19336.02,0
20,8,2023-03-17,20530.59,0
20,8,2023-03-24,20419.84,0
20,8,2023-03-31,20678.04,0
20,8,2023-04-07,19638.78,0
20,8,2023-04-14,19447.47,0
20,8,2023-04-21,20129.53,0
20,8,2023-04-28,18567.56,0
20,8,2023-05-05,21583.9,0
20,8,2023-05-12,17405.83,0
20,8,2023-05-19,19017.44,0
20,8,2023-05-26,19712.07,0
20,8,2023-06-02,20432.42,0
20,8,2023-06-09,20618.0,0
20,8,2023-06-16,21774.37,0
20,8,2023-06-23,19421.94,0
20,8,2023-06-30,18027.19,0
20,8,2023-07-07,18711.54,0
20,8,2023-07-14,18243.03,0
20,8,2023-07-21,19269.24,0
20,8,2023-07-28,16710.32,0
20,8,2023-08-04,17782.26,0
20,8,2023-08-11,20110.86,0
20,8,2023-08-18,17820.79,0
20,8,2023-08-25,15881.86,0
20,8,2023-09-01,16662.36,0
20,8,2023-09-08,15153.04,1
20,8,2023-09-15,18951.12,0
20,8,2023-09-22,15007.27,0
20,8,2023-09-29,14526.75,0
20,8,2023-10-06,15475.13,0
20,8,2023-10-13,17440.12,0
20,8,2023-10-20,18394.51,0
20,8,2023-10-27,16741.67,0
20,8,2023-11-03,14505.65,0
20,8,2023-11-10,16179.2,0
20,8,2023-11-17,18609.5,0
20,8,2023-11-24,21392.77,1
20,8,2023-12-01,16832.46,0
20,8,2023-12-08,14614.25,0
20,8,2023-12-15,18212.18,0
20,8,2023-12-22,18246.08,0
20,8,2023-12-29,17177.38,1
20,8,2024-01-05,16207.44,0
20,8,2024-01-12,18909.43,0
20,8,2024-01-19,17035.32,0
20,8,2024-01-26,19007.33,0
20,8,2024-02-02,18440.24,0
20,8,2024-02-09,19117.67,1
20,8,2024-02-16,20069.16,0
20,8,2024-02-23,20016.85,0
20,8,2024-03-01,19835.69,0
20,8,2024-03-08,20653.65,0
20,8,2024-03-15,20723.62,0
20,8,2024-03-22,20246.36,0
20,8,2024-03-29,20072.02,0
20,8,2024-04-05,24112.98,0
20,8,2024-04-12,20354.17,0
20,8,2024-04-19,23532.15,0
20,8,2024-04-26,20124.16,0
20,8,2024-05-03,22719.88,0
20,8,2024-05-10,24395.99,0
20,8,2024-05-17,20752.77,0
20,8,2024-05-24,20139.35,0
20,8,2024-05-31,20462.66,0
20,8,2024-06-07,21042.66,0
20,8,2024-06-14,21471.27,0
20,8,2024-06-21,20697.14,0
20,8,2024-06-28,19880.8,0
20,8,2024-07-05,23544.32,0
20,8,2024-07-12,19810.13,0
20,8,2024-07-19,18905.75,0
20,8,2024-07-26,20948.5,0
20,8,2024-08-02,20702.28,0
20,8,2024-08-09,21296.73,0
20,8,2024-08-16,21795.41,0
20,8,2024-08-23,19155.39,0
20,8,2024-08-30,17981.94,0
20,8,2024-09-06,18356.64,1
20,8,2024-09-13,18290.39,0
20,8,2024-09-20,16130.7,0
20,8,2024-09-27,15422.47,0
20,8,2024-10-04,17630.93,0
20,8,2024-10-11,18529.02,0
20,8,2024-10-18,17040.5,0
20,8,2024-10-25,18599.89,0
20,8,2024-11-01,18216.82,0
20,8,2024-11-08,19000.47,0
20,8,2024-11-15,20513.8,0
20,8,2024-11-22,21260.8,0
20,8,2024-11-29,24636.33,1
20,8,2024-12-06,17985.4,0
20,8,2024-12-13,20375.86,0
20,8,2024-12-20,17016.22,0
20,8,2024-12-27,25327.43,1
20,8,2025-01-03,19191.42,0
20,8,2025-01-10,17901.07,0
20,8,2025-01-17,17380.87,0
20,8,2025-01-24,19309.83,0
20,9,2023-02-03,10781.92,0
20,9,2023-02-10,9363.1,1
20,9,2023-02-17,11374.28,0
20,9,2023-02-24,9756.77,0
20,9,2023-03-03,9484.22,0
20,9,2023-03-10,10721.14,0
20,9,2023-03-17,11213.75,0
20,9,2023-03-24,10914.65,0
20,9,2023-03-31,10988.24,0
20,9,2023-04-07,12351.26,0
20,9,2023-04-14,11106.24,0
20,9,2023-04-21,10664.59,0
20,9,2023-04-28,10115.69,0
20,9,2023-05-05,12285.03,0
20,9,2023-05-12,10776.79,0
20,9,2023-05-19,10854.44,0
20,9,2023-05-26,12056.06,0
20,9,2023-06-02,12897.33,0
20,9,2023-06-09,11239.58,0
20,9,2023-06-16,10824.45,0
20,9,2023-06-23,10852.4,0
20,9,2023-06-30,10366.17,0
20,9,2023-07-07,10345.65,0
20,9,2023-07-14,10235.51,0
20,9,2023-07-21,11164.28,0
20,9,2023-07-28,10204.29,0
20,9,2023-08-04,11248.11,0
20,9,2023-08-11,9919.46,0
20,9,2023-08-18,9591.85,0
20,9,2023-08-25,10752.56,0
20,9,2023-09-01,9651.08,0
20,9,2023-09-08,10609.44,1
20,9,2023-09-15,10523.6,0
20,9,2023-09-22,9555.37,0
20,9,2023-09-29,10173.09,0
20,9,2023-10-06,9012.37,0
20,9,2023-10-13,9932.93,0
20,9,2023-10-20,9278.36,0
20,9,2023-10-27,9733.1,0
20,9,2023-11-03,9798.4,0
20,9,2023-11-10,8430.23,0
20,9,2023-11-17,9209.7,0
20,9,2023-11-24,12645.85,1
20,9,2023-12-01,10220.99,0
20,9,2023-12-08,9459.2,0
20,9,2023-12-15,10655.91,0
20,9,2023-12-22,9102.12,0
20,9,2023-12-29,10185.83,1
20,9,2024-01-05,10828.92,0
20,9,2024-01-12,9163.66,0
20,9,2024-01-19,8996.16,0
20,9,2024-01-26,8933.19,0
20,9,2024-02-02,11145.41,0
20,9,2024-02-09,9454.49,1
20,9,2024-02-16,11335.02,0
20,9,2024-02-23,10730.18,0
20,9,2024-03-01,10485.65,0
20,9,2024-03-08,10416.88,0
20,9,2024-03-15,11647.25,0
20,9,2024-03-22,10884.04,0
20,9,2024-03-29,11689.29,0
20,9,2024-04-05,12168.53,0
20,9,2024-04-12,12451.36,0
20,9,2024-04-19,12823.82,0
20,9,2024-04-26,12134.09,0
20,9,2024-05-03,10993.77,0
20,9,2024-05-10,12456.48,0
20,9,2024-05-17,12627.19,0
20,9,2024-05-24,11793.51,0
20,9,2024-05-31,11645.01,0
20,9,2024-06-07,14202.3,0
20,9,2024-06-14,10556.41,0
20,9,2024-06-21,12140.78,0
20,9,2024-06-28,12540.1,0
20,9,2024-07-05,11140.19,0
20,9,2024-07-12,11172.12,0
20,9,2024-07-19,10830.2,0
20,9,2024-07-26,11049.59,0
20,9,2024-08-02,11691.32,0
20,9,2024-08-09,10592.51,0
20,9,2024-08-16,13264.93,0
20,9,2024-08-23,10104.73,0
20,9,2024-08-30,11494.58,0
20,9,2024-09-06,12647.7,1
20,9,2024-09-13,11310.17,0
20,9,2024-09-20,8737.53,0
20,9,2024-09-27,10272.92,0
20,9,2024-10-04,9300.05,0
20,9,2024-10-11,9470.54,0
20,9,2024-10-18,9400.26,0
20,9,2024-10-25,9009.36,0
20,9,2024-11-01,8474.24,0
20,9,2024-11-08,10092.31,0
20,9,2024-11-15,9778.05,0
20,9,2024-11-22,9652.97,0
20,9,2024-11-29,12563.88,1
20,9,2024-12-06,9852.09,0
20,9,2024-12-13,12664.85,0
20,9,2024-12-20,11147.72,0
20,9,2024-12-27,14475.8,1
20,9,2025-01-03,10814.32,0
20,9,2025-01-10,9698.54,0
20,9,2025-01-17,10645.61,0
20,9,2025-01-24,10590.6,0
20,10,2023-02-03,14793.74,0
20,10,2023-02-10,11452.99,1
20,10,2023-02-17,12082.91,0
20,10,2023-02-24,11044.3,0
20,10,2023-03-03,13216.21,0
20,10,2023-03-10,11918.08,0
20,10,2023-03-17,13954.74,0
20,10,2023-03-24,11262.15,0
20,10,2023-03-31,13140.7,0
20,10,2023-04-07,11404.39,0
20,10,2023-04-14,12943.35,0
20,10,2023-04-21,13233.0,0
20,10,2023-04-28,12944.38,0
20,10,2023-05-05,13081.3,0
20,10,2023-05-12,14695.42,0
20,10,2023-05-19,15994.16,0
20,10,2023-05-26,13960.39,0
20,10,2023-06-02,12607.08,0
20,10,2023-06-09,13535.54,0
20,10,2023-06-16,12997.37,0
20,10,2023-06-23,14214.23,0
20,10,2023-06-30,13451.76,0
20,10,2023-07-07,11372.37,0
20,10,2023-07-14,14001.48,0
20,10,2023-07-21,13702.32,0
20,10,2023-07-28,14062.78,0
20,10,2023-08-04,11887.04,0
20,10,2023-08-11,12532.27,0
20,10,2023-08-18,10933.23,0
20,10,2023-08-25,11874.24,0
20,10,2023-09-01,12149.44,0
20,10,2023-09-08,12520.64,1
20,10,2023-09-15,11666.22,0
20,10,2023-09-22,10989.41,0
20,10,2023-09-29,12567.6,0
20,10,2023-10-06,11015.28,0
20,10,2023-10-13,11285.7,0
20,10,2023-10-20,9822.64,0
20,10,2023-10-27,11572.99,0
20,10,2023-11-03,10692.09,0
20,10,2023-11-10,11996.31,0
20,10,2023-11-17,10017.93,0
20,10,2023-11-24,24402.77,1
20,10,2023-12-01,11913.21,0
20,10,2023-12-08,11304.85,0
20,10,2023-12-15,11965.61,0
20,10,2023-12-22,11178.4,0
20,10,2023-12-29,21674.13,1
20,10,2024-01-05,12265.26,0
20,10,2024-01-12,12831.67,0
20,10,2024-01-19,12763.41,0
20,10,2024-01-26,11712.19,0
20,10,2024-02-02,14756.05,0
20,10,2024-02-09,13416.95,1
20,10,2024-02-16,12610.27,0
20,10,2024-02-23,13925.24,0
20,10,2024-03-01,13937.46,0
20,10,2024-03-08,13643.22,0
20,10,2024-03-15,13676.38,0
20,10,2024-03-22,15272.25,0
20,10,2024-03-29,16268.22,0
20,10,2024-04-05,12062.82,0
20,10,2024-04-12,15935.43,0
20,10,2024-04-19,14606.76,0
20,10,2024-04-26,14914.82,0
20,10,2024-05-03,16255.35,0
20,10,2024-05-10,11560.4,0
20,10,2024-05-17,15619.26,0
20,10,2024-05-24,16127.44,0
20,10,2024-05-31,13765.77,0
20,10,2024-06-07,12873.49,0
20,10,2024-06-14,16278.95,0
20,10,2024-06-21,12269.17,0
20,10,2024-06-28,14616.93,0
20,10,2024-07-05,15143.66,0
20,10,2024-07-12,14280.57,0
20,10,2024-07-19,14293.91,0
20,10,2024-07-26,13218.5,0
20,10,2024-08-02,13823.62,0
20,10,2024-08-09,12409.4,0
20,10,2024-08-16,12380.85,0
20,10,2024-08-23,12850.79,0
20,10,2024-08-30,11095.53,0
20,10,2024-09-06,13956.65,1
20,10,2024-09-13,12727.27,0
20,10,2024-09-20,12694.51,0
20,10,2024-09-27,11370.95,0
20,10,2024-10-04,10867.45,0
20,10,2024-10-11,11601.79,0
20,10,2024-10-18,12562.58,0
20,10,2024-10-25,12261.41,0
20,10,2024-11-01,10874.01,0
20,10,2024-11-08,12064.11,0
20,10,2024-11-15,12266.03,0
20,10,2024-11-22,12301.12,0
20,10,2024-11-29,19493.05,1
20,10,2024-12-06,13207.46,0
20,10,2024-12-13,12976.89,0
20,10,2024-12-20,13013.69,0
20,10,2024-12-27,25076.68,1
20,10,2025-01-03,12085.84,0
20,10,2025-01-10,12274.3,0
20,10,2025-01-17,13552.84,0
20,10,2025-01-24,12016.84,0
